recall,precision,baseline
1.0,0.5758964879852125,0.5758964879852125
1.0,0.5759390712806862,0.5758964879852125
1.0,0.5759816608740664,0.5758964879852125
0.9998716138143535,0.5759503032095844,0.5758964879852125
0.9998716138143535,0.5759928999334368,0.5758964879852125
0.9997432276287072,0.5759615384615384,0.5758964879852125
0.9997432276287072,0.5760041423182188,0.5758964879852125
0.9996148414430607,0.5759727770380234,0.5758964879852125
0.9996148414430607,0.5760153880298883,0.5758964879852125
0.9996148414430607,0.5760580053270198,0.5758964879852125
0.9996148414430607,0.5761432588426817,0.5758964879852125
0.9996148414430607,0.5761858950640124,0.5758964879852125
0.9996148414430607,0.5762285375962107,0.5758964879852125
0.9996148414430607,0.576271186440678,0.5758964879852125
0.9996148414430607,0.5763138415988157,0.5758964879852125
0.9994864552574143,0.5762824783477681,0.5758964879852125
0.9994864552574143,0.5763251406573883,0.5758964879852125
0.9994864552574143,0.5763678092840749,0.5758964879852125
0.9993580690717678,0.5763364430623427,0.5758964879852125
0.9992296828861215,0.5763904317559061,0.5758964879852125
0.999101296700475,0.5764444444444444,0.5758964879852125
0.9989729105148286,0.576498481143958,0.5758964879852125
0.9989729105148286,0.5765839199703594,0.5758964879852125
0.9989729105148286,0.5766266488809841,0.5758964879852125
0.9988445243291821,0.5766807501297161,0.5758964879852125
0.9987161381435358,0.5766921195047817,0.5758964879852125
0.9984593657722429,0.5766721044045677,0.5758964879852125
0.9984593657722429,0.5767148683722655,0.5758964879852125
0.9984593657722429,0.5768004153378328,0.5758964879852125
0.9983309795865964,0.5768118092129664,0.5758964879852125
0.9979458210296572,0.5767176138893011,0.5758964879852125
0.9978174348440108,0.5766862061289605,0.5758964879852125
0.9976890486583644,0.5766547937073315,0.5758964879852125
0.9976890486583644,0.5766975881261596,0.5758964879852125
0.9976890486583644,0.5767831960216729,0.5758964879852125
0.9976890486583644,0.5768260095011877,0.5758964879852125
0.9974322762870715,0.5768059989605762,0.5758964879852125
0.9973038901014251,0.5767745767745768,0.5758964879852125
0.9971755039157787,0.5769145064250167,0.5758964879852125
0.9969187315444858,0.5769373653317482,0.5758964879852125
0.9967903453588394,0.5769487998811028,0.5758964879852125
0.996661959173193,0.5769173602853745,0.5758964879852125
0.9965335729875465,0.5769287944105842,0.5758964879852125
0.9964051868019002,0.5769402319357716,0.5758964879852125
0.9962768006162537,0.5769087800163557,0.5758964879852125
0.9962768006162537,0.576994572087144,0.5758964879852125
0.9961484144306073,0.5770060236483974,0.5758964879852125
0.9958916420593145,0.5769431015247304,0.5758964879852125
0.9958916420593145,0.5771147980061008,0.5758964879852125
0.9956348696880216,0.5770948057746689,0.5758964879852125
0.9956348696880216,0.5771807085442096,0.5758964879852125
0.9956348696880216,0.5772236695199107,0.5758964879852125
0.9955064835023751,0.5771921988983177,0.5758964879852125
0.9955064835023751,0.5772351671257351,0.5758964879852125
0.9953780973167288,0.5772036926742108,0.5758964879852125
0.9953780973167288,0.5772896500372301,0.5758964879852125
0.9952497111310823,0.5773011617515639,0.5758964879852125
0.9952497111310823,0.5773871592432593,0.5758964879852125
0.9952497111310823,0.5774301675977653,0.5758964879852125
0.9952497111310823,0.5774731823599524,0.5758964879852125
0.9951213249454359,0.5774847265683206,0.5758964879852125
0.9951213249454359,0.5775707898658718,0.5758964879852125
0.9951213249454359,0.5776138311349579,0.5758964879852125
0.9949929387597894,0.5775823520643911,0.5758964879852125
0.994864552574143,0.5775508683014087,0.5758964879852125
0.994864552574143,0.5775939177101967,0.5758964879852125
0.9946077802028501,0.577617059349836,0.5758964879852125
0.9944793940172038,0.5776717130285629,0.5758964879852125
0.9943510078315573,0.577640214797136,0.5758964879852125
0.9943510078315573,0.5776832997687775,0.5758964879852125
0.9943510078315573,0.577769488996643,0.5758964879852125
0.9942226216459109,0.5777810937849736,0.5758964879852125
0.9942226216459109,0.5778242053424862,0.5758964879852125
0.9940942354602644,0.5777927020371614,0.5758964879852125
0.9940942354602644,0.5778358208955224,0.5758964879852125
0.9940942354602644,0.5778789461900142,0.5758964879852125
0.9939658492746181,0.5778474399164054,0.5758964879852125
0.9935806907176787,0.5778391697155231,0.5758964879852125
0.9934523045320324,0.5778076463560334,0.5758964879852125
0.9934523045320324,0.577850795310283,0.5758964879852125
0.9934523045320324,0.5779371125550825,0.5758964879852125
0.9933239183463859,0.577991931869117,0.5758964879852125
0.9933239183463859,0.5780783024506874,0.5758964879852125
0.9931955321607395,0.5780899716036467,0.5758964879852125
0.993067145975093,0.5780584410731634,0.5758964879852125
0.993067145975093,0.578101644245142,0.5758964879852125
0.993067145975093,0.5781448538754765,0.5758964879852125
0.993067145975093,0.5781880699656152,0.5758964879852125
0.993067145975093,0.5782312925170068,0.5758964879852125
0.9929387597894467,0.5782429906542056,0.5758964879852125
0.9929387597894467,0.5782862270076268,0.5758964879852125
0.9928103736038002,0.5783411861491287,0.5758964879852125
0.9928103736038002,0.5783844427823486,0.5758964879852125
0.9928103736038002,0.5784709754637941,0.5758964879852125
0.9928103736038002,0.5785142515149249,0.5758964879852125
0.9928103736038002,0.578557534041598,0.5758964879852125
0.9928103736038002,0.5786008230452675,0.5758964879852125
0.9926819874181538,0.5785692906315475,0.5758964879852125
0.9925536012325074,0.5787109813608803,0.5758964879852125
0.992425215046861,0.5786794430303938,0.5758964879852125
0.9922968288612145,0.5786478999775398,0.5758964879852125
0.9921684426755681,0.5786163522012578,0.5758964879852125
0.9916548979329824,0.5785334431877762,0.5758964879852125
0.9916548979329824,0.5785767790262172,0.5758964879852125
0.9916548979329824,0.578620121357405,0.5758964879852125
0.9916548979329824,0.578663470182799,0.5758964879852125
0.991526511747336,0.5786752585044208,0.5758964879852125
0.9913981255616896,0.5786436867740727,0.5758964879852125
0.9913981255616896,0.5786870503597122,0.5758964879852125
0.9912697393760431,0.5786554747807839,0.5758964879852125
0.9911413531903968,0.5786238944685954,0.5758964879852125
0.9911413531903968,0.5786672663218649,0.5758964879852125
0.9911413531903968,0.578797420902684,0.5758964879852125
0.9910129670047503,0.5787658393941666,0.5758964879852125
0.9908845808191039,0.5787342531493701,0.5758964879852125
0.9908845808191039,0.5787776527934009,0.5758964879852125
0.9907561946334574,0.5787894697367434,0.5758964879852125
0.9906278084478111,0.5788012902257895,0.5758964879852125
0.9906278084478111,0.5788447111777945,0.5758964879852125
0.9906278084478111,0.5788881386450596,0.5758964879852125
0.9903710360765182,0.5789118198874297,0.5758964879852125
0.9903710360765182,0.5789552686880817,0.5758964879852125
0.9902426498908717,0.5789236658410268,0.5758964879852125
0.9901142637052254,0.5788920582495121,0.5758964879852125
0.9901142637052254,0.5789355153517003,0.5758964879852125
0.9901142637052254,0.578978978978979,0.5758964879852125
0.9899858775195789,0.5789473684210527,0.5758964879852125
0.9898574913339324,0.5789592250506871,0.5758964879852125
0.989729105148286,0.5789710852422081,0.5758964879852125
0.989729105148286,0.5790145711281358,0.5758964879852125
0.989729105148286,0.579058063546909,0.5758964879852125
0.9896007189626396,0.5790264423076923,0.5758964879852125
0.9896007189626396,0.5790699421531065,0.5758964879852125
0.9896007189626396,0.5791134485349362,0.5758964879852125
0.9894723327769932,0.5790818243294011,0.5758964879852125
0.9894723327769932,0.5791253381424707,0.5758964879852125
0.9894723327769932,0.5791688584955287,0.5758964879852125
0.9893439465913467,0.5791372313242147,0.5758964879852125
0.9892155604057004,0.5791055993987223,0.5758964879852125
0.9890871742200539,0.5790739627179795,0.5758964879852125
0.9890871742200539,0.5791174922949711,0.5758964879852125
0.9889587880344075,0.5790858517516163,0.5758964879852125
0.9889587880344075,0.5791293887677619,0.5758964879852125
0.988830401848761,0.5790977443609022,0.5758964879852125
0.988830401848761,0.5791848398255377,0.5758964879852125
0.988830401848761,0.5792283973828684,0.5758964879852125
0.9887020156631147,0.5791967509025271,0.5758964879852125
0.9885736294774682,0.5791650996615268,0.5758964879852125
0.988188470920529,0.5791136859529005,0.5758964879852125
0.988188470920529,0.5791572610985704,0.5758964879852125
0.9880600847348825,0.5791691751956652,0.5758964879852125
0.9880600847348825,0.5792127643561376,0.5758964879852125
0.9880600847348825,0.5792563600782779,0.5758964879852125
0.9880600847348825,0.579299962363568,0.5758964879852125
0.9879316985492361,0.5793119024316796,0.5758964879852125
0.9879316985492361,0.5793555187471766,0.5758964879852125
0.9879316985492361,0.5793991416309013,0.5758964879852125
0.9878033123635896,0.579367469879518,0.5758964879852125
0.9876749261779433,0.5793357933579336,0.5758964879852125
0.9875465399922968,0.57930411206507,0.5758964879852125
0.9874181538066504,0.5792724259998494,0.5758964879852125
0.9874181538066504,0.5793160590539319,0.5758964879852125
0.9871613814353576,0.5792526744010849,0.5758964879852125
0.9870329952497111,0.5793519216277317,0.5758964879852125
0.9870329952497111,0.5793955836913106,0.5758964879852125
0.9870329952497111,0.5794392523364486,0.5758964879852125
0.9869046090640647,0.579407552574056,0.5758964879852125
0.9869046090640647,0.57945122870496,0.5758964879852125
0.9869046090640647,0.5794949114210328,0.5758964879852125
0.9867762228784183,0.5794632086851629,0.5758964879852125
0.9867762228784183,0.579550595686925,0.5758964879852125
0.9867762228784183,0.5795942990724682,0.5758964879852125
0.9866478366927719,0.5795625942684767,0.5758964879852125
0.9866478366927719,0.579606305151218,0.5758964879852125
0.9866478366927719,0.5796500226278474,0.5758964879852125
0.9866478366927719,0.5796937466998566,0.5758964879852125
0.9866478366927719,0.5797374773687387,0.5758964879852125
0.9865194505071254,0.5797057714070162,0.5758964879852125
0.9865194505071254,0.579749509582013,0.5758964879852125
0.986391064321479,0.5797177997434543,0.5758964879852125
0.986391064321479,0.5797615454271053,0.5758964879852125
0.9862626781358326,0.5797298317108143,0.5758964879852125
0.9862626781358326,0.5797735849056603,0.5758964879852125
0.9861342919501862,0.5798293953347928,0.5758964879852125
0.9861342919501862,0.5799169497923745,0.5758964879852125
0.9861342919501862,0.5799607369374811,0.5758964879852125
0.9860059057645397,0.5799290191044325,0.5758964879852125
0.9860059057645397,0.5800166150592856,0.5758964879852125
0.9860059057645397,0.5800604229607251,0.5758964879852125
0.9860059057645397,0.5801042374801723,0.5758964879852125
0.9858775195788934,0.5800725185073274,0.5758964879852125
0.9857491333932469,0.580040794742011,0.5758964879852125
0.9857491333932469,0.5800846177092778,0.5758964879852125
0.9857491333932469,0.5801284472988288,0.5758964879852125
0.9857491333932469,0.5801722835121657,0.5758964879852125
0.9856207472076005,0.5801405576966674,0.5758964879852125
0.9856207472076005,0.5801844014510278,0.5758964879852125
0.985492361021954,0.5801526717557252,0.5758964879852125
0.9853639748363077,0.5801209372637944,0.5758964879852125
0.9852355886506612,0.5800891979741477,0.5758964879852125
0.9852355886506612,0.5801330511037194,0.5758964879852125
0.9851072024650148,0.5801013079307478,0.5758964879852125
0.9849788162793683,0.5800695599576592,0.5758964879852125
0.9849788162793683,0.5801134215500945,0.5758964879852125
0.9849788162793683,0.5801572897761645,0.5758964879852125
0.9849788162793683,0.5802011646373743,0.5758964879852125
0.9849788162793683,0.5802450461352292,0.5758964879852125
0.9847220439080755,0.5802254330887359,0.5758964879852125
0.984593657722429,0.5802375728228796,0.5758964879852125
0.984593657722429,0.5802814769975787,0.5758964879852125
0.9844652715367826,0.5802497162315551,0.5758964879852125
0.9844652715367826,0.5802936279703345,0.5758964879852125
0.9843368853511362,0.5802618633164308,0.5758964879852125
0.9843368853511362,0.5803497085761865,0.5758964879852125
0.9843368853511362,0.5803936411809235,0.5758964879852125
0.9842084991654898,0.5803618744795216,0.5758964879852125
0.9842084991654898,0.5804058146577832,0.5758964879852125
0.9842084991654898,0.5804497614901188,0.5758964879852125
0.9842084991654898,0.5804937149780403,0.5758964879852125
0.9842084991654898,0.5805376751230594,0.5758964879852125
0.9840801129798433,0.580505907300818,0.5758964879852125
0.9840801129798433,0.5805498750284026,0.5758964879852125
0.983951726794197,0.5805181033176792,0.5758964879852125
0.9838233406085505,0.5804863267934247,0.5758964879852125
0.9835665682372576,0.5804667373844522,0.5758964879852125
0.9835665682372576,0.5805107221338183,0.5758964879852125
0.9835665682372576,0.5805547135495605,0.5758964879852125
0.9835665682372576,0.5805987116331944,0.5758964879852125
0.9834381820516113,0.5805669243595574,0.5758964879852125
0.9834381820516113,0.5806109300386568,0.5758964879852125
0.9834381820516113,0.5806549423893269,0.5758964879852125
0.9834381820516113,0.5806989614130846,0.5758964879852125
0.9833097958659648,0.5806671721000758,0.5758964879852125
0.9833097958659648,0.5807111987262112,0.5758964879852125
0.9833097958659648,0.5807552320291174,0.5758964879852125
0.9831814096803184,0.5807234397512702,0.5758964879852125
0.9831814096803184,0.5807674806613075,0.5758964879852125
0.9831814096803184,0.5808555825242718,0.5758964879852125
0.9831814096803184,0.5808996434802397,0.5758964879852125
0.9830530234946719,0.5808678500986193,0.5758964879852125
0.9830530234946719,0.580911918670814,0.5758964879852125
0.9830530234946719,0.5809559939301973,0.5758964879852125
0.9830530234946719,0.5810000758782912,0.5758964879852125
0.9829246373090256,0.5809682804674458,0.5758964879852125
0.9829246373090256,0.5810123700387038,0.5758964879852125
0.9829246373090256,0.581056466302368,0.5758964879852125
0.9829246373090256,0.581100569259962,0.5758964879852125
0.9827962511233791,0.5810687718232883,0.5758964879852125
0.9826678649377327,0.5810369695589463,0.5758964879852125
0.9826678649377327,0.581081081081081,0.5758964879852125
0.9826678649377327,0.5811251993014958,0.5758964879852125
0.9826678649377327,0.581169324221716,0.5758964879852125
0.9825394787520862,0.5811375199331764,0.5758964879852125
0.9824110925664399,0.5811057108140948,0.5758964879852125
0.9822827063807934,0.5810738968633705,0.5758964879852125
0.9822827063807934,0.5811180312927237,0.5758964879852125
0.9822827063807934,0.5811621724268895,0.5758964879852125
0.9822827063807934,0.5812063202673959,0.5758964879852125
0.982154320195147,0.5811745042923345,0.5758964879852125
0.982154320195147,0.5812186597781492,0.5758964879852125
0.982154320195147,0.5812628219740141,0.5758964879852125
0.982154320195147,0.581306990881459,0.5758964879852125
0.982154320195147,0.5813511665020138,0.5758964879852125
0.9820259340095006,0.5813193494452045,0.5758964879852125
0.9820259340095006,0.581363532720225,0.5758964879852125
0.9818975478238542,0.5813317117664943,0.5758964879852125
0.9818975478238542,0.5813759026985937,0.5758964879852125
0.9817691616382077,0.5813440778470427,0.5758964879852125
0.9816407754525613,0.5813122481563141,0.5758964879852125
0.9816407754525613,0.5813564476885644,0.5758964879852125
0.9815123892669149,0.5813246140977872,0.5758964879852125
0.9815123892669149,0.5813688212927757,0.5758964879852125
0.9815123892669149,0.5814130352118032,0.5758964879852125
0.9813840030812685,0.5813811986613934,0.5758964879852125
0.9813840030812685,0.5814254202479653,0.5758964879852125
0.981255616895622,0.5814820450395618,0.5758964879852125
0.9811272307099757,0.5814502016282431,0.5758964879852125
0.9811272307099757,0.5814944452899102,0.5758964879852125
0.9809988445243292,0.5814625979758009,0.5758964879852125
0.9809988445243292,0.5815068493150685,0.5758964879852125
0.9808704583386828,0.5814749980972677,0.5758964879852125
0.9808704583386828,0.5815192571167606,0.5758964879852125
0.9807420721530363,0.5814874019943671,0.5758964879852125
0.98061368596739,0.5814555420219245,0.5758964879852125
0.98061368596739,0.5814998096688238,0.5758964879852125
0.98061368596739,0.5815440840566469,0.5758964879852125
0.9804852997817435,0.5815122211223636,0.5758964879852125
0.9803569135960971,0.581480353335364,0.5758964879852125
0.9802285274104506,0.5814484806945397,0.5758964879852125
0.9802285274104506,0.5814927646610815,0.5758964879852125
0.9802285274104506,0.5815370553736005,0.5758964879852125
0.9802285274104506,0.581581352833638,0.5758964879852125
0.9801001412248043,0.5815494781747543,0.5758964879852125
0.9801001412248043,0.5816824138982017,0.5758964879852125
0.9801001412248043,0.5817267393126572,0.5758964879852125
0.9799717550391578,0.5816948635878677,0.5758964879852125
0.9798433688535113,0.5816629830043442,0.5758964879852125
0.9797149826678649,0.5816310975609756,0.5758964879852125
0.9797149826678649,0.5816754325787027,0.5758964879852125
0.9795865964822185,0.5816435432230523,0.5758964879852125
0.9795865964822185,0.5816878859495311,0.5758964879852125
0.9795865964822185,0.5817322354376334,0.5758964879852125
0.9795865964822185,0.5817765916889058,0.5758964879852125
0.9795865964822185,0.5818209547048955,0.5758964879852125
0.9794582102965721,0.5817890642873484,0.5758964879852125
0.9793298241109256,0.5817571690054911,0.5758964879852125
0.9792014379252792,0.5817252688582106,0.5758964879852125
0.9790730517396328,0.5816933638443936,0.5758964879852125
0.9789446655539864,0.5816614539629262,0.5758964879852125
0.9788162793683399,0.5816295392126946,0.5758964879852125
0.9788162793683399,0.5816739147020676,0.5758964879852125
0.9786878931826936,0.5816419960323516,0.5758964879852125
0.9786878931826936,0.5816863792445631,0.5758964879852125
0.9786878931826936,0.5817307692307693,0.5758964879852125
0.9786878931826936,0.5817751659925208,0.5758964879852125
0.9786878931826936,0.5818195695313693,0.5758964879852125
0.9786878931826936,0.5818639798488665,0.5758964879852125
0.9786878931826936,0.5819083969465649,0.5758964879852125
0.9786878931826936,0.5819528208260173,0.5758964879852125
0.9786878931826936,0.5819972514887769,0.5758964879852125
0.9785595069970471,0.581965335573032,0.5758964879852125
0.9785595069970471,0.5820097739767868,0.5758964879852125
0.9784311208114007,0.5819778541428026,0.5758964879852125
0.9783027346257542,0.5819459294333282,0.5758964879852125
0.9783027346257542,0.5819903765370809,0.5758964879852125
0.9783027346257542,0.5820348304307974,0.5758964879852125
0.9781743484401079,0.5820029027576198,0.5758964879852125
0.9780459622544614,0.5819709702062643,0.5758964879852125
0.9780459622544614,0.5820154328061731,0.5758964879852125
0.9780459622544614,0.582059902200489,0.5758964879852125
0.977917576068815,0.5821169277799007,0.5758964879852125
0.977917576068815,0.5821614185264445,0.5758964879852125
0.977917576068815,0.5822059160742948,0.5758964879852125
0.977917576068815,0.5822504204250115,0.5758964879852125
0.9777891898831685,0.5822184848253191,0.5758964879852125
0.9777891898831685,0.582262996941896,0.5758964879852125
0.9777891898831685,0.5823075158651273,0.5758964879852125
0.9776608036975222,0.5822755773053984,0.5758964879852125
0.9776608036975222,0.5823201039993883,0.5758964879852125
0.9776608036975222,0.5823646375038238,0.5758964879852125
0.9775324175118757,0.5823326959847036,0.5758964879852125
0.9775324175118757,0.5823772372648004,0.5758964879852125
0.9775324175118757,0.5824217853591371,0.5758964879852125
0.9775324175118757,0.5824663402692778,0.5758964879852125
0.9774040313262293,0.5824343967561778,0.5758964879852125
0.9774040313262293,0.5824789594491201,0.5758964879852125
0.9774040313262293,0.582523528961665,0.5758964879852125
0.9772756451405828,0.5824915824915825,0.5758964879852125
0.9772756451405828,0.582536159791842,0.5758964879852125
0.9772756451405828,0.5825807439155058,0.5758964879852125
0.9772756451405828,0.5826253348641408,0.5758964879852125
0.9771472589549365,0.5825933864053888,0.5758964879852125
0.9771472589549365,0.5826379851488939,0.5758964879852125
0.97701887276929,0.5826060327668044,0.5758964879852125
0.97701887276929,0.5826506393078631,0.5758964879852125
0.97701887276929,0.5826952526799387,0.5758964879852125
0.97701887276929,0.5827398728846006,0.5758964879852125
0.9768904865836436,0.582707918517384,0.5758964879852125
0.9767621003979972,0.5826759592555717,0.5758964879852125
0.9767621003979972,0.5827205882352942,0.5758964879852125
0.9766337142123508,0.5826886250478743,0.5758964879852125
0.9765053280267043,0.5826566569633829,0.5758964879852125
0.9765053280267043,0.58270129472152,0.5758964879852125
0.9765053280267043,0.5827459393196445,0.5758964879852125
0.9765053280267043,0.5827905907593288,0.5758964879852125
0.9765053280267043,0.5828352490421456,0.5758964879852125
0.9765053280267043,0.5828799141696682,0.5758964879852125
0.9763769418410579,0.5828479460453709,0.5758964879852125
0.9762485556554115,0.5828159730206177,0.5758964879852125
0.9762485556554115,0.5828606469415913,0.5758964879852125
0.9761201694697651,0.5828286699885014,0.5758964879852125
0.9761201694697651,0.5828733517325974,0.5758964879852125
0.9761201694697651,0.5829180403281453,0.5758964879852125
0.9759917832841186,0.582886060420181,0.5758964879852125
0.9759917832841186,0.5829307568438004,0.5758964879852125
0.9759917832841186,0.5829754601226994,0.5758964879852125
0.9759917832841186,0.5830201702584554,0.5758964879852125
0.9759917832841186,0.5830648872526462,0.5758964879852125
0.9759917832841186,0.5831096111068498,0.5758964879852125
0.9758633970984723,0.5830776311752072,0.5758964879852125
0.9758633970984723,0.5831223628691983,0.5758964879852125
0.9757350109128258,0.5830903790087464,0.5758964879852125
0.9757350109128258,0.5831351185452314,0.5758964879852125
0.9757350109128258,0.5831798649478207,0.5758964879852125
0.9757350109128258,0.5832246182180953,0.5758964879852125
0.9757350109128258,0.5832693783576363,0.5758964879852125
0.9757350109128258,0.5833141453680252,0.5758964879852125
0.9756066247271794,0.5832821614983114,0.5758964879852125
0.9754782385415329,0.5832501727182007,0.5758964879852125
0.9754782385415329,0.5832949485644097,0.5758964879852125
0.9753498523558866,0.5832629558541267,0.5758964879852125
0.9752214661702401,0.5832309582309583,0.5758964879852125
0.9752214661702401,0.5832757429163787,0.5758964879852125
0.9752214661702401,0.5833205344801106,0.5758964879852125
0.9752214661702401,0.5833653329237386,0.5758964879852125
0.9752214661702401,0.5834101382488479,0.5758964879852125
0.9752214661702401,0.5834549504570243,0.5758964879852125
0.9752214661702401,0.583499769549854,0.5758964879852125
0.9750930799845936,0.5834677729123454,0.5758964879852125
0.9750930799845936,0.5835125998770744,0.5758964879852125
0.9750930799845936,0.5835574337303112,0.5758964879852125
0.9749646937989472,0.5835254341478407,0.5758964879852125
0.9749646937989472,0.5835702758779682,0.5758964879852125
0.9749646937989472,0.5836151245004612,0.5758964879852125
0.9748363076133008,0.5835831219737145,0.5758964879852125
0.9748363076133008,0.5836279784780938,0.5758964879852125
0.9747079214276544,0.5835959720193712,0.5758964879852125
0.9745795352420079,0.5835639606396064,0.5758964879852125
0.9745795352420079,0.5836088260167602,0.5758964879852125
0.9745795352420079,0.5836536982930955,0.5758964879852125
0.9743227628707151,0.5835896647185481,0.5758964879852125
0.9743227628707151,0.5836345458740291,0.5758964879852125
0.9741943766850687,0.5836025226888171,0.5758964879852125
0.9740659904994222,0.5835704945773402,0.5758964879852125
0.9740659904994222,0.5836153846153846,0.5758964879852125
0.9740659904994222,0.5836602815601201,0.5758964879852125
0.9739376043137759,0.5836282505000769,0.5758964879852125
0.9739376043137759,0.5836731553435408,0.5758964879852125
0.9739376043137759,0.5837180670975685,0.5758964879852125
0.9738092181281294,0.5836860330896498,0.5758964879852125
0.9738092181281294,0.5837309527474219,0.5758964879852125
0.973680831942483,0.583698914800277,0.5758964879852125
0.973680831942483,0.583743842364532,0.5758964879852125
0.973680831942483,0.5837887768455085,0.5758964879852125
0.9735524457568365,0.5837567359507313,0.5758964879852125
0.9734240595711902,0.5837246901224112,0.5758964879852125
0.9732956733855437,0.5836926393594087,0.5758964879852125
0.9731672871998973,0.5836605836605837,0.5758964879852125
0.9730389010142508,0.583628523024796,0.5758964879852125
0.9730389010142508,0.5836734693877551,0.5758964879852125
0.9729105148286045,0.583641404805915,0.5758964879852125
0.9729105148286045,0.5836863590849573,0.5758964879852125
0.972782128642958,0.5836542905561547,0.5758964879852125
0.972782128642958,0.5836992527540251,0.5758964879852125
0.972782128642958,0.5837442218798151,0.5758964879852125
0.972782128642958,0.583789197935126,0.5758964879852125
0.972782128642958,0.5838341809215596,0.5758964879852125
0.9726537424573116,0.5838021114279109,0.5758964879852125
0.9726537424573116,0.5838471023427867,0.5758964879852125
0.9725253562716651,0.5838150289017341,0.5758964879852125
0.9725253562716651,0.5838600277478033,0.5758964879852125
0.9723969700860188,0.5838279503584367,0.5758964879852125
0.9723969700860188,0.583872957138452,0.5758964879852125
0.9722685839003723,0.5838408757998612,0.5758964879852125
0.9722685839003723,0.5838858905165767,0.5758964879852125
0.9722685839003723,0.583930912175187,0.5758964879852125
0.9722685839003723,0.583975940777298,0.5758964879852125
0.9722685839003723,0.5840209763245161,0.5758964879852125
0.9722685839003723,0.5840660188184482,0.5758964879852125
0.9721401977147259,0.5840339375241034,0.5758964879852125
0.9720118115290795,0.584001851280469,0.5758964879852125
0.9720118115290795,0.5840469027231351,0.5758964879852125
0.9720118115290795,0.5840919611171116,0.5758964879852125
0.9720118115290795,0.5841370264640074,0.5758964879852125
0.9720118115290795,0.5841820987654321,0.5758964879852125
0.9720118115290795,0.5842271780229956,0.5758964879852125
0.9720118115290795,0.5842722642383084,0.5758964879852125
0.9720118115290795,0.5843173574129814,0.5758964879852125
0.9718834253434331,0.5842852732324791,0.5758964879852125
0.9717550391577866,0.5842531840988036,0.5758964879852125
0.9717550391577866,0.5842982862436313,0.5758964879852125
0.9717550391577866,0.584343395352428,0.5758964879852125
0.9717550391577866,0.5843885114268067,0.5758964879852125
0.9717550391577866,0.5844336344683808,0.5758964879852125
0.9717550391577866,0.5844787644787645,0.5758964879852125
0.9717550391577866,0.5845239014595721,0.5758964879852125
0.9717550391577866,0.5845690454124189,0.5758964879852125
0.9716266529721402,0.5845369583687341,0.5758964879852125
0.9716266529721402,0.5845821103043412,0.5758964879852125
0.9716266529721402,0.5846272692159135,0.5758964879852125
0.9714982667864938,0.5845951792336218,0.5758964879852125
0.9714982667864938,0.5846403461330449,0.5758964879852125
0.9714982667864938,0.5846855200123628,0.5758964879852125
0.9714982667864938,0.5847307008731937,0.5758964879852125
0.9714982667864938,0.5847758887171561,0.5758964879852125
0.9714982667864938,0.584821083545869,0.5758964879852125
0.9714982667864938,0.5848662853609522,0.5758964879852125
0.9714982667864938,0.5849114941640257,0.5758964879852125
0.9713698806008474,0.5848794063079777,0.5758964879852125
0.9712414944152009,0.5848473134905295,0.5758964879852125
0.9711131082295545,0.5848152157105304,0.5758964879852125
0.9709847220439081,0.584783112966829,0.5758964879852125
0.9709847220439081,0.5848283328178163,0.5758964879852125
0.9709847220439081,0.5848735596628257,0.5758964879852125
0.9709847220439081,0.5849187935034803,0.5758964879852125
0.9709847220439081,0.5849640343414031,0.5758964879852125
0.9709847220439081,0.5850092821782178,0.5758964879852125
0.9709847220439081,0.5850997988550208,0.5758964879852125
0.9708563358582617,0.5850676982591876,0.5758964879852125
0.9708563358582617,0.5851129681213246,0.5758964879852125
0.9708563358582617,0.5851582449895535,0.5758964879852125
0.9707279496726152,0.5851261414641696,0.5758964879852125
0.9707279496726152,0.5851714263601888,0.5758964879852125
0.9707279496726152,0.5852167182662539,0.5758964879852125
0.9707279496726152,0.5852620171839926,0.5758964879852125
0.9705995634869689,0.5852299117510451,0.5758964879852125
0.9705995634869689,0.5852752187040334,0.5758964879852125
0.9704711773013224,0.5852431093217715,0.5758964879852125
0.9704711773013224,0.5852884243128146,0.5758964879852125
0.9704711773013224,0.5853337463218212,0.5758964879852125
0.9704711773013224,0.5853790753504221,0.5758964879852125
0.9704711773013224,0.5854244114002478,0.5758964879852125
0.9704711773013224,0.58546975447293,0.5758964879852125
0.9704711773013224,0.5855151045701007,0.5758964879852125
0.9704711773013224,0.5855604616933922,0.5758964879852125
0.970342791115676,0.5855283545088318,0.5758964879852125
0.9702144049300295,0.5854962423491129,0.5758964879852125
0.9702144049300295,0.5855416085541608,0.5758964879852125
0.970086018744383,0.5855094924447889,0.5758964879852125
0.9699576325587367,0.5854773713577185,0.5758964879852125
0.9698292463730902,0.5854452452917926,0.5758964879852125
0.9698292463730902,0.5854906216090529,0.5758964879852125
0.9698292463730902,0.5855360049608558,0.5758964879852125
0.9698292463730902,0.5855813953488372,0.5758964879852125
0.9698292463730902,0.5856267927746337,0.5758964879852125
0.9698292463730902,0.5856721972398822,0.5758964879852125
0.9698292463730902,0.58571760874622,0.5758964879852125
0.9698292463730902,0.5857630272952854,0.5758964879852125
0.9697008601874438,0.58573090345095,0.5758964879852125
0.9697008601874438,0.5857763300760044,0.5758964879852125
0.9695724740017974,0.5857442022803071,0.5758964879852125
0.9695724740017974,0.5857896369841762,0.5758964879852125
0.969444087816151,0.5857575052362113,0.5758964879852125
0.969444087816151,0.5858029480217223,0.5758964879852125
0.969444087816151,0.5858483978586392,0.5758964879852125
0.969444087816151,0.5858938547486033,0.5758964879852125
0.969444087816151,0.5859393186932568,0.5758964879852125
0.9693157016305045,0.5859071860934347,0.5758964879852125
0.9693157016305045,0.5859526581296081,0.5758964879852125
0.9691873154448581,0.5859205215771499,0.5758964879852125
0.9690589292592117,0.585888380035706,0.5758964879852125
0.9690589292592117,0.5859338612016768,0.5758964879852125
0.9690589292592117,0.5859793494293921,0.5758964879852125
0.9690589292592117,0.5860248447204969,0.5758964879852125
0.9690589292592117,0.5860703470766364,0.5758964879852125
0.9689305430735653,0.5860382046901693,0.5758964879852125
0.9688021568879188,0.5860060573114856,0.5758964879852125
0.9688021568879188,0.5860515688101895,0.5758964879852125
0.9688021568879188,0.5860970873786407,0.5758964879852125
0.9688021568879188,0.5861426130184869,0.5758964879852125
0.9688021568879188,0.5861881457313758,0.5758964879852125
0.9686737707022725,0.5861559975139838,0.5758964879852125
0.968545384516626,0.5861238443011421,0.5758964879852125
0.968545384516626,0.5861693861693862,0.5758964879852125
0.9684169983309796,0.5861372289999223,0.5758964879852125
0.9684169983309796,0.5861827789866335,0.5758964879852125
0.9684169983309796,0.5862283360534701,0.5758964879852125
0.9684169983309796,0.586273900202083,0.5758964879852125
0.9684169983309796,0.5863194714341236,0.5758964879852125
0.9682886121453331,0.5862873134328358,0.5758964879852125
0.9682886121453331,0.586332892793283,0.5758964879852125
0.9682886121453331,0.5863784792411756,0.5758964879852125
0.9681602259596868,0.5863463183267242,0.5758964879852125
0.9681602259596868,0.5863919129082427,0.5758964879852125
0.9681602259596868,0.5864375145812272,0.5758964879852125
0.9680318397740403,0.5864053507543942,0.5758964879852125
0.9680318397740403,0.5864509605662285,0.5758964879852125
0.9680318397740403,0.5864965774735532,0.5758964879852125
0.9680318397740403,0.5865422014780242,0.5758964879852125
0.9680318397740403,0.5865878325812977,0.5758964879852125
0.9679034535883939,0.5865556679374465,0.5758964879852125
0.9679034535883939,0.5866013071895425,0.5758964879852125
0.9679034535883939,0.5866469535444713,0.5758964879852125
0.9679034535883939,0.586692607003891,0.5758964879852125
0.9677750674027474,0.5866604405012064,0.5758964879852125
0.9677750674027474,0.586706102117061,0.5758964879852125
0.9676466812171011,0.5866739316571963,0.5758964879852125
0.9676466812171011,0.5867196014323525,0.5758964879852125
0.9676466812171011,0.5867652783184119,0.5758964879852125
0.9676466812171011,0.5868109623170352,0.5758964879852125
0.9675182950314546,0.5867787900023359,0.5758964879852125
0.9673899088458082,0.5867466126771531,0.5758964879852125
0.9673899088458082,0.5867923058951795,0.5758964879852125
0.9673899088458082,0.5868380062305296,0.5758964879852125
0.9673899088458082,0.5868837136848665,0.5758964879852125
0.9672615226601617,0.5868515345069325,0.5758964879852125
0.9671331364745154,0.5868193503154943,0.5758964879852125
0.9671331364745154,0.5868650669990652,0.5758964879852125
0.9671331364745154,0.5869107908063887,0.5758964879852125
0.9670047502888689,0.5868786037088982,0.5758964879852125
0.9670047502888689,0.5869243356970311,0.5758964879852125
0.9670047502888689,0.5869700748129676,0.5758964879852125
0.9668763641032225,0.5869378848102252,0.5758964879852125
0.966747977917576,0.5869056897895557,0.5758964879852125
0.966747977917576,0.586951438147946,0.5758964879852125
0.966747977917576,0.5869971936389149,0.5758964879852125
0.9666195917319297,0.5869649957121696,0.5758964879852125
0.9666195917319297,0.5870107593949789,0.5758964879852125
0.9666195917319297,0.5870565302144249,0.5758964879852125
0.9666195917319297,0.5871023081721771,0.5758964879852125
0.9666195917319297,0.5871480932699057,0.5758964879852125
0.9664912055462832,0.5871158945562315,0.5758964879852125
0.9663628193606368,0.5870836908197489,0.5758964879852125
0.9663628193606368,0.5871294851794072,0.5758964879852125
0.9663628193606368,0.5871752866838287,0.5758964879852125
0.9662344331749904,0.5871430800436885,0.5758964879852125
0.9662344331749904,0.5871888897557931,0.5758964879852125
0.966106046989344,0.5871566791510612,0.5758964879852125
0.966106046989344,0.5872024970737417,0.5758964879852125
0.966106046989344,0.587248322147651,0.5758964879852125
0.9659776608036975,0.5872161086396629,0.5758964879852125
0.9659776608036975,0.5872619419294411,0.5758964879852125
0.9659776608036975,0.5873077823745219,0.5758964879852125
0.9659776608036975,0.5873536299765808,0.5758964879852125
0.9658492746180511,0.587321414630338,0.5758964879852125
0.9657208884324047,0.5872891942535915,0.5758964879852125
0.9657208884324047,0.5873350511439057,0.5758964879852125
0.9655925022467583,0.5873028267999375,0.5758964879852125
0.9655925022467583,0.5873486919172198,0.5758964879852125
0.9655925022467583,0.587394564198688,0.5758964879852125
0.9654641160611118,0.5873623369522768,0.5758964879852125
0.9653357298754655,0.5873301046711451,0.5758964879852125
0.9653357298754655,0.5873759862510741,0.5758964879852125
0.965207343689819,0.58734375,0.5758964879852125
0.965207343689819,0.5873896398156105,0.5758964879852125
0.9650789575041725,0.5873573995936865,0.5758964879852125
0.9650789575041725,0.5874032976478862,0.5758964879852125
0.9650789575041725,0.5874492028758987,0.5758964879852125
0.9650789575041725,0.587495115279406,0.5758964879852125
0.9649505713185261,0.5874628732218228,0.5758964879852125
0.9649505713185261,0.5875087938716486,0.5758964879852125
0.9648221851328797,0.5874765478424016,0.5758964879852125
0.9648221851328797,0.5875224767414589,0.5758964879852125
0.9648221851328797,0.5875684128225176,0.5758964879852125
0.9648221851328797,0.5876143560872625,0.5758964879852125
0.9646937989472333,0.5875821082264623,0.5758964879852125
0.9645654127615868,0.5875498553218113,0.5758964879852125
0.9645654127615868,0.587595807914907,0.5758964879852125
0.9645654127615868,0.5876417676965193,0.5758964879852125
0.9645654127615868,0.5876877346683355,0.5758964879852125
0.9644370265759404,0.5876554799342877,0.5758964879852125
0.964308640390294,0.5876232201533407,0.5758964879852125
0.964308640390294,0.5876691964635005,0.5758964879852125
0.9641802542046476,0.5876369327073553,0.5758964879852125
0.9641802542046476,0.5876829172861726,0.5758964879852125
0.9641802542046476,0.5877289090624511,0.5758964879852125
0.9640518680190011,0.5876966424043203,0.5758964879852125
0.9640518680190011,0.5877426424546024,0.5758964879852125
0.9639234818333547,0.5877103718199609,0.5758964879852125
0.9639234818333547,0.5877563801471739,0.5758964879852125
0.9637950956477083,0.5877241055351131,0.5758964879852125
0.9637950956477083,0.587770122142186,0.5758964879852125
0.9637950956477083,0.5878161459556809,0.5758964879852125
0.9636667094620619,0.5877838684416602,0.5758964879852125
0.9636667094620619,0.5878299005403712,0.5758964879852125
0.9636667094620619,0.587875939849624,0.5758964879852125
0.9636667094620619,0.587921986371113,0.5758964879852125
0.9635383232764154,0.5878897070343099,0.5758964879852125
0.9635383232764154,0.5879357618488054,0.5758964879852125
0.963409937090769,0.5879034785333751,0.5758964879852125
0.963409937090769,0.5879495416438142,0.5758964879852125
0.963409937090769,0.587995611973045,0.5758964879852125
0.963409937090769,0.5880416895227647,0.5758964879852125
0.963409937090769,0.5880877742946709,0.5758964879852125
0.963409937090769,0.5881338662904616,0.5758964879852125
0.963409937090769,0.5881799655118357,0.5758964879852125
0.963409937090769,0.5882260719604923,0.5758964879852125
0.9632815509051226,0.5881937911571026,0.5758964879852125
0.9632815509051226,0.5882399059192474,0.5758964879852125
0.9632815509051226,0.5882860279128117,0.5758964879852125
0.9631531647194762,0.588253744217047,0.5758964879852125
0.9630247785338297,0.5882214554579673,0.5758964879852125
0.9630247785338297,0.5882675868559328,0.5758964879852125
0.9628963923481834,0.5882352941176471,0.5758964879852125
0.9627680061625369,0.5882029963134363,0.5758964879852125
0.9627680061625369,0.5882491371195482,0.5758964879852125
0.9627680061625369,0.5882952851651368,0.5758964879852125
0.9627680061625369,0.5883414404519065,0.5758964879852125
0.9627680061625369,0.5883876029815613,0.5758964879852125
0.9627680061625369,0.5884337727558067,0.5758964879852125
0.9626396199768905,0.5884014753197834,0.5758964879852125
0.962511233791244,0.5883691728143149,0.5758964879852125
0.962511233791244,0.5884153520131857,0.5758964879852125
0.962511233791244,0.5884615384615385,0.5758964879852125
0.962511233791244,0.5885077321610801,0.5758964879852125
0.962511233791244,0.5885539331135186,0.5758964879852125
0.962511233791244,0.5886001413205622,0.5758964879852125
0.962511233791244,0.5886463567839196,0.5758964879852125
0.962511233791244,0.5886925795053004,0.5758964879852125
0.962511233791244,0.5887388094864143,0.5758964879852125
0.962511233791244,0.5887850467289719,0.5758964879852125
0.962511233791244,0.5888312912346843,0.5758964879852125
0.962511233791244,0.5888775430052627,0.5758964879852125
0.962511233791244,0.5889238020424195,0.5758964879852125
0.962511233791244,0.588970068347867,0.5758964879852125
0.962511233791244,0.5890163419233186,0.5758964879852125
0.962511233791244,0.5890626227704879,0.5758964879852125
0.9623828476055977,0.5890303316045891,0.5758964879852125
0.9622544614199512,0.5889980353634577,0.5758964879852125
0.9622544614199512,0.5890443256837472,0.5758964879852125
0.9622544614199512,0.5890906232806727,0.5758964879852125
0.9621260752343048,0.5890583241628675,0.5758964879852125
0.9619976890486583,0.5890260199669838,0.5758964879852125
0.9619976890486583,0.5890723270440251,0.5758964879852125
0.961869302863012,0.5890400188694079,0.5758964879852125
0.9617409166773655,0.5890077056140902,0.5758964879852125
0.9617409166773655,0.5890540221750413,0.5758964879852125
0.9616125304917191,0.5890217049386599,0.5758964879852125
0.9614841443060727,0.588989382618954,0.5758964879852125
0.9613557581204263,0.588957055214724,0.5758964879852125
0.9612273719347798,0.5889247227247699,0.5758964879852125
0.9612273719347798,0.5889710509754562,0.5758964879852125
0.9612273719347798,0.5890173865156164,0.5758964879852125
0.9612273719347798,0.5890637293469709,0.5758964879852125
0.9610989857491334,0.5890313950743568,0.5758964879852125
0.960970599563487,0.5889990557129368,0.5758964879852125
0.9608422133778406,0.5889667112615095,0.5758964879852125
0.9608422133778406,0.5890130646938454,0.5758964879852125
0.9608422133778406,0.5890594254230618,0.5758964879852125
0.9607138271921941,0.5890270780856424,0.5758964879852125
0.9607138271921941,0.5890734472171928,0.5758964879852125
0.9607138271921941,0.589119823649819,0.5758964879852125
0.9607138271921941,0.5891662073852453,0.5758964879852125
0.9607138271921941,0.5892125984251968,0.5758964879852125
0.9607138271921941,0.5892589967713994,0.5758964879852125
0.9605854410065477,0.5893194706994329,0.5758964879852125
0.9605854410065477,0.5893658920834974,0.5758964879852125
0.9605854410065477,0.5894123207814715,0.5758964879852125
0.9604570548209013,0.5893799732135823,0.5758964879852125
0.9603286686352549,0.589347620548377,0.5758964879852125
0.9603286686352549,0.5893940587818138,0.5758964879852125
0.9603286686352549,0.5894405043341213,0.5758964879852125
0.9603286686352549,0.5894869572070297,0.5758964879852125
0.9602002824496084,0.5894546027742749,0.5758964879852125
0.9600718962639619,0.5894222432411129,0.5758964879852125
0.9600718962639619,0.5894687056597825,0.5758964879852125
0.9600718962639619,0.5895151754040205,0.5758964879852125
0.9599435100783156,0.5894828129927467,0.5758964879852125
0.9599435100783156,0.5895292911771662,0.5758964879852125
0.9599435100783156,0.5897152772300654,0.5758964879852125
0.9598151238926691,0.5896829152863228,0.5758964879852125
0.9598151238926691,0.5897294312534511,0.5758964879852125
0.9598151238926691,0.589775954559798,0.5758964879852125
0.9598151238926691,0.5898224852071006,0.5758964879852125
0.9596867377070227,0.5897901215086003,0.5758964879852125
0.9596867377070227,0.5898366606170599,0.5758964879852125
0.9595583515213763,0.5898042929292929,0.5758964879852125
0.9594299653357299,0.5897719201325862,0.5758964879852125
0.9593015791500834,0.5897395422257301,0.5758964879852125
0.9593015791500834,0.5897860920356777,0.5758964879852125
0.9593015791500834,0.5898326491948216,0.5758964879852125
0.9593015791500834,0.5898792137049025,0.5758964879852125
0.9593015791500834,0.5899257855676615,0.5758964879852125
0.959173192964437,0.5898934070272405,0.5758964879852125
0.959173192964437,0.5899399873657613,0.5758964879852125
0.9590448067787906,0.589907604832978,0.5758964879852125
0.9590448067787906,0.5899541936502922,0.5758964879852125
0.9590448067787906,0.5900007898270279,0.5758964879852125
0.9589164205931442,0.5899684044233807,0.5758964879852125
0.9589164205931442,0.5900150090844458,0.5758964879852125
0.9589164205931442,0.5900616211091799,0.5758964879852125
0.9589164205931442,0.5901082404993284,0.5758964879852125
0.9589164205931442,0.5901548672566371,0.5758964879852125
0.9589164205931442,0.5902015013828527,0.5758964879852125
0.9589164205931442,0.5902481428797218,0.5758964879852125
0.9587880344074977,0.5902157591085118,0.5758964879852125
0.9587880344074977,0.5902624091052798,0.5758964879852125
0.9587880344074977,0.5903090664769584,0.5758964879852125
0.9587880344074977,0.5903557312252964,0.5758964879852125
0.9587880344074977,0.5904024033520436,0.5758964879852125
0.9587880344074977,0.59044908285895,0.5758964879852125
0.9587880344074977,0.5904957697477663,0.5758964879852125
0.9587880344074977,0.5906358747231889,0.5758964879852125
0.9587880344074977,0.590682591157162,0.5758964879852125
0.9587880344074977,0.5907293149818067,0.5758964879852125
0.9586596482218513,0.5906969385333439,0.5758964879852125
0.9585312620362049,0.5906645569620254,0.5758964879852125
0.9585312620362049,0.5907112904501939,0.5758964879852125
0.9585312620362049,0.5907580313340719,0.5758964879852125
0.958274489664912,0.5907400079145232,0.5758964879852125
0.9581461034792657,0.5907076143739116,0.5758964879852125
0.9581461034792657,0.5907543734663184,0.5758964879852125
0.9581461034792657,0.5908011399620012,0.5758964879852125
0.9580177172936192,0.5907687435674135,0.5758964879852125
0.9580177172936192,0.5908155186064925,0.5758964879852125
0.9578893311079728,0.5907831182199699,0.5758964879852125
0.9577609449223263,0.5907507127019322,0.5758964879852125
0.95763255873668,0.5907183020511602,0.5758964879852125
0.9575041725510335,0.5907326732673267,0.5758964879852125
0.9573757863653871,0.5907002534854245,0.5758964879852125
0.9572474001797406,0.5906678285669017,0.5758964879852125
0.9572474001797406,0.590714625257487,0.5758964879852125
0.9572474001797406,0.5907614293637589,0.5758964879852125
0.9571190139940943,0.590729001584786,0.5758964879852125
0.9569906278084478,0.5906965686662968,0.5758964879852125
0.9569906278084478,0.590743382469488,0.5758964879852125
0.9568622416228014,0.5907109455496552,0.5758964879852125
0.9568622416228014,0.5907577679137603,0.5758964879852125
0.9568622416228014,0.5908045977011495,0.5758964879852125
0.956733855437155,0.5907721579197717,0.5758964879852125
0.956733855437155,0.5908189962736858,0.5758964879852125
0.956733855437155,0.5908658420551856,0.5758964879852125
0.9566054692515086,0.5908333994132107,0.5758964879852125
0.9566054692515086,0.5908802537668517,0.5758964879852125
0.9564770830658621,0.5909415404140557,0.5758964879852125
0.9564770830658621,0.5909884182135491,0.5758964879852125
0.9563486968802157,0.5909559698532328,0.5758964879852125
0.9560919245089229,0.5908910576846782,0.5758964879852125
0.9560919245089229,0.590937946357721,0.5758964879852125
0.9560919245089229,0.5909848424728196,0.5758964879852125
0.9560919245089229,0.591031746031746,0.5758964879852125
0.9560919245089229,0.5910786570362727,0.5758964879852125
0.9560919245089229,0.5911255754881727,0.5758964879852125
0.9560919245089229,0.5911725013892196,0.5758964879852125
0.9560919245089229,0.5912194347411877,0.5758964879852125
0.9559635383232764,0.5911869789599047,0.5758964879852125
0.95583515213763,0.5911545180244561,0.5758964879852125
0.95583515213763,0.5912014611291988,0.5758964879852125
0.95583515213763,0.5912484116899619,0.5758964879852125
0.95583515213763,0.5912953697085219,0.5758964879852125
0.95583515213763,0.5913423351866561,0.5758964879852125
0.95583515213763,0.5913893081261419,0.5758964879852125
0.95583515213763,0.5914362885287575,0.5758964879852125
0.9557067659519836,0.5914038293477397,0.5758964879852125
0.9557067659519836,0.591450818369617,0.5758964879852125
0.9555783797663372,0.5914183551847437,0.5758964879852125
0.9555783797663372,0.5914653528289892,0.5758964879852125
0.9554499935806907,0.5914328856393547,0.5758964879852125
0.9553216073950443,0.5914004132888253,0.5758964879852125
0.9553216073950443,0.5914474207137748,0.5758964879852125
0.9553216073950443,0.5914944356120827,0.5758964879852125
0.9551932212093979,0.5914619604102075,0.5758964879852125
0.9551932212093979,0.5915089839402131,0.5758964879852125
0.9551932212093979,0.5915560149479208,0.5758964879852125
0.9550648350237514,0.5915235368956743,0.5758964879852125
0.9550648350237514,0.5915705765407555,0.5758964879852125
0.954936448838105,0.5915380944806744,0.5758964879852125
0.9548080626524585,0.5915056072536388,0.5758964879852125
0.9548080626524585,0.5915997136266009,0.5758964879852125
0.9546796764668122,0.5915672235481305,0.5758964879852125
0.9545512902811657,0.5915347282997852,0.5758964879852125
0.9545512902811657,0.5915817950350095,0.5758964879852125
0.9545512902811657,0.5916288692607623,0.5758964879852125
0.9545512902811657,0.5916759509788317,0.5758964879852125
0.9544229040955193,0.5917376422828942,0.5758964879852125
0.9544229040955193,0.5917847476516478,0.5758964879852125
0.9542945179098729,0.5917522490247592,0.5758964879852125
0.9542945179098729,0.5917993630573248,0.5758964879852125
0.9541661317242265,0.5917668604188232,0.5758964879852125
0.9541661317242265,0.591813983118331,0.5758964879852125
0.9541661317242265,0.591861113323246,0.5758964879852125
0.9541661317242265,0.5919082510353616,0.5758964879852125
0.9541661317242265,0.5919553962564715,0.5758964879852125
0.95403774553858,0.5919228931018002,0.5758964879852125
0.95403774553858,0.591970047000717,0.5758964879852125
0.9539093593529336,0.5919375398342893,0.5758964879852125
0.9537809731672872,0.5919050274878496,0.5758964879852125
0.9536525869816408,0.5918725099601594,0.5758964879852125
0.9536525869816408,0.591919674874492,0.5758964879852125
0.9535242007959943,0.5918871533312081,0.5758964879852125
0.9535242007959943,0.5919343269307404,0.5758964879852125
0.9535242007959943,0.5919815080503746,0.5758964879852125
0.953395814610348,0.5919489836588282,0.5758964879852125
0.953395814610348,0.5919961734693877,0.5758964879852125
0.953395814610348,0.5920433708044327,0.5758964879852125
0.953395814610348,0.5920905756657631,0.5758964879852125
0.9532674284247015,0.5920580495973208,0.5758964879852125
0.9531390422390551,0.5920727330728128,0.5758964879852125
0.9531390422390551,0.5921199553357792,0.5758964879852125
0.9531390422390551,0.5921671851320093,0.5758964879852125
0.9530106560534086,0.5921346522016592,0.5758964879852125
0.9530106560534086,0.5921818907060231,0.5758964879852125
0.9530106560534086,0.5922291367480453,0.5758964879852125
0.9528822698677623,0.5921966009734302,0.5758964879852125
0.9528822698677623,0.5922438557293329,0.5758964879852125
0.9528822698677623,0.5922911180272923,0.5758964879852125
0.9528822698677623,0.5923383878691141,0.5758964879852125
0.9527538836821158,0.5923058504270093,0.5758964879852125
0.9527538836821158,0.5923531289910601,0.5758964879852125
0.9526254974964694,0.5923205875309332,0.5758964879852125
0.9526254974964694,0.5923678748203737,0.5758964879852125
0.9526254974964694,0.5924151696606786,0.5758964879852125
0.9526254974964694,0.592462472053657,0.5758964879852125
0.9526254974964694,0.5925097820011179,0.5758964879852125
0.9524971113108229,0.5924772400574988,0.5758964879852125
0.9523687251251766,0.5924446929159013,0.5758964879852125
0.9522403389395301,0.5924121405750798,0.5758964879852125
0.9522403389395301,0.5924594616183402,0.5758964879852125
0.9522403389395301,0.5925067902220802,0.5758964879852125
0.9521119527538837,0.5924742350403451,0.5758964879852125
0.9519835665682372,0.5924416746564397,0.5758964879852125
0.9519835665682372,0.592489013184179,0.5758964879852125
0.9518551803825909,0.5924564487773694,0.5758964879852125
0.9518551803825909,0.5925037960521058,0.5758964879852125
0.9518551803825909,0.5925511508951407,0.5758964879852125
0.9518551803825909,0.5925985133082887,0.5758964879852125
0.9518551803825909,0.5926458832933653,0.5758964879852125
0.9517267941969444,0.5926133184107443,0.5758964879852125
0.9517267941969444,0.5926606971538215,0.5758964879852125
0.9517267941969444,0.592708083473255,0.5758964879852125
0.951598408011298,0.5926755157524388,0.5758964879852125
0.951598408011298,0.5927229108356658,0.5758964879852125
0.951598408011298,0.5927703134996801,0.5758964879852125
0.951598408011298,0.5928177237463009,0.5758964879852125
0.951598408011298,0.5928651415773476,0.5758964879852125
0.951598408011298,0.5929125669946405,0.5758964879852125
0.9514700218256515,0.59288,0.5758964879852125
0.9514700218256515,0.5929274341947356,0.5758964879852125
0.9513416356400052,0.5928948631781085,0.5758964879852125
0.9512132494543587,0.5928622869488678,0.5758964879852125
0.9510848632687123,0.5928297055057619,0.5758964879852125
0.9510848632687123,0.5928771508603441,0.5758964879852125
0.9509564770830659,0.5928445653913879,0.5758964879852125
0.9509564770830659,0.5928920195309373,0.5758964879852125
0.9508280908974195,0.5928594300352226,0.5758964879852125
0.9508280908974195,0.5929068929629333,0.5758964879852125
0.950699704711773,0.5928742994395516,0.5758964879852125
0.9505713185261266,0.592841700696613,0.5758964879852125
0.9504429323404802,0.5928090967328635,0.5758964879852125
0.9503145461548338,0.5927764875470489,0.5758964879852125
0.9503145461548338,0.592823962838379,0.5758964879852125
0.9503145461548338,0.5928714457348818,0.5758964879852125
0.9503145461548338,0.5929189362383851,0.5758964879852125
0.9501861599691873,0.5928863254025475,0.5758964879852125
0.9501861599691873,0.5929338247075789,0.5758964879852125
0.9501861599691873,0.5929813316240686,0.5758964879852125
0.9501861599691873,0.5930288461538461,0.5758964879852125
0.9501861599691873,0.5930763682987419,0.5758964879852125
0.9501861599691873,0.5931238980605866,0.5758964879852125
0.9500577737835408,0.5930912879698645,0.5758964879852125
0.9500577737835408,0.5931388265469701,0.5758964879852125
0.9500577737835408,0.593186372745491,0.5758964879852125
0.9499293875978945,0.5931537598204265,0.5758964879852125
0.9499293875978945,0.5932013148400546,0.5758964879852125
0.949801001412248,0.5931686978832585,0.5758964879852125
0.949801001412248,0.5932162617272071,0.5758964879852125
0.9496726152266016,0.5931836407377706,0.5758964879852125
0.9495442290409551,0.5931510145159997,0.5758964879852125
0.9495442290409551,0.5931985883862688,0.5758964879852125
0.9495442290409551,0.5932461698885056,0.5758964879852125
0.9494158428553088,0.5932135408310605,0.5758964879852125
0.9492874566696623,0.5931809065383072,0.5758964879852125
0.9492874566696623,0.5932284980744544,0.5758964879852125
0.9492874566696623,0.5932760972478537,0.5758964879852125
0.9492874566696623,0.5933237040603434,0.5758964879852125
0.9492874566696623,0.5933713185137629,0.5758964879852125
0.9492874566696623,0.5934189406099518,0.5758964879852125
0.9491590704840159,0.5933863070872462,0.5758964879852125
0.9491590704840159,0.5934339380317868,0.5758964879852125
0.9490306842983695,0.5934013004736293,0.5758964879852125
0.9489022981127231,0.593368657675016,0.5758964879852125
0.9489022981127231,0.5934162986752308,0.5758964879852125
0.9489022981127231,0.5934639473261603,0.5758964879852125
0.9489022981127231,0.5935116036296475,0.5758964879852125
0.9489022981127231,0.5935592675875362,0.5758964879852125
0.9489022981127231,0.5936069392016705,0.5758964879852125
0.9489022981127231,0.5936546184738956,0.5758964879852125
0.9487739119270766,0.593621977668889,0.5758964879852125
0.9487739119270766,0.5936696658097687,0.5758964879852125
0.9487739119270766,0.5937173616132402,0.5758964879852125
0.9486455257414302,0.5936847179816809,0.5758964879852125
0.9486455257414302,0.5937324226597027,0.5758964879852125
0.9486455257414302,0.5937801350048216,0.5758964879852125
0.9485171395557838,0.5937474885477778,0.5758964879852125
0.9482603671844909,0.5936821798890765,0.5758964879852125
0.9481319809988445,0.5936495176848875,0.5758964879852125
0.9481319809988445,0.5936972425436128,0.5758964879852125
0.9481319809988445,0.5937449750763788,0.5758964879852125
0.9481319809988445,0.5937927152850366,0.5758964879852125
0.9481319809988445,0.5938404631714378,0.5758964879852125
0.9481319809988445,0.5938882187374347,0.5758964879852125
0.9480035948131981,0.5938555573427698,0.5758964879852125
0.9478752086275517,0.5938228906941205,0.5758964879852125
0.9477468224419052,0.5937902187902188,0.5758964879852125
0.9476184362562589,0.5937575416297964,0.5758964879852125
0.9476184362562589,0.5938053097345133,0.5758964879852125
0.9476184362562589,0.5938530855257864,0.5758964879852125
0.9476184362562589,0.5939008690054716,0.5758964879852125
0.9476184362562589,0.5939486601754245,0.5758964879852125
0.9476184362562589,0.593996459037502,0.5758964879852125
0.9476184362562589,0.5940442655935614,0.5758964879852125
0.9476184362562589,0.5940920798454604,0.5758964879852125
0.9476184362562589,0.5941399017950576,0.5758964879852125
0.9476184362562589,0.5941877314442119,0.5758964879852125
0.9476184362562589,0.5942834138486313,0.5758964879852125
0.9476184362562589,0.5943312666076174,0.5758964879852125
0.9476184362562589,0.5943791270736029,0.5758964879852125
0.9476184362562589,0.5944269952484497,0.5758964879852125
0.9476184362562589,0.5944748711340206,0.5758964879852125
0.9476184362562589,0.5945227547321789,0.5758964879852125
0.9476184362562589,0.5945706460447882,0.5758964879852125
0.9476184362562589,0.594618545073713,0.5758964879852125
0.9476184362562589,0.5946664518208186,0.5758964879852125
0.9476184362562589,0.5947143662879704,0.5758964879852125
0.9476184362562589,0.5947622884770346,0.5758964879852125
0.9476184362562589,0.5948102183898784,0.5758964879852125
0.9476184362562589,0.5948581560283688,0.5758964879852125
0.9476184362562589,0.5949061013943742,0.5758964879852125
0.9476184362562589,0.594954054489763,0.5758964879852125
0.9474900500706124,0.5949214026602176,0.5758964879852125
0.9474900500706124,0.5949693647210578,0.5758964879852125
0.9474900500706124,0.5950173345158429,0.5758964879852125
0.947361663884966,0.5949846798903403,0.5758964879852125
0.947361663884966,0.59503265865656,0.5758964879852125
0.947361663884966,0.5950806451612903,0.5758964879852125
0.9472332776993195,0.5950479877409468,0.5758964879852125
0.9471048915136732,0.5950153250524278,0.5758964879852125
0.9471048915136732,0.5950633217713963,0.5758964879852125
0.9471048915136732,0.5951113262342691,0.5758964879852125
0.9471048915136732,0.5952073583992255,0.5758964879852125
0.9469765053280267,0.5951746953925603,0.5758964879852125
0.9468481191423803,0.5951420271142672,0.5758964879852125
0.9467197329567338,0.5951093535630699,0.5758964879852125
0.9467197329567338,0.5951573849878935,0.5758964879852125
0.9465913467710875,0.5951247074017273,0.5758964879852125
0.9465913467710875,0.5951727478204715,0.5758964879852125
0.9465913467710875,0.595220795995802,0.5758964879852125
0.9465913467710875,0.5952688519295979,0.5758964879852125
0.946462960585441,0.5952842377260982,0.5758964879852125
0.9463345743997946,0.5952515545505935,0.5758964879852125
0.9462061882141481,0.5952188660959458,0.5758964879852125
0.9462061882141481,0.5952669412809951,0.5758964879852125
0.9462061882141481,0.5953150242326333,0.5758964879852125
0.9462061882141481,0.5953631149527425,0.5758964879852125
0.9460778020285018,0.5953304249474874,0.5758964879852125
0.9459494158428553,0.5953458306399483,0.5758964879852125
0.9458210296572089,0.5953612413124293,0.5758964879852125
0.9456926434715625,0.5953285379455265,0.5758964879852125
0.9456926434715625,0.5953766569673457,0.5758964879852125
0.9454358711002696,0.5954075032341527,0.5758964879852125
0.9454358711002696,0.5954556480957387,0.5758964879852125
0.9454358711002696,0.5955038007439755,0.5758964879852125
0.9453074849146232,0.5954710877476749,0.5758964879852125
0.9451790987289768,0.5954383694597217,0.5758964879852125
0.9450507125433303,0.595405645878832,0.5758964879852125
0.9450507125433303,0.5954538100630966,0.5758964879852125
0.9450507125433303,0.595501982040288,0.5758964879852125
0.9450507125433303,0.5955501618122977,0.5758964879852125
0.9450507125433303,0.5955983493810179,0.5758964879852125
0.9450507125433303,0.5956465447483411,0.5758964879852125
0.9449223263576839,0.5956138221251113,0.5758964879852125
0.9449223263576839,0.5956620265458077,0.5758964879852125
0.9447939401720374,0.5956292998785917,0.5758964879852125
0.9447939401720374,0.5956775133559981,0.5758964879852125
0.9447939401720374,0.5957257346393589,0.5758964879852125
0.9446655539863911,0.5956930051813472,0.5758964879852125
0.9446655539863911,0.5957412355274877,0.5758964879852125
0.9446655539863911,0.5957894736842105,0.5758964879852125
0.9446655539863911,0.5958377196534133,0.5758964879852125
0.9445371678007446,0.5958049886621315,0.5758964879852125
0.9445371678007446,0.5958532437029238,0.5758964879852125
0.9444087816150982,0.595868772782503,0.5758964879852125
0.9444087816150982,0.5959170447180817,0.5758964879852125
0.9444087816150982,0.5959653244754112,0.5758964879852125
0.9442803954294517,0.5959325879111975,0.5758964879852125
0.9441520092438054,0.5958998460416498,0.5758964879852125
0.9441520092438054,0.5959481361426257,0.5758964879852125
0.9441520092438054,0.5959964340708324,0.5758964879852125
0.9440236230581589,0.595963689414816,0.5758964879852125
0.9438952368725125,0.5959309394504336,0.5758964879852125
0.9438952368725125,0.5959792477302205,0.5758964879852125
0.943766850686866,0.5959464937170652,0.5758964879852125
0.9436384645012197,0.5959137343927355,0.5758964879852125
0.9436384645012197,0.5959620530284603,0.5758964879852125
0.9436384645012197,0.5960103795004865,0.5758964879852125
0.9435100783155732,0.5959776173870732,0.5758964879852125
0.9435100783155732,0.5960259529602595,0.5758964879852125
0.9435100783155732,0.5960742963744018,0.5758964879852125
0.9435100783155732,0.5961226476314082,0.5758964879852125
0.9435100783155732,0.5961710067331873,0.5758964879852125
0.9433816921299268,0.5961382443615123,0.5758964879852125
0.9433816921299268,0.5961866125760649,0.5758964879852125
0.9432533059442804,0.5961538461538461,0.5758964879852125
0.943124919758634,0.596121074413698,0.5758964879852125
0.943124919758634,0.5961694530108749,0.5758964879852125
0.943124919758634,0.5962178394610828,0.5758964879852125
0.943124919758634,0.5962662337662338,0.5758964879852125
0.943124919758634,0.596314635928241,0.5758964879852125
0.943124919758634,0.5963630459490177,0.5758964879852125
0.9429965335729875,0.5963786943812927,0.5758964879852125
0.9428681473873411,0.5963459196102314,0.5758964879852125
0.9427397612016947,0.5963131395159981,0.5758964879852125
0.9427397612016947,0.5964100064977258,0.5758964879852125
0.9427397612016947,0.5964584517910811,0.5758964879852125
0.9426113750160483,0.59642567018684,0.5758964879852125
0.9426113750160483,0.5964741246242586,0.5758964879852125
0.9424829888304018,0.5964413389665258,0.5758964879852125
0.9424829888304018,0.5964898025513935,0.5758964879852125
0.9424829888304018,0.5965382740126768,0.5758964879852125
0.9424829888304018,0.5965867533522958,0.5758964879852125
0.9424829888304018,0.5966352405721717,0.5758964879852125
0.9424829888304018,0.5966837356742258,0.5758964879852125
0.9424829888304018,0.5967322386603804,0.5758964879852125
0.9424829888304018,0.5967807495325583,0.5758964879852125
0.9424829888304018,0.5968292682926829,0.5758964879852125
0.9423546026447555,0.5967964875193105,0.5758964879852125
0.942226216459109,0.5967637014148642,0.5758964879852125
0.942226216459109,0.5968122306253558,0.5758964879852125
0.942226216459109,0.5968607677293428,0.5758964879852125
0.9419694440878161,0.5967951846429153,0.5758964879852125
0.9419694440878161,0.59684373220532,0.5758964879852125
0.9418410579021698,0.5968109339407744,0.5758964879852125
0.9418410579021698,0.5968594906842405,0.5758964879852125
0.9418410579021698,0.5969080553295362,0.5758964879852125
0.9417126717165233,0.596923828125,0.5758964879852125
0.9417126717165233,0.596972409864084,0.5758964879852125
0.9417126717165233,0.5970209995116392,0.5758964879852125
0.9417126717165233,0.5970695970695971,0.5758964879852125
0.9415842855308769,0.5970367958319766,0.5758964879852125
0.9414558993452304,0.5970039892534397,0.5758964879852125
0.9413275131595841,0.596971177332682,0.5758964879852125
0.9413275131595841,0.5970197866623239,0.5758964879852125
0.9413275131595841,0.5970684039087948,0.5758964879852125
0.9413275131595841,0.5971170290740289,0.5758964879852125
0.9413275131595841,0.5972143031685265,0.5758964879852125
0.9411991269739376,0.5971814923427826,0.5758964879852125
0.9410707407882912,0.5971486761710795,0.5758964879852125
0.9410707407882912,0.5971973276845364,0.5758964879852125
0.9410707407882912,0.597245987126212,0.5758964879852125
0.9409423546026447,0.5973105134474328,0.5758964879852125
0.9409423546026447,0.5973591979786453,0.5758964879852125
0.9408139684169984,0.5973263775676557,0.5758964879852125
0.9408139684169984,0.5973750713295835,0.5758964879852125
0.9408139684169984,0.597423773031143,0.5758964879852125
0.9406855822313519,0.5973909498573176,0.5758964879852125
0.9406855822313519,0.5974396607958252,0.5758964879852125
0.9406855822313519,0.5974883796787083,0.5758964879852125
0.9405571960457055,0.5974555537432719,0.5758964879852125
0.9404288098600591,0.5974227224533072,0.5758964879852125
0.9403004236744127,0.5973898858075041,0.5758964879852125
0.9401720374887662,0.5974057758198728,0.5758964879852125
0.9400436513031197,0.597372929754426,0.5758964879852125
0.9399152651174734,0.5973400783289817,0.5758964879852125
0.9397868789318269,0.5973072215422277,0.5758964879852125
0.9397868789318269,0.5973559653990533,0.5758964879852125
0.9397868789318269,0.5975022447147171,0.5758964879852125
0.9397868789318269,0.5975510204081632,0.5758964879852125
0.9396584927461805,0.5975181647481427,0.5758964879852125
0.9396584927461805,0.5975669497060745,0.5758964879852125
0.9396584927461805,0.5976157426308484,0.5758964879852125
0.9396584927461805,0.5976645435244161,0.5758964879852125
0.9396584927461805,0.5977133523887301,0.5758964879852125
0.9396584927461805,0.5977621692257432,0.5758964879852125
0.9396584927461805,0.5978109940374091,0.5758964879852125
0.939530106560534,0.5977781408266624,0.5758964879852125
0.939530106560534,0.5978269749203496,0.5758964879852125
0.939530106560534,0.5979246670479614,0.5758964879852125
0.9394017203748877,0.597891812387645,0.5758964879852125
0.9392733341892412,0.597858952357604,0.5758964879852125
0.9392733341892412,0.5979078130107879,0.5758964879852125
0.9392733341892412,0.5979566816510012,0.5758964879852125
0.9392733341892412,0.5980055582802027,0.5758964879852125
0.9392733341892412,0.5980544429003515,0.5758964879852125
0.9392733341892412,0.5981033355134074,0.5758964879852125
0.9391449480035948,0.5981682884945622,0.5758964879852125
0.9391449480035948,0.5982172064115145,0.5758964879852125
0.9391449480035948,0.5982661323300892,0.5758964879852125
0.9391449480035948,0.5983150662522493,0.5758964879852125
0.938888175632302,0.5982493455497382,0.5758964879852125
0.9387597894466555,0.5982164771332733,0.5758964879852125
0.9385030170753627,0.5981996726677578,0.5758964879852125
0.9383746308897163,0.598313686967911,0.5758964879852125
0.9383746308897163,0.5983626688497748,0.5758964879852125
0.9383746308897163,0.5984116587522516,0.5758964879852125
0.9381178585184234,0.5983458892892237,0.5758964879852125
0.937989472332777,0.5983129964785849,0.5758964879852125
0.937989472332777,0.5983619983619983,0.5758964879852125
0.9378610861471306,0.598329101482513,0.5758964879852125
0.9377326999614841,0.5983942323447485,0.5758964879852125
0.9376043137758377,0.5983613273248669,0.5758964879852125
0.9376043137758377,0.5984103572599148,0.5758964879852125
0.9376043137758377,0.598459395230681,0.5758964879852125
0.9374759275901913,0.598426487461072,0.5758964879852125
0.9374759275901913,0.5984755347922301,0.5758964879852125
0.9374759275901913,0.5985245901639344,0.5758964879852125
0.9373475414045449,0.5985407443843253,0.5758964879852125
0.9373475414045449,0.5985898171681561,0.5758964879852125
0.9373475414045449,0.598638897999344,0.5758964879852125
0.9372191552188984,0.5986059860598606,0.5758964879852125
0.9372191552188984,0.5986550762670165,0.5758964879852125
0.9370907690332521,0.5986221602558846,0.5758964879852125
0.9370907690332521,0.5986712598425197,0.5758964879852125
0.9370907690332521,0.5987203674842096,0.5758964879852125
0.9369623828476056,0.5986874487284659,0.5758964879852125
0.9368339966619592,0.5986545245713348,0.5758964879852125
0.9368339966619592,0.5987036429274697,0.5758964879852125
0.9367056104763127,0.5986707146959875,0.5758964879852125
0.9367056104763127,0.5987198424421467,0.5758964879852125
0.9367056104763127,0.5987689782519491,0.5758964879852125
0.9367056104763127,0.5988181221273802,0.5758964879852125
0.9367056104763127,0.5988672740704261,0.5758964879852125
0.9367056104763127,0.5989164340830734,0.5758964879852125
0.9367056104763127,0.5989656021673098,0.5758964879852125
0.9367056104763127,0.5990147783251232,0.5758964879852125
0.9365772242906664,0.5989818540110026,0.5758964879852125
0.9365772242906664,0.5990310395795697,0.5758964879852125
0.9364488381050199,0.5989981111932331,0.5758964879852125
0.9364488381050199,0.5990473061760841,0.5758964879852125
0.9364488381050199,0.5990965092402464,0.5758964879852125
0.9364488381050199,0.5991457203877115,0.5758964879852125
0.9363204519193735,0.5991127906021523,0.5758964879852125
0.936192065733727,0.5990798554058495,0.5758964879852125
0.936192065733727,0.5991290773149289,0.5758964879852125
0.9360636795480807,0.5990961380443715,0.5758964879852125
0.9360636795480807,0.5991946088099934,0.5758964879852125
0.9360636795480807,0.5992438563327032,0.5758964879852125
0.9360636795480807,0.5992931119513398,0.5758964879852125
0.9359352933624342,0.5992601726263872,0.5758964879852125
0.9358069071767878,0.5992272278855639,0.5758964879852125
0.9356785209911413,0.5991942777275343,0.5758964879852125
0.9356785209911413,0.5992435454694951,0.5758964879852125
0.9356785209911413,0.5992928213140367,0.5758964879852125
0.9356785209911413,0.5993421052631579,0.5758964879852125
0.9356785209911413,0.5993913973188585,0.5758964879852125
0.9356785209911413,0.5994406974831387,0.5758964879852125
0.9356785209911413,0.5994900057579995,0.5758964879852125
0.935550134805495,0.599457058242843,0.5758964879852125
0.935550134805495,0.5995063759769642,0.5758964879852125
0.935550134805495,0.5995557018265592,0.5758964879852125
0.935550134805495,0.5996050357936312,0.5758964879852125
0.935550134805495,0.5996543778801844,0.5758964879852125
0.9354217486198485,0.5996214303349519,0.5758964879852125
0.935293362434202,0.5995884773662551,0.5758964879852125
0.9351649762485557,0.5995555189727549,0.5758964879852125
0.9351649762485557,0.5996048732301613,0.5758964879852125
0.9350365900629092,0.5996212744936604,0.5758964879852125
0.9350365900629092,0.5996706463565253,0.5758964879852125
0.9349082038772628,0.5996376811594203,0.5758964879852125
0.9349082038772628,0.599687062505147,0.5758964879852125
0.9349082038772628,0.599736451984846,0.5758964879852125
0.9347798176916163,0.5997034840622684,0.5758964879852125
0.9347798176916163,0.5997528830313015,0.5758964879852125
0.9347798176916163,0.5998022901392207,0.5758964879852125
0.9347798176916163,0.5998517053880376,0.5758964879852125
0.9347798176916163,0.5999011287797643,0.5758964879852125
0.9347798176916163,0.599950560316414,0.5758964879852125
0.9347798176916163,0.6,0.5758964879852125
0.9347798176916163,0.6000494478325367,0.5758964879852125
0.93465143150597,0.6000659413122321,0.5758964879852125
0.93465143150597,0.6001154068090018,0.5758964879852125
0.93465143150597,0.6001648804616653,0.5758964879852125
0.93465143150597,0.6003133503751958,0.5758964879852125
0.9345230453203235,0.6002803892462477,0.5758964879852125
0.9345230453203235,0.6003298969072165,0.5758964879852125
0.9345230453203235,0.6003794127350709,0.5758964879852125
0.9345230453203235,0.6004289367318321,0.5758964879852125
0.9343946591346771,0.600395974261673,0.5758964879852125
0.9343946591346771,0.6004455077963864,0.5758964879852125
0.9342662729490306,0.6004125412541255,0.5758964879852125
0.9342662729490306,0.6004620843303903,0.5758964879852125
0.9341378867633843,0.6004291137151345,0.5758964879852125
0.9341378867633843,0.600478666336552,0.5758964879852125
0.9340095005777378,0.6004456916474084,0.5758964879852125
0.9338811143920914,0.6004127115146513,0.5758964879852125
0.9338811143920914,0.6004622750536569,0.5758964879852125
0.9338811143920914,0.6005118467761908,0.5758964879852125
0.9338811143920914,0.60056142668428,0.5758964879852125
0.9338811143920914,0.6006110147799522,0.5758964879852125
0.9338811143920914,0.6006606110652354,0.5758964879852125
0.9338811143920914,0.6007102155421588,0.5758964879852125
0.9334959558351521,0.6006608839322594,0.5758964879852125
0.9333675696495057,0.6006278916060807,0.5758964879852125
0.9333675696495057,0.6006775179707511,0.5758964879852125
0.9332391834638593,0.6006445215666832,0.5758964879852125
0.9332391834638593,0.600694157507644,0.5758964879852125
0.9331107972782129,0.6006611570247934,0.5758964879852125
0.9329824110925664,0.6006281510868667,0.5758964879852125
0.9329824110925664,0.6006777979831377,0.5758964879852125
0.9329824110925664,0.6007274530875424,0.5758964879852125
0.93285402490692,0.6006944444444444,0.5758964879852125
0.9327256387212736,0.600661430343117,0.5758964879852125
0.9327256387212736,0.6007110964114437,0.5758964879852125
0.9327256387212736,0.6007607706937897,0.5758964879852125
0.9327256387212736,0.6008104531921932,0.5758964879852125
0.9327256387212736,0.6008601439086925,0.5758964879852125
0.9327256387212736,0.6009098428453267,0.5758964879852125
0.9325972525356272,0.6008768301761932,0.5758964879852125
0.9325972525356272,0.600926538716082,0.5758964879852125
0.9322120939786879,0.6008274720728175,0.5758964879852125
0.9320837077930415,0.6007944389275075,0.5758964879852125
0.931955321607395,0.6007614003144914,0.5758964879852125
0.931955321607395,0.600811123986095,0.5758964879852125
0.9318269354217487,0.6007780812846618,0.5758964879852125
0.9318269354217487,0.6008278145695364,0.5758964879852125
0.9318269354217487,0.6008775560890802,0.5758964879852125
0.9318269354217487,0.6009273058453386,0.5758964879852125
0.9318269354217487,0.6009770638403577,0.5758964879852125
0.9316985492361022,0.6009440211990725,0.5758964879852125
0.9316985492361022,0.6009937888198758,0.5758964879852125
0.9316985492361022,0.6010933487948315,0.5758964879852125
0.9315701630504558,0.6010603048376408,0.5758964879852125
0.9315701630504558,0.6011100985833817,0.5758964879852125
0.9314417768648093,0.6010770505385252,0.5758964879852125
0.931313390679163,0.6010439970171514,0.5758964879852125
0.931313390679163,0.6010938017898575,0.5758964879852125
0.931313390679163,0.6011436148172702,0.5758964879852125
0.931313390679163,0.601193436101442,0.5758964879852125
0.9311850044935165,0.601160381268131,0.5758964879852125
0.9310566183078701,0.6011273209549072,0.5758964879852125
0.9310566183078701,0.6011771532786205,0.5758964879852125
0.9309282321222236,0.6011440888741503,0.5758964879852125
0.9309282321222236,0.6011939308515049,0.5758964879852125
0.9309282321222236,0.6012437810945274,0.5758964879852125
0.9307998459365773,0.6012107139895514,0.5758964879852125
0.9307998459365773,0.6012605738928513,0.5758964879852125
0.9306714597509308,0.6012275026955296,0.5758964879852125
0.9305430735652844,0.6011944260119443,0.5758964879852125
0.9305430735652844,0.6012442969722107,0.5758964879852125
0.930414687379638,0.6012112161937946,0.5758964879852125
0.9302863011939915,0.6011781299261595,0.5758964879852125
0.9301579150083451,0.601145038167939,0.5758964879852125
0.9300295288226986,0.6011119409177662,0.5758964879852125
0.9300295288226986,0.6011618257261411,0.5758964879852125
0.9299011426370523,0.6011287243754668,0.5758964879852125
0.9299011426370523,0.6011786188579017,0.5758964879852125
0.9297727564514058,0.6011455134058272,0.5758964879852125
0.9297727564514058,0.601195417565997,0.5758964879852125
0.9296443702657594,0.6011623080116231,0.5758964879852125
0.9296443702657594,0.6012122218532049,0.5758964879852125
0.9295159840801129,0.6011791081956324,0.5758964879852125
0.9295159840801129,0.6012290317223052,0.5758964879852125
0.9295159840801129,0.6012789635412341,0.5758964879852125
0.9295159840801129,0.6013289036544851,0.5758964879852125
0.9293875978944666,0.6013956966021434,0.5758964879852125
0.9293875978944666,0.6014456630109671,0.5758964879852125
0.9292592117088201,0.6014125467386788,0.5758964879852125
0.9291308255231737,0.601379424962606,0.5758964879852125
0.9291308255231737,0.6014294024765229,0.5758964879852125
0.9290024393375272,0.601496259351621,0.5758964879852125
0.9290024393375272,0.6015462631972732,0.5758964879852125
0.9288740531518809,0.6015131360159628,0.5758964879852125
0.9288740531518809,0.6015631495801114,0.5758964879852125
0.9288740531518809,0.6016131714618327,0.5758964879852125
0.9287456669662344,0.6016801131165267,0.5758964879852125
0.9287456669662344,0.6017301613708201,0.5758964879852125
0.9287456669662344,0.6017802179519175,0.5758964879852125
0.928617280780588,0.601747088186356,0.5758964879852125
0.928617280780588,0.6017971545053665,0.5758964879852125
0.928617280780588,0.6018472291562657,0.5758964879852125
0.928617280780588,0.6018973121411334,0.5758964879852125
0.9284888945949415,0.6018641810918774,0.5758964879852125
0.9283605084092952,0.6018310445276738,0.5758964879852125
0.9283605084092952,0.6020815986677769,0.5758964879852125
0.9283605084092952,0.602131734532434,0.5758964879852125
0.9282321222236487,0.6020986009327115,0.5758964879852125
0.9282321222236487,0.602148746564504,0.5758964879852125
0.9282321222236487,0.6022490628904623,0.5758964879852125
0.9282321222236487,0.6022992335888038,0.5758964879852125
0.9282321222236487,0.6023494126468383,0.5758964879852125
0.9282321222236487,0.6023996000666556,0.5758964879852125
0.9282321222236487,0.6024497958503459,0.5758964879852125
0.9282321222236487,0.6025,0.5758964879852125
0.9281037360380023,0.6024668722393532,0.5758964879852125
0.9281037360380023,0.6025170861810302,0.5758964879852125
0.9281037360380023,0.6026175391797266,0.5758964879852125
0.9279753498523559,0.6025844101709046,0.5758964879852125
0.9279753498523559,0.6026346506586626,0.5758964879852125
0.9279753498523559,0.6026848995247227,0.5758964879852125
0.9279753498523559,0.6027351567711808,0.5758964879852125
0.9278469636667095,0.6027020265198899,0.5758964879852125
0.9278469636667095,0.6027522935779817,0.5758964879852125
0.927718577481063,0.6027191592292935,0.5758964879852125
0.927718577481063,0.6027694361027695,0.5758964879852125
0.9275901912954166,0.6027362976557937,0.5758964879852125
0.9274618051097702,0.6027031536792925,0.5758964879852125
0.9273334189241238,0.6026700041718815,0.5758964879852125
0.9273334189241238,0.6027202937249666,0.5758964879852125
0.9273334189241238,0.6028208980136872,0.5758964879852125
0.9273334189241238,0.6028712127535264,0.5758964879852125
0.9272050327384773,0.6028380634390651,0.5758964879852125
0.9272050327384773,0.602888388012355,0.5758964879852125
0.927076646552831,0.6028552345967607,0.5758964879852125
0.927076646552831,0.6029055690072639,0.5758964879852125
0.9269482603671845,0.602872411489646,0.5758964879852125
0.9268198741815381,0.602839248434238,0.5758964879852125
0.9268198741815381,0.6028895941205946,0.5758964879852125
0.9268198741815381,0.6029399482168212,0.5758964879852125
0.9266914879958916,0.6029067824924824,0.5758964879852125
0.9265631018102453,0.6028736112271322,0.5758964879852125
0.9265631018102453,0.6029239766081871,0.5758964879852125
0.9265631018102453,0.6029743504052135,0.5758964879852125
0.9265631018102453,0.6030247326203209,0.5758964879852125
0.9265631018102453,0.6030751232556196,0.5758964879852125
0.9265631018102453,0.6031255223132208,0.5758964879852125
0.9265631018102453,0.6031759297952362,0.5758964879852125
0.9265631018102453,0.603226345703778,0.5758964879852125
0.9265631018102453,0.6032767700409596,0.5758964879852125
0.9265631018102453,0.6033272028088948,0.5758964879852125
0.9265631018102453,0.6033776440096982,0.5758964879852125
0.9264347156245988,0.6033444816053511,0.5758964879852125
0.9264347156245988,0.6033949326866795,0.5758964879852125
0.9263063294389524,0.6033617661816357,0.5758964879852125
0.9261779432533059,0.6033285941289621,0.5758964879852125
0.9261779432533059,0.6034295273943957,0.5758964879852125
0.9260495570676596,0.6033963526852937,0.5758964879852125
0.9260495570676596,0.6034468334309379,0.5758964879852125
0.9259211708820131,0.6034136546184738,0.5758964879852125
0.9259211708820131,0.6034641452598108,0.5758964879852125
0.9257927846963667,0.6034309623430962,0.5758964879852125
0.9257927846963667,0.6034814628839233,0.5758964879852125
0.9257927846963667,0.6035319718781386,0.5758964879852125
0.9255360123250739,0.6035161155295102,0.5758964879852125
0.9255360123250739,0.6035666443402545,0.5758964879852125
0.9255360123250739,0.6036171816126601,0.5758964879852125
0.9255360123250739,0.6036677273488528,0.5758964879852125
0.9255360123250739,0.6037182815509589,0.5758964879852125
0.9254076261394274,0.6036850921273031,0.5758964879852125
0.9252792399537809,0.6037530367764095,0.5758964879852125
0.9251508537681346,0.6037198391420912,0.5758964879852125
0.9250224675824881,0.6036866359447005,0.5758964879852125
0.9250224675824881,0.6037372213842802,0.5758964879852125
0.9250224675824881,0.6037878153021035,0.5758964879852125
0.9250224675824881,0.6038384177003017,0.5758964879852125
0.9248940813968417,0.603805213309865,0.5758964879852125
0.9247656952111952,0.6037720033528918,0.5758964879852125
0.9246373090255489,0.6037387878279822,0.5758964879852125
0.9246373090255489,0.6037894030851777,0.5758964879852125
0.9246373090255489,0.6038400268298818,0.5758964879852125
0.9246373090255489,0.6039412997903564,0.5758964879852125
0.9245089228399024,0.6039080845353908,0.5758964879852125
0.9245089228399024,0.6039587352176465,0.5758964879852125
0.924380536654256,0.6039255158530448,0.5758964879852125
0.924380536654256,0.6039761764952605,0.5758964879852125
0.9242521504686095,0.6039429530201342,0.5758964879852125
0.9242521504686095,0.6039936236261432,0.5758964879852125
0.9241237642829632,0.6039603960396039,0.5758964879852125
0.9241237642829632,0.6040110766132416,0.5758964879852125
0.9241237642829632,0.6040617656931856,0.5758964879852125
0.9239953780973167,0.6040285354595049,0.5758964879852125
0.9239953780973167,0.6040792345140171,0.5758964879852125
0.9239953780973167,0.6041806581598388,0.5758964879852125
0.9238669919116703,0.6041474267483838,0.5758964879852125
0.9238669919116703,0.6041981528127623,0.5758964879852125
0.9237386057260238,0.604164917289445,0.5758964879852125
0.9236102195403775,0.6041316761840779,0.5758964879852125
0.9236102195403775,0.6041824137062233,0.5758964879852125
0.9236102195403775,0.6042331597513858,0.5758964879852125
0.9236102195403775,0.6042839143217136,0.5758964879852125
0.9236102195403775,0.6043346774193549,0.5758964879852125
0.9236102195403775,0.6043854490464589,0.5758964879852125
0.923481833354731,0.6043522097126534,0.5758964879852125
0.923481833354731,0.6044029913452651,0.5758964879852125
0.923481833354731,0.6044537815126051,0.5758964879852125
0.923481833354731,0.604504580216825,0.5758964879852125
0.923481833354731,0.6045553874600773,0.5758964879852125
0.9233534471690846,0.6045729657027572,0.5758964879852125
0.9233534471690846,0.6046237915090374,0.5758964879852125
0.9233534471690846,0.604674625861779,0.5758964879852125
0.9230966747977918,0.6047607031709984,0.5758964879852125
0.9229682886121453,0.6047274562584118,0.5758964879852125
0.9228399024264989,0.604694203751998,0.5758964879852125
0.9228399024264989,0.6047450782433115,0.5758964879852125
0.9228399024264989,0.604795961295751,0.5758964879852125
0.9227115162408525,0.6047627061595422,0.5758964879852125
0.9227115162408525,0.6048135992594462,0.5758964879852125
0.9225831300552061,0.6047803400100993,0.5758964879852125
0.9225831300552061,0.6048312431613501,0.5758964879852125
0.9225831300552061,0.6048821548821549,0.5758964879852125
0.9225831300552061,0.604933075174678,0.5758964879852125
0.9225831300552061,0.6049840040410843,0.5758964879852125
0.9225831300552061,0.6050349414835396,0.5758964879852125
0.9224547438695596,0.60500168406871,0.5758964879852125
0.9224547438695596,0.6050526315789474,0.5758964879852125
0.9224547438695596,0.6051035876705407,0.5758964879852125
0.9224547438695596,0.6051545523456582,0.5758964879852125
0.9223263576839132,0.605121293800539,0.5758964879852125
0.9223263576839132,0.605172268553618,0.5758964879852125
0.9221979714982668,0.6051390058972199,0.5758964879852125
0.9221979714982668,0.6051899907321594,0.5758964879852125
0.9221979714982668,0.6052409841590832,0.5758964879852125
0.9221979714982668,0.6052919861801634,0.5758964879852125
0.9221979714982668,0.6053429967975729,0.5758964879852125
0.9221979714982668,0.6053940160134851,0.5758964879852125
0.9221979714982668,0.6054450438300741,0.5758964879852125
0.9221979714982668,0.6055471252739841,0.5758964879852125
0.9221979714982668,0.6055981789056571,0.5758964879852125
0.9221979714982668,0.6056492411467116,0.5758964879852125
0.9221979714982668,0.6057003119993254,0.5758964879852125
0.9221979714982668,0.6057513914656771,0.5758964879852125
0.9221979714982668,0.6058024795479464,0.5758964879852125
0.9220695853126204,0.6057692307692307,0.5758964879852125
0.9220695853126204,0.605820328975116,0.5758964879852125
0.9219411991269739,0.6057870760924582,0.5758964879852125
0.9218128129413276,0.6057538175989201,0.5758964879852125
0.9216844267556811,0.6057205534930813,0.5758964879852125
0.9215560405700347,0.6058917869502828,0.5758964879852125
0.9214276543843882,0.6058585176430863,0.5758964879852125
0.9214276543843882,0.6059096665259603,0.5758964879852125
0.9214276543843882,0.6059608240459304,0.5758964879852125
0.9212992681987419,0.605927552140505,0.5758964879852125
0.9211708820130954,0.6058942746157744,0.5758964879852125
0.9211708820130954,0.6059454437969766,0.5758964879852125
0.921042495827449,0.6059121621621621,0.5758964879852125
0.921042495827449,0.6059633414984373,0.5758964879852125
0.9209141096418025,0.6059300557526609,0.5758964879852125
0.9209141096418025,0.6059812452479514,0.5758964879852125
0.9207857234561562,0.6059479553903345,0.5758964879852125
0.9207857234561562,0.6059991550485847,0.5758964879852125
0.9206573372705097,0.6059658610782491,0.5758964879852125
0.9206573372705097,0.6060170709034057,0.5758964879852125
0.9206573372705097,0.6060682893847193,0.5758964879852125
0.9205289510848633,0.6060349928154848,0.5758964879852125
0.9205289510848633,0.6060862214708369,0.5758964879852125
0.9205289510848633,0.6061374587877251,0.5758964879852125
0.9204005648992168,0.6061554071193033,0.5758964879852125
0.9200154063422775,0.6062092885542678,0.5758964879852125
0.9200154063422775,0.6062605752961083,0.5758964879852125
0.9198870201566312,0.6063298637556064,0.5758964879852125
0.9195018615996918,0.6063838794344255,0.5758964879852125
0.9193734754140455,0.606350550381033,0.5758964879852125
0.9193734754140455,0.6064018968583283,0.5758964879852125
0.9193734754140455,0.6064532520325203,0.5758964879852125
0.919245089228399,0.6064199203862116,0.5758964879852125
0.9191167030427526,0.6063865830933424,0.5758964879852125
0.9191167030427526,0.6064379500211775,0.5758964879852125
0.9189883168571061,0.6064046086072518,0.5758964879852125
0.9189883168571061,0.6064559857663306,0.5758964879852125
0.9189883168571061,0.6065073716319268,0.5758964879852125
0.9188599306714598,0.6064740276247775,0.5758964879852125
0.9187315444858133,0.6064406779661017,0.5758964879852125
0.9186031583001669,0.6064073226544623,0.5758964879852125
0.9186031583001669,0.6064587218172571,0.5758964879852125
0.9186031583001669,0.60651012969399,0.5758964879852125
0.9186031583001669,0.606715848384635,0.5758964879852125
0.9186031583001669,0.6067672998643148,0.5758964879852125
0.9186031583001669,0.6068187600712408,0.5758964879852125
0.9186031583001669,0.6068702290076335,0.5758964879852125
0.9186031583001669,0.6069217066757147,0.5758964879852125
0.9186031583001669,0.6069731930777061,0.5758964879852125
0.9186031583001669,0.607024688215831,0.5758964879852125
0.9184747721145204,0.6069913456643475,0.5758964879852125
0.9184747721145204,0.6070428510818837,0.5758964879852125
0.9184747721145204,0.6070943652410048,0.5758964879852125
0.9184747721145204,0.6071458881439362,0.5758964879852125
0.9183463859288741,0.6071125445594976,0.5758964879852125
0.9183463859288741,0.6071640777523131,0.5758964879852125
0.9182179997432276,0.6071307300509338,0.5758964879852125
0.9180896135575812,0.6070973766873249,0.5758964879852125
0.9180896135575812,0.6071489217184581,0.5758964879852125
0.9179612273719348,0.6073218381041365,0.5758964879852125
0.9179612273719348,0.6073734284743459,0.5758964879852125
0.9179612273719348,0.6074766355140186,0.5758964879852125
0.9179612273719348,0.6075282521879514,0.5758964879852125
0.9179612273719348,0.6075798776342624,0.5758964879852125
0.9178328411862884,0.6075981642019378,0.5758964879852125
0.9177044550006419,0.607564810879728,0.5758964879852125
0.9177044550006419,0.6076164569874193,0.5758964879852125
0.9177044550006419,0.607668111876222,0.5758964879852125
0.9177044550006419,0.6077197755483761,0.5758964879852125
0.9175760688149955,0.6076864212226851,0.5758964879852125
0.9175760688149955,0.6077380952380952,0.5758964879852125
0.9174476826293491,0.6077047367973467,0.5758964879852125
0.9174476826293491,0.6077564211600612,0.5758964879852125
0.9174476826293491,0.6078081143148762,0.5758964879852125
0.9174476826293491,0.6079115270097831,0.5758964879852125
0.9174476826293491,0.6079632465543645,0.5758964879852125
0.9174476826293491,0.6080149749000255,0.5758964879852125
0.9174476826293491,0.608066712049013,0.5758964879852125
0.9171909102580562,0.6082070492082411,0.5758964879852125
0.9170625240724098,0.6081736909323117,0.5758964879852125
0.9170625240724098,0.6083290751149719,0.5758964879852125
0.9169341378867634,0.608295715867473,0.5758964879852125
0.9169341378867634,0.6083475298126064,0.5758964879852125
0.916805751701117,0.608365990799114,0.5758964879852125
0.9166773655154705,0.6083326233279372,0.5758964879852125
0.9166773655154705,0.6083844580777096,0.5758964879852125
0.9166773655154705,0.6084363016616958,0.5758964879852125
0.9166773655154705,0.6084881540821544,0.5758964879852125
0.9166773655154705,0.6085400153413449,0.5758964879852125
0.9165489793298242,0.6085066484827821,0.5758964879852125
0.9164205931441777,0.6084732759355553,0.5758964879852125
0.9164205931441777,0.6085251491901108,0.5758964879852125
0.9164205931441777,0.6085770312899651,0.5758964879852125
0.9164205931441777,0.6086289222373806,0.5758964879852125
0.9164205931441777,0.6086808220346209,0.5758964879852125
0.9161638207728848,0.6087179049731297,0.5758964879852125
0.9161638207728848,0.6087698344992322,0.5758964879852125
0.9161638207728848,0.6088217728862725,0.5758964879852125
0.9161638207728848,0.6088737201365187,0.5758964879852125
0.9160354345872385,0.6088403447393123,0.5758964879852125
0.915907048401592,0.6088069636456733,0.5758964879852125
0.9157786622159456,0.6088255377261864,0.5758964879852125
0.9157786622159456,0.6088775074690568,0.5758964879852125
0.9157786622159456,0.6089294860850265,0.5758964879852125
0.9157786622159456,0.6089814735763681,0.5758964879852125
0.9157786622159456,0.6090334699453552,0.5758964879852125
0.9157786622159456,0.6090854751942618,0.5758964879852125
0.9157786622159456,0.6091895123409343,0.5758964879852125
0.9157786622159456,0.6092415442432525,0.5758964879852125
0.9156502760302991,0.6092081660544973,0.5758964879852125
0.9155218898446528,0.6091747821629934,0.5758964879852125
0.9155218898446528,0.6092788790157211,0.5758964879852125
0.9155218898446528,0.6093309407844143,0.5758964879852125
0.9153935036590063,0.6092975559733379,0.5758964879852125
0.9153935036590063,0.6093496282369029,0.5758964879852125
0.9153935036590063,0.6094017094017095,0.5758964879852125
0.9153935036590063,0.6094537994700402,0.5758964879852125
0.9153935036590063,0.6095580063264084,0.5758964879852125
0.9152651174733598,0.6095246238030095,0.5758964879852125
0.9152651174733598,0.6095767421975203,0.5758964879852125
0.9151367312877134,0.6096476223058501,0.5758964879852125
0.9151367312877134,0.6096997690531177,0.5758964879852125
0.9148799589164206,0.6096329882795791,0.5758964879852125
0.9148799589164206,0.6096851471594799,0.5758964879852125
0.9147515727307741,0.6096517498074784,0.5758964879852125
0.9146231865451278,0.6096183467396885,0.5758964879852125
0.9146231865451278,0.6096705177578091,0.5758964879852125
0.9144948003594813,0.6096892921338697,0.5758964879852125
0.9143664141738349,0.6096558808423215,0.5758964879852125
0.9142380279881884,0.6096224638301515,0.5758964879852125
0.9141096418025421,0.6095890410958904,0.5758964879852125
0.9141096418025421,0.6096412364072267,0.5758964879852125
0.9137244832456027,0.609593147751606,0.5758964879852125
0.9137244832456027,0.6096453657700873,0.5758964879852125
0.9137244832456027,0.6096975927353723,0.5758964879852125
0.9137244832456027,0.6097498286497601,0.5758964879852125
0.9137244832456027,0.6098020735155514,0.5758964879852125
0.9135960970599564,0.6097686375321337,0.5758964879852125
0.9135960970599564,0.6098208929642643,0.5758964879852125
0.9135960970599564,0.6098731573534453,0.5758964879852125
0.9135960970599564,0.6099254307019799,0.5758964879852125
0.9135960970599564,0.6099777130121721,0.5758964879852125
0.9135960970599564,0.6100300042863266,0.5758964879852125
0.9135960970599564,0.6100823045267489,0.5758964879852125
0.9135960970599564,0.6101346137357455,0.5758964879852125
0.9135960970599564,0.6101869319156233,0.5758964879852125
0.9135960970599564,0.6102392590686905,0.5758964879852125
0.9135960970599564,0.6102915951972556,0.5758964879852125
0.9134677108743099,0.6102581696543443,0.5758964879852125
0.9134677108743099,0.6103105163835992,0.5758964879852125
0.9134677108743099,0.6104152367879204,0.5758964879852125
0.9134677108743099,0.6104676104676104,0.5758964879852125
0.9133393246886635,0.6104341856873177,0.5758964879852125
0.9133393246886635,0.6104865699819789,0.5758964879852125
0.9133393246886635,0.6105389632681085,0.5758964879852125
0.913210938503017,0.6105055360054931,0.5758964879852125
0.913210938503017,0.6105579399141631,0.5758964879852125
0.9130825523173707,0.6105245085415058,0.5758964879852125
0.9129541661317242,0.6104910714285714,0.5758964879852125
0.9129541661317242,0.6105434875933717,0.5758964879852125
0.9128257799460778,0.6105100463678517,0.5758964879852125
0.9128257799460778,0.6105624731644482,0.5758964879852125
0.9126973937604314,0.6105290278254896,0.5758964879852125
0.9126973937604314,0.610581465258095,0.5758964879852125
0.9126973937604314,0.6106339116990208,0.5758964879852125
0.9126973937604314,0.6106863671505884,0.5758964879852125
0.9126973937604314,0.6107388316151203,0.5758964879852125
0.912569007574785,0.6107053870607441,0.5758964879852125
0.9124406213891385,0.6106719367588933,0.5758964879852125
0.9124406213891385,0.6107244135086363,0.5758964879852125
0.9123122352034921,0.6107959429259068,0.5758964879852125
0.9123122352034921,0.6108484483796097,0.5758964879852125
0.9121838490178457,0.6108149931224209,0.5758964879852125
0.9120554628321993,0.6107815321124581,0.5758964879852125
0.9120554628321993,0.6108340498710232,0.5758964879852125
0.9119270766465528,0.610800584745034,0.5758964879852125
0.9119270766465528,0.6108531131750946,0.5758964879852125
0.9119270766465528,0.61090565064075,0.5758964879852125
0.9119270766465528,0.6109581971443316,0.5758964879852125
0.9119270766465528,0.6110633172746043,0.5758964879852125
0.9117986904609064,0.6110298545986407,0.5758964879852125
0.9117986904609064,0.6110824298743762,0.5758964879852125
0.9117986904609064,0.6111350141984339,0.5758964879852125
0.9117986904609064,0.6111876075731497,0.5758964879852125
0.9117986904609064,0.6112402100008607,0.5758964879852125
0.9117986904609064,0.6112928214839043,0.5758964879852125
0.9117986904609064,0.611345442024619,0.5758964879852125
0.91167030427526,0.6113119834710744,0.5758964879852125
0.9115419180896136,0.6112785191562634,0.5758964879852125
0.9112851457183208,0.6113168547067436,0.5758964879852125
0.9111567595326743,0.6112833763996555,0.5758964879852125
0.9111567595326743,0.6113886974500344,0.5758964879852125
0.9108999871613814,0.6114270941054809,0.5758964879852125
0.9107716009757351,0.6113936051021288,0.5758964879852125
0.9107716009757351,0.6114463023616618,0.5758964879852125
0.9107716009757351,0.611499008706146,0.5758964879852125
0.9107716009757351,0.611551724137931,0.5758964879852125
0.9106432147900886,0.6115182343305458,0.5758964879852125
0.9106432147900886,0.6115709605104328,0.5758964879852125
0.9106432147900886,0.6116764401517765,0.5758964879852125
0.9106432147900886,0.6117291936179388,0.5758964879852125
0.9105148286044422,0.6116957046748318,0.5758964879852125
0.9105148286044422,0.6117484689036488,0.5758964879852125
0.9105148286044422,0.6118012422360248,0.5758964879852125
0.9105148286044422,0.6118540246743163,0.5758964879852125
0.9105148286044422,0.6119068162208801,0.5758964879852125
0.9105148286044422,0.611959616878074,0.5758964879852125
0.9103864424187957,0.6119261304798067,0.5758964879852125
0.9102580562331493,0.6118926383015448,0.5758964879852125
0.9101296700475029,0.6118591403417918,0.5758964879852125
0.9100012838618564,0.6118256365990505,0.5758964879852125
0.9100012838618564,0.611878453038674,0.5758964879852125
0.9100012838618564,0.6119312785979453,0.5758964879852125
0.9100012838618564,0.6119841132792264,0.5758964879852125
0.90987289767621,0.6119506087557206,0.5758964879852125
0.9097445114905636,0.6119170984455958,0.5758964879852125
0.9097445114905636,0.6119699455911564,0.5758964879852125
0.9097445114905636,0.6120228018656072,0.5758964879852125
0.9097445114905636,0.6120756672713138,0.5758964879852125
0.9096161253049172,0.6120421561852107,0.5758964879852125
0.9096161253049172,0.6120950323974083,0.5758964879852125
0.9096161253049172,0.6121479177466735,0.5758964879852125
0.9096161253049172,0.6122008122353755,0.5758964879852125
0.9096161253049172,0.6122537158658832,0.5758964879852125
0.9094877391192707,0.6122202056866304,0.5758964879852125
0.9094877391192707,0.6122731201382887,0.5758964879852125
0.9093593529336244,0.6122396058432017,0.5758964879852125
0.9093593529336244,0.612292531120332,0.5758964879852125
0.9093593529336244,0.6123454655485433,0.5758964879852125
0.9093593529336244,0.6123984091302093,0.5758964879852125
0.9093593529336244,0.6124513618677043,0.5758964879852125
0.9093593529336244,0.6125043237634037,0.5758964879852125
0.9091025805623315,0.6124372945857118,0.5758964879852125
0.9091025805623315,0.6124902690078713,0.5758964879852125
0.908974194376685,0.612509732675837,0.5758964879852125
0.908974194376685,0.6125627271154179,0.5758964879852125
0.908974194376685,0.612615730725967,0.5758964879852125
0.9088458081910387,0.6125822083766009,0.5758964879852125
0.9088458081910387,0.6126352228472522,0.5758964879852125
0.9088458081910387,0.6126882464947204,0.5758964879852125
0.9087174220053922,0.6126547217173028,0.5758964879852125
0.9085890358197458,0.6126211911357341,0.5758964879852125
0.9085890358197458,0.6126742273396243,0.5758964879852125
0.9084606496340993,0.6126406926406927,0.5758964879852125
0.9084606496340993,0.6126937397177245,0.5758964879852125
0.908332263448453,0.6127663260003464,0.5758964879852125
0.908332263448453,0.6128724878724878,0.5758964879852125
0.9082038772628065,0.6128389500129949,0.5758964879852125
0.9080754910771601,0.612805406342055,0.5758964879852125
0.9080754910771601,0.6128585044623516,0.5758964879852125
0.9079471048915136,0.6128249566724436,0.5758964879852125
0.9078187187058673,0.6128445137805513,0.5758964879852125
0.9076903325202208,0.6128109560544336,0.5758964879852125
0.9076903325202208,0.6128640776699029,0.5758964879852125
0.9076903325202208,0.612917208495882,0.5758964879852125
0.9076903325202208,0.6129703485347667,0.5758964879852125
0.9075619463345744,0.6129367900806382,0.5758964879852125
0.9075619463345744,0.6129899410336455,0.5758964879852125
0.9073051739632816,0.6129228100607111,0.5758964879852125
0.9073051739632816,0.6129759736317113,0.5758964879852125
0.9073051739632816,0.613029146426093,0.5758964879852125
0.9073051739632816,0.6130823284462567,0.5758964879852125
0.9073051739632816,0.6131355196946036,0.5758964879852125
0.9073051739632816,0.6131887201735358,0.5758964879852125
0.9073051739632816,0.6132419298854564,0.5758964879852125
0.9073051739632816,0.6132951488327693,0.5758964879852125
0.9073051739632816,0.6133483770178788,0.5758964879852125
0.9073051739632816,0.6134548611111111,0.5758964879852125
0.9073051739632816,0.6135081170240472,0.5758964879852125
0.9071767877776351,0.6134745615558257,0.5758964879852125
0.9070484015919887,0.6134410002604845,0.5758964879852125
0.9069200154063423,0.6134607034303083,0.5758964879852125
0.9069200154063423,0.6135139829772451,0.5758964879852125
0.9067916292206959,0.6134804134456701,0.5758964879852125
0.9067916292206959,0.6135337039610841,0.5758964879852125
0.9066632430350494,0.6135534317984361,0.5758964879852125
0.906534856849403,0.613519854027283,0.5758964879852125
0.9064064706637566,0.613486270420577,0.5758964879852125
0.9064064706637566,0.6135395846006778,0.5758964879852125
0.9064064706637566,0.613592908047975,0.5758964879852125
0.9064064706637566,0.6136462407648848,0.5758964879852125
0.9062780844781102,0.6136126564673157,0.5758964879852125
0.9062780844781102,0.6136660001738676,0.5758964879852125
0.9062780844781102,0.6137193531559729,0.5758964879852125
0.9060213121068174,0.6136521739130435,0.5758964879852125
0.9058929259211709,0.6136185755283068,0.5758964879852125
0.905636153549878,0.6136581122227055,0.5758964879852125
0.905636153549878,0.6137115016530363,0.5758964879852125
0.905636153549878,0.6137649003741408,0.5758964879852125
0.9055077673642317,0.6137312913331013,0.5758964879852125
0.9053793811785852,0.6136976764424332,0.5758964879852125
0.9052509949929387,0.6136640557006092,0.5758964879852125
0.9051226088072923,0.6136304291061014,0.5758964879852125
0.9049942226216459,0.6136502132845826,0.5758964879852125
0.9048658364359995,0.613616576702072,0.5758964879852125
0.9048658364359995,0.6137234413096482,0.5758964879852125
0.9048658364359995,0.6137768875729339,0.5758964879852125
0.904737450250353,0.6137967076038673,0.5758964879852125
0.9046090640647066,0.6139234991722575,0.5758964879852125
0.9046090640647066,0.6139769954688045,0.5758964879852125
0.9046090640647066,0.6140305010893247,0.5758964879852125
0.9046090640647066,0.6140840160362558,0.5758964879852125
0.9046090640647066,0.6141375403120369,0.5758964879852125
0.9046090640647066,0.6141910739191074,0.5758964879852125
0.9046090640647066,0.6142446168599076,0.5758964879852125
0.9044806778790602,0.6142109851787271,0.5758964879852125
0.9043522916934138,0.6141773476327491,0.5758964879852125
0.9043522916934138,0.6142309033833275,0.5758964879852125
0.9043522916934138,0.6142844684747536,0.5758964879852125
0.904095519322121,0.6143243479019453,0.5758964879852125
0.904095519322121,0.6143779445123015,0.5758964879852125
0.904095519322121,0.6145924245068948,0.5758964879852125
0.9039671331364745,0.6145587850222571,0.5758964879852125
0.9039671331364745,0.6146124301675978,0.5758964879852125
0.9038387469508281,0.614578786556089,0.5758964879852125
0.9037103607651816,0.6145451370700192,0.5758964879852125
0.9035819745795353,0.6146724890829695,0.5758964879852125
0.9035819745795353,0.6147261769586864,0.5758964879852125
0.9035819745795353,0.6147798742138365,0.5758964879852125
0.9035819745795353,0.6148335808508779,0.5758964879852125
0.9035819745795353,0.6148872968722698,0.5758964879852125
0.9034535883938888,0.6148536478811708,0.5758964879852125
0.9034535883938888,0.614907375043691,0.5758964879852125
0.9033252022082424,0.615034965034965,0.5758964879852125
0.9033252022082424,0.6150887315324766,0.5758964879852125
0.9033252022082424,0.6151425074313691,0.5758964879852125
0.9033252022082424,0.6151962927341086,0.5758964879852125
0.9031968160225959,0.6151626442812173,0.5758964879852125
0.9031968160225959,0.6152164407520769,0.5758964879852125
0.9030684298369496,0.6151827881756166,0.5758964879852125
0.9030684298369496,0.61523659581912,0.5758964879852125
0.9030684298369496,0.6152904128761372,0.5758964879852125
0.9029400436513031,0.615256757938938,0.5758964879852125
0.9028116574656567,0.6152230971128609,0.5758964879852125
0.9026832712800102,0.6151894303963601,0.5758964879852125
0.9026832712800102,0.6152432621631082,0.5758964879852125
0.9025548850943639,0.6152095913188064,0.5758964879852125
0.9024264989087174,0.6152297592997812,0.5758964879852125
0.9024264989087174,0.6152836134453782,0.5758964879852125
0.9024264989087174,0.6153374770200473,0.5758964879852125
0.902298112723071,0.6153037996848187,0.5758964879852125
0.9021697265374246,0.6152701164521496,0.5758964879852125
0.9021697265374246,0.615323992994746,0.5758964879852125
0.9020413403517782,0.615290305630966,0.5758964879852125
0.9015277956091925,0.615155497152869,0.5758964879852125
0.9015277956091925,0.6152093919747679,0.5758964879852125
0.9015277956091925,0.6152632962411285,0.5758964879852125
0.901399409423546,0.615229582895198,0.5758964879852125
0.9012710232378996,0.6151958636403471,0.5758964879852125
0.9012710232378996,0.6152497808939527,0.5758964879852125
0.9011426370522532,0.6152699859747546,0.5758964879852125
0.9011426370522532,0.6153239239063732,0.5758964879852125
0.9010142508666068,0.6152901981413291,0.5758964879852125
0.9010142508666068,0.6153441473038141,0.5758964879852125
0.9010142508666068,0.6153981059277447,0.5758964879852125
0.9008858646809603,0.615364377795317,0.5758964879852125
0.9008858646809603,0.6154183476583056,0.5758964879852125
0.900757478495314,0.6153846153846154,0.5758964879852125
0.9006290923096675,0.6153508771929824,0.5758964879852125
0.9005007061240211,0.6153711177399543,0.5758964879852125
0.9003723199383746,0.6153913653913654,0.5758964879852125
0.9003723199383746,0.6154453707766564,0.5758964879852125
0.9002439337527282,0.6154116201509566,0.5758964879852125
0.9001155475670818,0.6154318820224719,0.5758964879852125
0.8999871613814353,0.6154521510096576,0.5758964879852125
0.8999871613814353,0.6155061901835104,0.5758964879852125
0.8996020028244961,0.6154048831898823,0.5758964879852125
0.8994736166388496,0.615371102327624,0.5758964879852125
0.8993452304532032,0.6153373155305693,0.5758964879852125
0.8993452304532032,0.6153913731002372,0.5758964879852125
0.8992168442675568,0.61535758214725,0.5758964879852125
0.8990884580819104,0.6153237852561286,0.5758964879852125
0.8989600718962639,0.6152899824253075,0.5758964879852125
0.8989600718962639,0.6153440548378593,0.5758964879852125
0.8988316857106176,0.6153102478467217,0.5758964879852125
0.8987032995249711,0.6152764349125428,0.5758964879852125
0.8987032995249711,0.6153305203938115,0.5758964879852125
0.8985749133393247,0.6152967032967033,0.5758964879852125
0.8985749133393247,0.6153508000703358,0.5758964879852125
0.8985749133393247,0.6154049063571617,0.5758964879852125
0.8984465271536782,0.6153710868800563,0.5758964879852125
0.8984465271536782,0.615425204467505,0.5758964879852125
0.8983181409680319,0.6153913808267371,0.5758964879852125
0.8981897547823854,0.615411681914145,0.5758964879852125
0.8981897547823854,0.6154658221166535,0.5758964879852125
0.8981897547823854,0.615519971845856,0.5758964879852125
0.8981897547823854,0.6155741311042675,0.5758964879852125
0.898061368596739,0.6155403027103132,0.5758964879852125
0.8979329824110925,0.6155064683622283,0.5758964879852125
0.8978045962254462,0.6154726280584404,0.5758964879852125
0.8978045962254462,0.6155268022181146,0.5758964879852125
0.8978045962254462,0.6155809859154929,0.5758964879852125
0.8976762100397997,0.6155471432344396,0.5758964879852125
0.8976762100397997,0.6156013382637788,0.5758964879852125
0.8976762100397997,0.6156555428370168,0.5758964879852125
0.8976762100397997,0.6157097569566748,0.5758964879852125
0.8976762100397997,0.6157639806252753,0.5758964879852125
0.8974194376685068,0.6157505285412262,0.5758964879852125
0.8972910514828605,0.6157166769447626,0.5758964879852125
0.8972910514828605,0.6157709251101322,0.5758964879852125
0.8972910514828605,0.6158251828354921,0.5758964879852125
0.8967775067402748,0.6157982896940845,0.5758964879852125
0.8967775067402748,0.6158525833186387,0.5758964879852125
0.8966491205546283,0.6158187108720571,0.5758964879852125
0.8966491205546283,0.6158730158730159,0.5758964879852125
0.8966491205546283,0.6159273304524209,0.5758964879852125
0.8966491205546283,0.6159816546128065,0.5758964879852125
0.8966491205546283,0.6160359883567081,0.5758964879852125
0.8965207343689819,0.6160021171489062,0.5758964879852125
0.8965207343689819,0.6160564622849581,0.5758964879852125
0.8965207343689819,0.6161108170107641,0.5758964879852125
0.8965207343689819,0.6161651813288627,0.5758964879852125
0.8965207343689819,0.6162195552417932,0.5758964879852125
0.8963923481833355,0.6162400706090027,0.5758964879852125
0.8963923481833355,0.6162944655309383,0.5758964879852125
0.8962639619976891,0.616260593220339,0.5758964879852125
0.8962639619976891,0.6163149995585768,0.5758964879852125
0.8962639619976891,0.6163694155041497,0.5758964879852125
0.8962639619976891,0.6164238410596027,0.5758964879852125
0.8962639619976891,0.6164782762274814,0.5758964879852125
0.8961355758120426,0.6164444051929701,0.5758964879852125
0.8961355758120426,0.6164988517929695,0.5758964879852125
0.8960071896263962,0.6164649765921738,0.5758964879852125
0.8958788034407498,0.6164310954063604,0.5758964879852125
0.8957504172551034,0.616397208233943,0.5758964879852125
0.8956220310694569,0.6163633150733345,0.5758964879852125
0.8954936448838104,0.6163294159229478,0.5758964879852125
0.8954936448838104,0.6163838812301167,0.5758964879852125
0.8953652586981641,0.6163499779054352,0.5758964879852125
0.8953652586981641,0.6164044546579459,0.5758964879852125
0.8953652586981641,0.61645894104128,0.5758964879852125
0.8953652586981641,0.6165134370579916,0.5758964879852125
0.8952368725125176,0.616479533197772,0.5758964879852125
0.8951084863268712,0.6164456233421751,0.5758964879852125
0.8949801001412248,0.61641170748961,0.5758964879852125
0.8949801001412248,0.6164662186062965,0.5758964879852125
0.8948517139555784,0.6164322985761033,0.5758964879852125
0.8948517139555784,0.6164868211569078,0.5758964879852125
0.8948517139555784,0.6165413533834586,0.5758964879852125
0.8948517139555784,0.6165958952583156,0.5758964879852125
0.8948517139555784,0.6166504467840397,0.5758964879852125
0.8947233277699319,0.616616528048133,0.5758964879852125
0.8945949415842855,0.6165826033094416,0.5758964879852125
0.8944665553986391,0.6165486725663717,0.5758964879852125
0.8944665553986391,0.6166032392247102,0.5758964879852125
0.8943381692129927,0.6165693043016464,0.5758964879852125
0.8942097830273462,0.6165353633708064,0.5758964879852125
0.8940813968416998,0.6165014164305949,0.5758964879852125
0.8940813968416998,0.616555998229305,0.5758964879852125
0.8940813968416998,0.6166105896936427,0.5758964879852125
0.8940813968416998,0.6166651908261755,0.5758964879852125
0.8940813968416998,0.6167198016294722,0.5758964879852125
0.8940813968416998,0.6167744221061022,0.5758964879852125
0.8939530106560534,0.61674047829938,0.5758964879852125
0.893824624470407,0.6168704589757221,0.5758964879852125
0.893824624470407,0.6169251218431546,0.5758964879852125
0.8936962382847605,0.6168911733427862,0.5758964879852125
0.8935678520991142,0.6168572188247806,0.5758964879852125
0.8935678520991142,0.6169118950540684,0.5758964879852125
0.8935678520991142,0.6169665809768637,0.5758964879852125
0.8935678520991142,0.6170212765957447,0.5758964879852125
0.8935678520991142,0.6170759819132902,0.5758964879852125
0.8934394659134677,0.617042028728498,0.5758964879852125
0.8934394659134677,0.6170967455883657,0.5758964879852125
0.8933110797278213,0.617062788222774,0.5758964879852125
0.8931826935421748,0.6170288248337029,0.5758964879852125
0.8931826935421748,0.6170835550824907,0.5758964879852125
0.8931826935421748,0.617138295041249,0.5758964879852125
0.8930543073565285,0.6171043293115684,0.5758964879852125
0.8930543073565285,0.6172138420585626,0.5758964879852125
0.8930543073565285,0.6172686130091402,0.5758964879852125
0.892925921170882,0.6172894293068253,0.5758964879852125
0.892925921170882,0.6173442215515711,0.5758964879852125
0.892925921170882,0.61739902352419,0.5758964879852125
0.8927975349852356,0.6173650568181818,0.5758964879852125
0.8927975349852356,0.6174198703720145,0.5758964879852125
0.8926691487995891,0.6173858994849938,0.5758964879852125
0.8925407626139428,0.6174615862865264,0.5758964879852125
0.8925407626139428,0.617516432758927,0.5758964879852125
0.8924123764282963,0.6174824553611087,0.5758964879852125
0.8924123764282963,0.6175373134328358,0.5758964879852125
0.8924123764282963,0.6175921812527766,0.5758964879852125
0.8924123764282963,0.6176470588235294,0.5758964879852125
0.8924123764282963,0.6177019461476939,0.5758964879852125
0.8924123764282963,0.6177568432278706,0.5758964879852125
0.8924123764282963,0.6178117500666608,0.5758964879852125
0.8922839902426499,0.6177777777777778,0.5758964879852125
0.8921556040570034,0.61774379944884,0.5758964879852125
0.8920272178713571,0.6177098150782361,0.5758964879852125
0.8920272178713571,0.6177647372632702,0.5758964879852125
0.8918988316857106,0.6177307487106527,0.5758964879852125
0.8917704455000642,0.6176967541129391,0.5758964879852125
0.8917704455000642,0.6177516897901103,0.5758964879852125
0.8917704455000642,0.6178066352397047,0.5758964879852125
0.8916420593144178,0.6177726383205835,0.5758964879852125
0.8916420593144178,0.617827595409661,0.5758964879852125
0.8916420593144178,0.6178825622775801,0.5758964879852125
0.8915136731287714,0.6178485630394163,0.5758964879852125
0.8915136731287714,0.6179035415554369,0.5758964879852125
0.8913852869431249,0.6178695381329536,0.5758964879852125
0.8913852869431249,0.6179245283018868,0.5758964879852125
0.8913852869431249,0.6179795282599021,0.5758964879852125
0.8912569007574785,0.6179455225209186,0.5758964879852125
0.8912569007574785,0.618000534140479,0.5758964879852125
0.8912569007574785,0.6180555555555556,0.5758964879852125
0.8911285145718321,0.6180215475024485,0.5758964879852125
0.8910001283861857,0.6179875333926982,0.5758964879852125
0.8910001283861857,0.6180425683498085,0.5758964879852125
0.8908717422005392,0.6180635966865592,0.5758964879852125
0.8907433560148929,0.6180295742027436,0.5758964879852125
0.8907433560148929,0.6180846325167038,0.5758964879852125
0.8907433560148929,0.6181397006414825,0.5758964879852125
0.8907433560148929,0.6181947785797024,0.5758964879852125
0.8907433560148929,0.6182498663339868,0.5758964879852125
0.8907433560148929,0.6183049639069602,0.5758964879852125
0.8906149698292464,0.618270944741533,0.5758964879852125
0.8904865836435999,0.6182369195115429,0.5758964879852125
0.8903581974579535,0.6182028882153682,0.5758964879852125
0.8903581974579535,0.6182580012481056,0.5758964879852125
0.8903581974579535,0.6183131241084165,0.5758964879852125
0.8901014250866607,0.6183553335711738,0.5758964879852125
0.8899730389010142,0.6183212915886184,0.5758964879852125
0.8898446527153678,0.6182872435325603,0.5758964879852125
0.8898446527153678,0.6183975731620271,0.5758964879852125
0.8898446527153678,0.6184527527438208,0.5758964879852125
0.8898446527153678,0.6185079421738354,0.5758964879852125
0.8897162665297214,0.6184738955823293,0.5758964879852125
0.8897162665297214,0.6185290967511603,0.5758964879852125
0.889587880344075,0.6184950459698295,0.5758964879852125
0.8894594941584285,0.6184609891090876,0.5758964879852125
0.8893311079727821,0.6184269261673065,0.5758964879852125
0.8893311079727821,0.6184821428571429,0.5758964879852125
0.8893311079727821,0.6185373694079829,0.5758964879852125
0.8893311079727821,0.6185926058224683,0.5758964879852125
0.8893311079727821,0.6186478521032419,0.5758964879852125
0.8892027217871357,0.6186137906395142,0.5758964879852125
0.8890743356014893,0.6185797230906654,0.5758964879852125
0.8890743356014893,0.6186349830266215,0.5758964879852125
0.8890743356014893,0.6186902528365943,0.5758964879852125
0.8888175632301965,0.6187326838859595,0.5758964879852125
0.88868917704455,0.6188645507375949,0.5758964879852125
0.88868917704455,0.6189198855507868,0.5758964879852125
0.88868917704455,0.6189752302602164,0.5758964879852125
0.88868917704455,0.6190305848685387,0.5758964879852125
0.88868917704455,0.6190859493784098,0.5758964879852125
0.8885607908589036,0.6190518783542039,0.5758964879852125
0.8885607908589036,0.6191072546739422,0.5758964879852125
0.8884324046732571,0.6190731794596529,0.5758964879852125
0.8884324046732571,0.6191285675941666,0.5758964879852125
0.8884324046732571,0.6191839656406586,0.5758964879852125
0.8883040184876108,0.6192052980132451,0.5758964879852125
0.8883040184876108,0.6192607178018438,0.5758964879852125
0.8883040184876108,0.6193161475116362,0.5758964879852125
0.8881756323019643,0.6193929626645178,0.5758964879852125
0.8881756323019643,0.6194484240687679,0.5758964879852125
0.8880472461163179,0.6194143458404227,0.5758964879852125
0.8880472461163179,0.6194698190936773,0.5758964879852125
0.8880472461163179,0.619525302283923,0.5758964879852125
0.8880472461163179,0.6195807954138302,0.5758964879852125
0.8880472461163179,0.61963629848607,0.5758964879852125
0.8880472461163179,0.6196918115033149,0.5758964879852125
0.8880472461163179,0.6197473344682376,0.5758964879852125
0.8880472461163179,0.6198028673835125,0.5758964879852125
0.8880472461163179,0.61991396307582,0.5758964879852125
0.8879188599306714,0.6198798960293986,0.5758964879852125
0.8877904737450251,0.6198458228755827,0.5758964879852125
0.8875337013737322,0.6197776582391967,0.5758964879852125
0.8875337013737322,0.6198332287276966,0.5758964879852125
0.8875337013737322,0.6198888091822095,0.5758964879852125
0.8875337013737322,0.6199443996054166,0.5758964879852125
0.8874053151880857,0.6199103139013453,0.5758964879852125
0.8874053151880857,0.620021528525296,0.5758964879852125
0.8872769290024394,0.6199874405669686,0.5758964879852125
0.8872769290024394,0.6200430647766014,0.5758964879852125
0.8872769290024394,0.6200986989681472,0.5758964879852125
0.8871485428167929,0.6201202548685273,0.5758964879852125
0.8870201566311465,0.6200861604738827,0.5758964879852125
0.8868917704455,0.620052059958711,0.5758964879852125
0.8867633842598537,0.6200179533213644,0.5758964879852125
0.8867633842598537,0.6200736152257833,0.5758964879852125
0.8866349980742072,0.6200395043993535,0.5758964879852125
0.8865066118885608,0.6200053874472479,0.5758964879852125
0.8861214533316215,0.6199586813976466,0.5758964879852125
0.8859930671459751,0.6199245418613007,0.5758964879852125
0.8859930671459751,0.6199802353786722,0.5758964879852125
0.8858646809603287,0.6199460916442049,0.5758964879852125
0.8857362947746823,0.6199119417737443,0.5758964879852125
0.8857362947746823,0.6199676491732566,0.5758964879852125
0.8857362947746823,0.6200233665857823,0.5758964879852125
0.8856079085890358,0.6199892144526334,0.5758964879852125
0.8854795224033893,0.6199550561797753,0.5758964879852125
0.885351136217743,0.619920891765552,0.5758964879852125
0.8852227500320965,0.6198867212083071,0.5758964879852125
0.8852227500320965,0.6199424563927352,0.5758964879852125
0.8852227500320965,0.6199982016005755,0.5758964879852125
0.8850943638464501,0.6199640287769784,0.5758964879852125
0.8850943638464501,0.620019785951974,0.5758964879852125
0.8847092052895108,0.6199730094466936,0.5758964879852125
0.8845808191038644,0.6199388159078639,0.5758964879852125
0.8843240467325716,0.6198704103671706,0.5758964879852125
0.8841956605469251,0.6198361983619837,0.5758964879852125
0.8841956605469251,0.6198919891989199,0.5758964879852125
0.8840672743612787,0.6200252115973348,0.5758964879852125
0.8839388881756323,0.619990995047276,0.5758964879852125
0.8839388881756323,0.6200468299711815,0.5758964879852125
0.8838105019899859,0.6200126092047195,0.5758964879852125
0.8836821158043394,0.6199783822734642,0.5758964879852125
0.883553729618693,0.6199441491757499,0.5758964879852125
0.8834253434330466,0.6199099099099099,0.5758964879852125
0.8834253434330466,0.6199657626813226,0.5758964879852125
0.8832969572474002,0.6199315191926473,0.5758964879852125
0.8831685710617537,0.6198972695323061,0.5758964879852125
0.8831685710617537,0.6199531362653208,0.5758964879852125
0.8831685710617537,0.62000901306895,0.5758964879852125
0.8830401848761074,0.6199747611321434,0.5758964879852125
0.8830401848761074,0.6200306499594339,0.5758964879852125
0.8829117986904609,0.6199963937973314,0.5758964879852125
0.8827834125048145,0.6199621314579389,0.5758964879852125
0.882655026319168,0.6199278629395852,0.5758964879852125
0.8825266401335217,0.6199494949494949,0.5758964879852125
0.8825266401335217,0.6200054117434833,0.5758964879852125
0.8825266401335217,0.6201172755976545,0.5758964879852125
0.8825266401335217,0.6201732226632984,0.5758964879852125
0.8825266401335217,0.6202291798249572,0.5758964879852125
0.8823982539478752,0.6201949106659448,0.5758964879852125
0.8823982539478752,0.6202508798844869,0.5758964879852125
0.8823982539478752,0.6203068592057762,0.5758964879852125
0.8822698677622288,0.6202725877786804,0.5758964879852125
0.8822698677622288,0.6203285791659144,0.5758964879852125
0.8821414815765823,0.6202943035117812,0.5758964879852125
0.8821414815765823,0.6204063205417607,0.5758964879852125
0.882013095390936,0.6204280682741804,0.5758964879852125
0.882013095390936,0.6204841040462428,0.5758964879852125
0.882013095390936,0.620540149941288,0.5758964879852125
0.882013095390936,0.6205962059620597,0.5758964879852125
0.882013095390936,0.6206522721113018,0.5758964879852125
0.8818847092052895,0.6206179978315866,0.5758964879852125
0.8818847092052895,0.6206740760820457,0.5758964879852125
0.8818847092052895,0.620730164467739,0.5758964879852125
0.8818847092052895,0.6207862629914144,0.5758964879852125
0.8818847092052895,0.6208423716558207,0.5758964879852125
0.8817563230196431,0.6208080990689686,0.5758964879852125
0.8816279368339967,0.6207738202856626,0.5758964879852125
0.8814995506483503,0.620739535304222,0.5758964879852125
0.8814995506483503,0.6207956600361664,0.5758964879852125
0.8814995506483503,0.6208517949181662,0.5758964879852125
0.8814995506483503,0.6209079399529752,0.5758964879852125
0.8814995506483503,0.6210202604920405,0.5758964879852125
0.8814995506483503,0.6210764360018092,0.5758964879852125
0.8814995506483503,0.6211326216754116,0.5758964879852125
0.8814995506483503,0.6211888175156066,0.5758964879852125
0.8814995506483503,0.6212450235251539,0.5758964879852125
0.8814995506483503,0.6213012397068138,0.5758964879852125
0.8813711644627038,0.6212669683257919,0.5758964879852125
0.8813711644627038,0.6213231966693818,0.5758964879852125
0.8813711644627038,0.62137943519189,0.5758964879852125
0.8812427782770574,0.62134516158233,0.5758964879852125
0.881114392091411,0.6213108817671555,0.5758964879852125
0.881114392091411,0.6213671344499774,0.5758964879852125
0.881114392091411,0.6214233973198117,0.5758964879852125
0.881114392091411,0.6215922470790689,0.5758964879852125
0.881114392091411,0.6216485507246376,0.5758964879852125
0.881114392091411,0.6217048645710662,0.5758964879852125
0.881114392091411,0.6217611886211271,0.5758964879852125
0.8808576197201181,0.621692642261689,0.5758964879852125
0.8807292335344717,0.621658359764386,0.5758964879852125
0.8807292335344717,0.6217147000181258,0.5758964879852125
0.8807292335344717,0.6217710504849089,0.5758964879852125
0.8807292335344717,0.6218274111675127,0.5758964879852125
0.8806008473488253,0.621793128456169,0.5758964879852125
0.8804724611631788,0.6217588395285585,0.5758964879852125
0.8804724611631788,0.6218152144346722,0.5758964879852125
0.8803440749775324,0.6217809212912586,0.5758964879852125
0.8802156887918859,0.6217466219279949,0.5758964879852125
0.8798305302349467,0.6218129026404138,0.5758964879852125
0.8798305302349467,0.621869328493648,0.5758964879852125
0.8798305302349467,0.6219257645884382,0.5758964879852125
0.8797021440493002,0.6218914503539662,0.5758964879852125
0.8797021440493002,0.621947898702006,0.5758964879852125
0.8797021440493002,0.6220043572984749,0.5758964879852125
0.8797021440493002,0.6220608261461643,0.5758964879852125
0.8797021440493002,0.6221173052478663,0.5758964879852125
0.8795737578636539,0.6220829928266594,0.5758964879852125
0.8794453716780074,0.6220486741736287,0.5758964879852125
0.8794453716780074,0.622105167559713,0.5758964879852125
0.8794453716780074,0.6221616712079927,0.5758964879852125
0.8794453716780074,0.6222181851212644,0.5758964879852125
0.879316985492361,0.6221838662790697,0.5758964879852125
0.879316985492361,0.6222403924775143,0.5758964879852125
0.8791885993067146,0.6222060694166818,0.5758964879852125
0.8791885993067146,0.6222626079054975,0.5758964879852125
0.8791885993067146,0.6223191566703017,0.5758964879852125
0.8791885993067146,0.6223757157138962,0.5758964879852125
0.8791885993067146,0.6224322850390838,0.5758964879852125
0.8791885993067146,0.6224888646486683,0.5758964879852125
0.8791885993067146,0.6225454545454545,0.5758964879852125
0.8790602131210682,0.6225677395890162,0.5758964879852125
0.8790602131210682,0.6226243520960262,0.5758964879852125
0.8789318269354217,0.6225900327391779,0.5758964879852125
0.8789318269354217,0.6226466575716235,0.5758964879852125
0.8788034407497753,0.6226123340003639,0.5758964879852125
0.8788034407497753,0.6226689711634676,0.5758964879852125
0.8788034407497753,0.6227256186317321,0.5758964879852125
0.8785466683784825,0.6227702948671278,0.5758964879852125
0.878418282192836,0.6227359606808046,0.5758964879852125
0.878418282192836,0.6228493400091033,0.5758964879852125
0.878418282192836,0.6229060451565914,0.5758964879852125
0.878418282192836,0.6229627606300646,0.5758964879852125
0.878418282192836,0.6230194864323438,0.5758964879852125
0.8782898960071897,0.6229851561788544,0.5758964879852125
0.8782898960071897,0.6230418943533698,0.5758964879852125
0.8782898960071897,0.6230986428636488,0.5758964879852125
0.8781615098215432,0.62306431043906,0.5758964879852125
0.8780331236358968,0.6230299717591328,0.5758964879852125
0.8779047374502503,0.6229956268221575,0.5758964879852125
0.8779047374502503,0.623109167122289,0.5758964879852125
0.8779047374502503,0.6231659527932197,0.5758964879852125
0.877776351264604,0.6231316077287641,0.5758964879852125
0.8776479650789575,0.6230972564032449,0.5758964879852125
0.8776479650789575,0.6231540565177758,0.5758964879852125
0.8775195788933111,0.6231765134938001,0.5758964879852125
0.8773911927076646,0.623142153733929,0.5758964879852125
0.8772628065220183,0.6231646146830825,0.5758964879852125
0.8772628065220183,0.6232214520248085,0.5758964879852125
0.8772628065220183,0.6233351578179165,0.5758964879852125
0.8772628065220183,0.6233920262749749,0.5758964879852125
0.8771344203363718,0.6233576642335766,0.5758964879852125
0.8770060341507254,0.6233801788647564,0.5758964879852125
0.8770060341507254,0.6234370721912932,0.5758964879852125
0.8768776479650789,0.6234027017159547,0.5758964879852125
0.8767492617794326,0.6234252327916743,0.5758964879852125
0.8767492617794326,0.6234821510088561,0.5758964879852125
0.8767492617794326,0.6235390796201608,0.5758964879852125
0.8767492617794326,0.6235960186284357,0.5758964879852125
0.8766208755937861,0.6235616438356164,0.5758964879852125
0.8766208755937861,0.6236185953055073,0.5758964879852125
0.8766208755937861,0.6236755571793935,0.5758964879852125
0.8764924894081397,0.6236411802320271,0.5758964879852125
0.8763641032224933,0.6236067970034715,0.5758964879852125
0.8763641032224933,0.6236637734125171,0.5758964879852125
0.8762357170368469,0.6236863748515032,0.5758964879852125
0.8761073308512004,0.6238800511976595,0.5758964879852125
0.8761073308512004,0.6239370942671665,0.5758964879852125
0.8761073308512004,0.6239941477688369,0.5758964879852125
0.8761073308512004,0.6240512117055327,0.5758964879852125
0.875978944665554,0.6241309915843396,0.5758964879852125
0.8758505584799076,0.6240966059829842,0.5758964879852125
0.8757221722942612,0.6240622140896614,0.5758964879852125
0.8757221722942612,0.6241193155823954,0.5758964879852125
0.8757221722942612,0.6241764275256223,0.5758964879852125
0.8757221722942612,0.624233549922211,0.5758964879852125
0.8757221722942612,0.6242906827750321,0.5758964879852125
0.8757221722942612,0.6243478260869565,0.5758964879852125
0.8757221722942612,0.6244049798608569,0.5758964879852125
0.8757221722942612,0.6244621440996063,0.5758964879852125
0.8757221722942612,0.6245765039831517,0.5758964879852125
0.8755937861086147,0.6245421245421245,0.5758964879852125
0.8754653999229682,0.6245077388039197,0.5758964879852125
0.8754653999229682,0.6245649386334493,0.5758964879852125
0.8754653999229682,0.6246221489420171,0.5758964879852125
0.8753370137373219,0.6245877610846464,0.5758964879852125
0.8749518551803825,0.6245990285033453,0.5758964879852125
0.8749518551803825,0.6246562786434464,0.5758964879852125
0.8749518551803825,0.624713539279494,0.5758964879852125
0.8749518551803825,0.6247708104143748,0.5758964879852125
0.8749518551803825,0.6248280920509764,0.5758964879852125
0.8749518551803825,0.6248853841921878,0.5758964879852125
0.8749518551803825,0.6249426868408987,0.5758964879852125
0.8748234689947362,0.6249082905355833,0.5758964879852125
0.8748234689947362,0.6249656057965698,0.5758964879852125
0.8746950828090897,0.6249312052834343,0.5758964879852125
0.8745666966234433,0.624896798458857,0.5758964879852125
0.8745666966234433,0.624954128440367,0.5758964879852125
0.8745666966234433,0.6250114689421048,0.5758964879852125
0.8745666966234433,0.6250688199669664,0.5758964879852125
0.8744383104377969,0.6250344131412315,0.5758964879852125
0.8744383104377969,0.6250917767988252,0.5758964879852125
0.8744383104377969,0.6251491509866911,0.5758964879852125
0.8744383104377969,0.625206535707729,0.5758964879852125
0.8743099242521505,0.6251721288901129,0.5758964879852125
0.874181538066504,0.6251377157546824,0.5758964879852125
0.874181538066504,0.625195115232761,0.5758964879852125
0.874181538066504,0.6252525252525253,0.5758964879852125
0.8740531518808576,0.6252181100192855,0.5758964879852125
0.8740531518808576,0.6252755326965467,0.5758964879852125
0.8739247656952112,0.6252411132543401,0.5758964879852125
0.8737963795095648,0.6252066874885174,0.5758964879852125
0.8737963795095648,0.6252641249425815,0.5758964879852125
0.8736679933239183,0.6252296949650864,0.5758964879852125
0.8736679933239183,0.6252871450886704,0.5758964879852125
0.873539607138272,0.6252527108987318,0.5758964879852125
0.8734112209526255,0.6252757352941176,0.5758964879852125
0.8732828347669791,0.625241290559794,0.5758964879852125
0.8732828347669791,0.625298768155911,0.5758964879852125
0.8732828347669791,0.6253562563206767,0.5758964879852125
0.8732828347669791,0.6254137550570062,0.5758964879852125
0.8732828347669791,0.6254712643678161,0.5758964879852125
0.8732828347669791,0.6255287842560235,0.5758964879852125
0.8731544485813326,0.6254943437873632,0.5758964879852125
0.8730260623956863,0.6254598969830758,0.5758964879852125
0.8730260623956863,0.6255174316990157,0.5758964879852125
0.8728976762100398,0.6255405281074616,0.5758964879852125
0.8727692900243934,0.6255060728744939,0.5758964879852125
0.8726409038387469,0.6254716113002668,0.5758964879852125
0.8723841314674541,0.6255754004787332,0.5758964879852125
0.8723841314674541,0.6256329988030568,0.5758964879852125
0.8723841314674541,0.6256906077348067,0.5758964879852125
0.8723841314674541,0.625805857432308,0.5758964879852125
0.8723841314674541,0.6258634982039237,0.5758964879852125
0.8722557452818077,0.6258290346352248,0.5758964879852125
0.8721273590961612,0.6257945647167205,0.5758964879852125
0.8719989729105149,0.6257600884466556,0.5758964879852125
0.8718705867248684,0.6257256058232746,0.5758964879852125
0.8716138143535755,0.6256566215095383,0.5758964879852125
0.8716138143535755,0.6257142857142857,0.5758964879852125
0.8714854281679292,0.625679786155406,0.5758964879852125
0.8714854281679292,0.6257951507329216,0.5758964879852125
0.8713570419822827,0.6257606490872211,0.5758964879852125
0.8713570419822827,0.6258183494698017,0.5758964879852125
0.8713570419822827,0.6258760604942826,0.5758964879852125
0.8712286557966363,0.625841556764733,0.5758964879852125
0.8711002696109899,0.625807046670356,0.5758964879852125
0.8709718834253435,0.6257725302093903,0.5758964879852125
0.8709718834253435,0.6259457464476841,0.5758964879852125
0.8707151110540506,0.6259922466309765,0.5758964879852125
0.8707151110540506,0.6260500323086864,0.5758964879852125
0.8705867248684042,0.6260155096011817,0.5758964879852125
0.8704583386827577,0.625980980518881,0.5758964879852125
0.8704583386827577,0.6260387811634349,0.5758964879852125
0.8703299524971113,0.6260042478529874,0.5758964879852125
0.8702015663114648,0.6259697081640192,0.5758964879852125
0.8702015663114648,0.6260275237831348,0.5758964879852125
0.8702015663114648,0.6260853500831332,0.5758964879852125
0.8702015663114648,0.6261431870669746,0.5758964879852125
0.8700731801258185,0.6261664972743232,0.5758964879852125
0.8700731801258185,0.6262243577896877,0.5758964879852125
0.8700731801258185,0.6262822289991683,0.5758964879852125
0.869944793940172,0.6262476894639556,0.5758964879852125
0.869944793940172,0.6263055735280525,0.5758964879852125
0.869944793940172,0.6263634682935848,0.5758964879852125
0.8698164077545256,0.6263289266894703,0.5758964879852125
0.8698164077545256,0.6263868343195266,0.5758964879852125
0.8698164077545256,0.6264447526583449,0.5758964879852125
0.8696880215688791,0.6264102089883484,0.5758964879852125
0.8695596353832328,0.6263756589290669,0.5758964879852125
0.8695596353832328,0.6264335923048465,0.5758964879852125
0.8694312491975863,0.6263990380168347,0.5758964879852125
0.8693028630119399,0.6263644773358001,0.5758964879852125
0.8693028630119399,0.6264224257563141,0.5758964879852125
0.8693028630119399,0.6265383547700565,0.5758964879852125
0.8691744768262935,0.6265037941884138,0.5758964879852125
0.8690460906406471,0.6264692272096252,0.5758964879852125
0.8690460906406471,0.6265272121436505,0.5758964879852125
0.8689177044550006,0.626550638770598,0.5758964879852125
0.8687893182693542,0.6266901278014447,0.5758964879852125
0.8687893182693542,0.6267481707881819,0.5758964879852125
0.8685325458980614,0.6266790180639185,0.5758964879852125
0.8684041597124149,0.6267024923561567,0.5758964879852125
0.8684041597124149,0.6267605633802817,0.5758964879852125
0.8682757735267685,0.6267259753498285,0.5758964879852125
0.8682757735267685,0.6267840593141798,0.5758964879852125
0.8682757735267685,0.6268421540457874,0.5758964879852125
0.8682757735267685,0.6269002595476455,0.5758964879852125
0.8682757735267685,0.6269583758227496,0.5758964879852125
0.8681473873411221,0.6269237900982756,0.5758964879852125
0.8680190011554757,0.6269473293768546,0.5758964879852125
0.8678906149698292,0.6269127330056571,0.5758964879852125
0.8678906149698292,0.6269708773882396,0.5758964879852125
0.8677622287841829,0.6269944341372913,0.5758964879852125
0.8677622287841829,0.6270526022822154,0.5758964879852125
0.8677622287841829,0.6271107812210057,0.5758964879852125
0.8677622287841829,0.627168970956667,0.5758964879852125
0.8677622287841829,0.6272271714922049,0.5758964879852125
0.8677622287841829,0.6272853828306264,0.5758964879852125
0.8676338425985364,0.6272507889363282,0.5758964879852125
0.8676338425985364,0.6273672484218343,0.5758964879852125
0.86750545641289,0.6273326524928048,0.5758964879852125
0.8673770702272435,0.6272980501392758,0.5758964879852125
0.8672486840415972,0.6272634413594577,0.5758964879852125
0.8669919116703043,0.6273107292150488,0.5758964879852125
0.8669919116703043,0.6273690078037905,0.5758964879852125
0.8669919116703043,0.6274272972219641,0.5758964879852125
0.8668635254846578,0.6273926779409031,0.5758964879852125
0.8667351392990115,0.6274746723673204,0.5758964879852125
0.866606753113365,0.6274400446179588,0.5758964879852125
0.866606753113365,0.6274983731523659,0.5758964879852125
0.8664783669277186,0.6275220827522082,0.5758964879852125
0.8664783669277186,0.6275804351869072,0.5758964879852125
0.8663499807420721,0.6275458011717661,0.5758964879852125
0.8663499807420721,0.6276041666666666,0.5758964879852125
0.8662215945564258,0.6276279069767442,0.5758964879852125
0.8662215945564258,0.6276862963996651,0.5758964879852125
0.8660932083707793,0.6276516561220692,0.5758964879852125
0.8660932083707793,0.6277100586210105,0.5758964879852125
0.8659648221851329,0.6276754141075749,0.5758964879852125
0.8659648221851329,0.6277338296882271,0.5758964879852125
0.8659648221851329,0.6277922561429635,0.5758964879852125
0.8658364359994865,0.6277576096062553,0.5758964879852125
0.8658364359994865,0.6278160491528579,0.5758964879852125
0.8657080498138401,0.6277813983800391,0.5758964879852125
0.8655796636281936,0.6277467411545624,0.5758964879852125
0.8654512774425471,0.6277120774746252,0.5758964879852125
0.8651945050712543,0.6277596646483465,0.5758964879852125
0.8650661188856079,0.6277249860257127,0.5758964879852125
0.8650661188856079,0.6277834715363831,0.5758964879852125
0.8649377326999614,0.627807287298481,0.5758964879852125
0.8649377326999614,0.627865796831314,0.5758964879852125
0.8649377326999614,0.6279243172709479,0.5758964879852125
0.8649377326999614,0.6279828486204325,0.5758964879852125
0.8646809603286686,0.6279134812604885,0.5758964879852125
0.8645525741430222,0.6278787878787879,0.5758964879852125
0.8645525741430222,0.6279373368146214,0.5758964879852125
0.8644241879573757,0.6279026391867948,0.5758964879852125
0.8642958017717294,0.6278679350867375,0.5758964879852125
0.8642958017717294,0.6279264993937133,0.5758964879852125
0.8641674155860829,0.6278917910447761,0.5758964879852125
0.8641674155860829,0.6279503685045247,0.5758964879852125
0.8641674155860829,0.6280089568949431,0.5758964879852125
0.8640390294004365,0.6279742465242139,0.5758964879852125
0.8637822570291437,0.6280806572068708,0.5758964879852125
0.8637822570291437,0.6281392960507889,0.5758964879852125
0.8637822570291437,0.6281979458450047,0.5758964879852125
0.8637822570291437,0.6284326545862133,0.5758964879852125
0.8636538708434972,0.6283979448855674,0.5758964879852125
0.8635254846578508,0.6283632286995515,0.5758964879852125
0.8635254846578508,0.6284219377744558,0.5758964879852125
0.8635254846578508,0.6284806578209681,0.5758964879852125
0.8633970984722044,0.6284459396318101,0.5758964879852125
0.863268712286558,0.6284699504626601,0.5758964879852125
0.863268712286558,0.6285286969527014,0.5758964879852125
0.8631403261009115,0.6285527299925205,0.5758964879852125
0.8631403261009115,0.6286702824013466,0.5758964879852125
0.8630119399152651,0.6288119738072966,0.5758964879852125
0.8628835537296187,0.6287772476377584,0.5758964879852125
0.8628835537296187,0.6288360778443114,0.5758964879852125
0.8628835537296187,0.6288949190605408,0.5758964879852125
0.8628835537296187,0.6289537712895377,0.5758964879852125
0.8628835537296187,0.629012634534394,0.5758964879852125
0.8627551675439723,0.6289779108947959,0.5758964879852125
0.8627551675439723,0.6290367874192643,0.5758964879852125
0.8626267813583258,0.6290020595394121,0.5758964879852125
0.8624983951726795,0.6289673251568205,0.5758964879852125
0.862370008987033,0.6289914786028654,0.5758964879852125
0.8622416228013866,0.6289567334706874,0.5758964879852125
0.8622416228013866,0.6290156410976866,0.5758964879852125
0.8621132366157401,0.6289808917197452,0.5758964879852125
0.8619848504300938,0.6289461358313817,0.5758964879852125
0.8618564642444473,0.6289113734307663,0.5758964879852125
0.8618564642444473,0.628970298885037,0.5758964879852125
0.8618564642444473,0.6290292353823088,0.5758964879852125
0.8618564642444473,0.6290881829256865,0.5758964879852125
0.8617280780588009,0.6290534208059981,0.5758964879852125
0.8617280780588009,0.6291123816665104,0.5758964879852125
0.8615996918731544,0.6290776152980877,0.5758964879852125
0.8615996918731544,0.6291955747234202,0.5758964879852125
0.8615996918731544,0.6292545710267229,0.5758964879852125
0.8615996918731544,0.6293135783945987,0.5758964879852125
0.8615996918731544,0.6293725968301603,0.5758964879852125
0.8614713056875081,0.6293378353029451,0.5758964879852125
0.8613429195018616,0.6293030672544789,0.5758964879852125
0.8610861471305687,0.6292925501970351,0.5758964879852125
0.8610861471305687,0.629351599887398,0.5758964879852125
0.8609577609449224,0.6293168168168168,0.5758964879852125
0.8608293747592759,0.6292820272172689,0.5758964879852125
0.8608293747592759,0.6293410925474,0.5758964879852125
0.8607009885736295,0.6293062986952033,0.5758964879852125
0.860572602387983,0.6292714983101765,0.5758964879852125
0.860572602387983,0.6293305792883297,0.5758964879852125
0.860572602387983,0.6293896713615024,0.5758964879852125
0.8604442162023366,0.6293548690017842,0.5758964879852125
0.8603158300166902,0.629320060105184,0.5758964879852125
0.8603158300166902,0.6293791678407064,0.5758964879852125
0.8601874438310437,0.6293443546872065,0.5758964879852125
0.8601874438310437,0.6294034758102396,0.5758964879852125
0.8600590576453974,0.6293686583990981,0.5758964879852125
0.8599306714597509,0.6293338344451752,0.5758964879852125
0.8598022852741045,0.6292990039466265,0.5758964879852125
0.8598022852741045,0.6294172932330827,0.5758964879852125
0.859673899088458,0.62938246075759,0.5758964879852125
0.859673899088458,0.6294416243654822,0.5758964879852125
0.859673899088458,0.6295007990974899,0.5758964879852125
0.859673899088458,0.6295599849567507,0.5758964879852125
0.859673899088458,0.6296191819464034,0.5758964879852125
0.859673899088458,0.6296783900695881,0.5758964879852125
0.8595455129028117,0.6296435624941221,0.5758964879852125
0.8594171267171652,0.6296087283671934,0.5758964879852125
0.8592887405315188,0.6295738876869532,0.5758964879852125
0.8592887405315188,0.6296331138287865,0.5758964879852125
0.859031968160226,0.6296226592641385,0.5758964879852125
0.859031968160226,0.629681912290608,0.5758964879852125
0.8589035819745795,0.6296470588235294,0.5758964879852125
0.8589035819745795,0.6297063253012049,0.5758964879852125
0.8589035819745795,0.6297656029370234,0.5758964879852125
0.8589035819745795,0.6298248917341367,0.5758964879852125
0.8589035819745795,0.6298841916956972,0.5758964879852125
0.8587751957889331,0.62984934086629,0.5758964879852125
0.8586468096032867,0.62981448347302,0.5758964879852125
0.8586468096032867,0.6298737992088905,0.5758964879852125
0.8586468096032867,0.6299331261184892,0.5758964879852125
0.8586468096032867,0.6299924642049737,0.5758964879852125
0.8586468096032867,0.6300518134715026,0.5758964879852125
0.8586468096032867,0.6301111739212361,0.5758964879852125
0.8585184234176403,0.6300763214925091,0.5758964879852125
0.8585184234176403,0.6301356954391255,0.5758964879852125
0.8582616510463474,0.6300659754948162,0.5758964879852125
0.858133264860701,0.6300311056650014,0.5758964879852125
0.858133264860701,0.6300904977375565,0.5758964879852125
0.8580048786750546,0.6300556236447629,0.5758964879852125
0.8578764924894081,0.6300207429756741,0.5758964879852125
0.8574913339324689,0.6300349023677012,0.5758964879852125
0.8574913339324689,0.6300943396226415,0.5758964879852125
0.8573629477468224,0.6300594395697707,0.5758964879852125
0.8573629477468224,0.6301188903566711,0.5758964879852125
0.8572345615611761,0.6300839860337831,0.5758964879852125
0.8571061753755296,0.6300490751226878,0.5758964879852125
0.8571061753755296,0.6301085417649834,0.5758964879852125
0.8571061753755296,0.6301680196337549,0.5758964879852125
0.8569777891898832,0.6301331067686208,0.5758964879852125
0.8568494030042367,0.6300981873111783,0.5758964879852125
0.8568494030042367,0.6301576810499481,0.5758964879852125
0.8568494030042367,0.6302171860245515,0.5758964879852125
0.8567210168185904,0.6301822646142223,0.5758964879852125
0.8567210168185904,0.6302417831507366,0.5758964879852125
0.8565926306329439,0.6302068574667045,0.5758964879852125
0.8564642444472975,0.6301719251842055,0.5758964879852125
0.8564642444472975,0.6302314596126595,0.5758964879852125
0.856335858261651,0.6301965230536659,0.5758964879852125
0.856335858261651,0.6302560710573561,0.5758964879852125
0.856335858261651,0.6303156303156303,0.5758964879852125
0.8562074720760047,0.6302806918060675,0.5758964879852125
0.8562074720760047,0.6303402646502836,0.5758964879852125
0.8560790858903582,0.6303053218640703,0.5758964879852125
0.8560790858903582,0.6303649083002458,0.5758964879852125
0.8559506997047118,0.6303299612366455,0.5758964879852125
0.8559506997047118,0.6303895612708018,0.5758964879852125
0.8559506997047118,0.6304491725768322,0.5758964879852125
0.8559506997047118,0.6305087951579346,0.5758964879852125
0.8556939273334189,0.6304388951948543,0.5758964879852125
0.8556939273334189,0.6304985337243402,0.5758964879852125
0.8555655411477725,0.6304635761589404,0.5758964879852125
0.855437154962126,0.6304286119784275,0.5758964879852125
0.855437154962126,0.6304882664647994,0.5758964879852125
0.855437154962126,0.6305479322418851,0.5758964879852125
0.8553087687764797,0.6305129661177361,0.5758964879852125
0.8551803825908332,0.6304779933743493,0.5758964879852125
0.8551803825908332,0.6305376751230595,0.5758964879852125
0.8551803825908332,0.6305973681719208,0.5758964879852125
0.8550519964051868,0.6305623934860822,0.5758964879852125
0.8550519964051868,0.6306221001799072,0.5758964879852125
0.8549236102195403,0.6305871212121212,0.5758964879852125
0.8549236102195403,0.6306468415569656,0.5758964879852125
0.8549236102195403,0.630706573214624,0.5758964879852125
0.8549236102195403,0.630766316188311,0.5758964879852125
0.8549236102195403,0.6308260704812428,0.5758964879852125
0.8549236102195403,0.6308858360966366,0.5758964879852125
0.8549236102195403,0.6309456130377108,0.5758964879852125
0.854795224033894,0.6309106415237373,0.5758964879852125
0.8546668378482475,0.6311747416326917,0.5758964879852125
0.8546668378482475,0.6312345913142424,0.5758964879852125
0.8546668378482475,0.6312944523470839,0.5758964879852125
0.8546668378482475,0.6313543247344461,0.5758964879852125
0.8546668378482475,0.6315939278937381,0.5758964879852125
0.8545384516626011,0.6315589714394155,0.5758964879852125
0.8544100654769546,0.6315240083507306,0.5758964879852125
0.8542816792913083,0.6314890386257949,0.5758964879852125
0.8541532931056618,0.6314540622627183,0.5758964879852125
0.8540249069200154,0.6314190792596108,0.5758964879852125
0.8540249069200154,0.6314790203151699,0.5758964879852125
0.8540249069200154,0.6315389727523023,0.5758964879852125
0.8540249069200154,0.6315989365742499,0.5758964879852125
0.853896520734369,0.631563954040452,0.5758964879852125
0.8537681345487226,0.6315889448190711,0.5758964879852125
0.8537681345487226,0.6316489361702128,0.5758964879852125
0.8537681345487226,0.6317089389189703,0.5758964879852125
0.8536397483630761,0.6316739502185066,0.5758964879852125
0.8536397483630761,0.6317339667458433,0.5758964879852125
0.8535113621774297,0.6316989737742303,0.5758964879852125
0.8535113621774297,0.6317590040862872,0.5758964879852125
0.8533829759917833,0.6317240068428055,0.5758964879852125
0.8532545898061369,0.631689002946488,0.5758964879852125
0.8531262036204904,0.6316539923954373,0.5758964879852125
0.8531262036204904,0.6317140412586748,0.5758964879852125
0.852997817434844,0.6316790264308804,0.5758964879852125
0.852997817434844,0.631739089093848,0.5758964879852125
0.852997817434844,0.6317991631799164,0.5758964879852125
0.8528694312491976,0.6319444444444444,0.5758964879852125
0.8527410450635512,0.6319094282180573,0.5758964879852125
0.8527410450635512,0.6319695528068506,0.5758964879852125
0.8527410450635512,0.6320296888381387,0.5758964879852125
0.8526126588779047,0.631994670727065,0.5758964879852125
0.8524842726922583,0.6319596459503188,0.5758964879852125
0.8524842726922583,0.6320197982105463,0.5758964879852125
0.8523558865066119,0.631984769157544,0.5758964879852125
0.8522275003209655,0.6319497334348819,0.5758964879852125
0.8522275003209655,0.6320099019327811,0.5758964879852125
0.8522275003209655,0.6320700818891639,0.5758964879852125
0.852099114135319,0.632035044281497,0.5758964879852125
0.8518423417640262,0.6320251476471709,0.5758964879852125
0.8515855693927333,0.6319550304878049,0.5758964879852125
0.8515855693927333,0.6320152453549309,0.5758964879852125
0.851457183207087,0.6321006481128478,0.5758964879852125
0.8513287970214405,0.6320655800209704,0.5758964879852125
0.8513287970214405,0.6321258341277407,0.5758964879852125
0.8513287970214405,0.6321860997235199,0.5758964879852125
0.8513287970214405,0.6322463768115942,0.5758964879852125
0.8513287970214405,0.6323066653952513,0.5758964879852125
0.8513287970214405,0.6323669654777799,0.5758964879852125
0.8512004108357941,0.6323319027181689,0.5758964879852125
0.8510720246501476,0.6322968332697444,0.5758964879852125
0.8509436384645013,0.6322617571305924,0.5758964879852125
0.8509436384645013,0.6323220759397061,0.5758964879852125
0.8508152522788548,0.6322869955156951,0.5758964879852125
0.8508152522788548,0.6323473282442749,0.5758964879852125
0.8506868660932083,0.6323122435346884,0.5758964879852125
0.8506868660932083,0.6323725901889674,0.5758964879852125
0.850558479907562,0.6323978617793051,0.5758964879852125
0.8503017075362691,0.6323276685125072,0.5758964879852125
0.8503017075362691,0.6323880454502053,0.5758964879852125
0.8503017075362691,0.6324484339190222,0.5758964879852125
0.8503017075362691,0.6325088339222615,0.5758964879852125
0.8503017075362691,0.6325692454632282,0.5758964879852125
0.8501733213506226,0.6325341484382463,0.5758964879852125
0.8501733213506226,0.6325945739396255,0.5758964879852125
0.8500449351649763,0.6325594726282603,0.5758964879852125
0.8500449351649763,0.6326199120963119,0.5758964879852125
0.8500449351649763,0.6326803631151457,0.5758964879852125
0.8500449351649763,0.6327408256880734,0.5758964879852125
0.8499165489793298,0.6327057249354869,0.5758964879852125
0.8497881627936834,0.6326706174727585,0.5758964879852125
0.8497881627936834,0.6327310964534939,0.5758964879852125
0.8497881627936834,0.6327915869980879,0.5758964879852125
0.8497881627936834,0.6329126027921209,0.5758964879852125
0.8495313904223906,0.6328423871461362,0.5758964879852125
0.8495313904223906,0.6329029172644668,0.5758964879852125
0.8494030042367441,0.6328678017983547,0.5758964879852125
0.8492746180510977,0.6329537843268587,0.5758964879852125
0.8491462318654512,0.6329186602870813,0.5758964879852125
0.8491462318654512,0.6329792324624366,0.5758964879852125
0.8491462318654512,0.6330398162327718,0.5758964879852125
0.8491462318654512,0.6331004116014167,0.5758964879852125
0.8491462318654512,0.633161018571702,0.5758964879852125
0.8491462318654512,0.6332216371469602,0.5758964879852125
0.8491462318654512,0.6332822673305247,0.5758964879852125
0.8490178456798049,0.6332471512017619,0.5758964879852125
0.8490178456798049,0.6333077954414863,0.5758964879852125
0.8488894594941584,0.6332726750311273,0.5758964879852125
0.848761073308512,0.6332375478927204,0.5758964879852125
0.848761073308512,0.6332982086406744,0.5758964879852125
0.848761073308512,0.633358881011688,0.5758964879852125
0.848761073308512,0.6334195650091022,0.5758964879852125
0.848761073308512,0.6334802606362591,0.5758964879852125
0.8486326871228655,0.633445136559655,0.5758964879852125
0.8486326871228655,0.6335058462718037,0.5758964879852125
0.8485043009372192,0.6334707179143103,0.5758964879852125
0.8483759147515727,0.6334355828220859,0.5758964879852125
0.8483759147515727,0.6334963090787077,0.5758964879852125
0.8483759147515727,0.6335570469798658,0.5758964879852125
0.8483759147515727,0.6336177965289098,0.5758964879852125
0.8483759147515727,0.6336785577291907,0.5758964879852125
0.8483759147515727,0.6337393305840606,0.5758964879852125
0.8482475285659263,0.6337042010358719,0.5758964879852125
0.8479907561946335,0.6336339217191097,0.5758964879852125
0.8479907561946335,0.6336947136141227,0.5758964879852125
0.847862370008987,0.6336595663020533,0.5758964879852125
0.847862370008987,0.6339028604338645,0.5758964879852125
0.8477339838233406,0.6338677162330806,0.5758964879852125
0.8477339838233406,0.6339285714285714,0.5758964879852125
0.8476055976376942,0.6338934229476716,0.5758964879852125
0.8476055976376942,0.6339542922988285,0.5758964879852125
0.8476055976376942,0.6340151733410161,0.5758964879852125
0.8474772114520478,0.6339800230503265,0.5758964879852125
0.8474772114520478,0.6340409182595332,0.5758964879852125
0.8473488252664013,0.6340057636887608,0.5758964879852125
0.8473488252664013,0.6340666730713805,0.5758964879852125
0.8473488252664013,0.6341275941583397,0.5758964879852125
0.8473488252664013,0.6341885269530124,0.5758964879852125
0.847220439080755,0.6342752787389465,0.5758964879852125
0.847220439080755,0.6343362491588965,0.5758964879852125
0.8470920528951085,0.6343010959430879,0.5758964879852125
0.8470920528951085,0.634423076923077,0.5758964879852125
0.8469636667094621,0.6343879219155688,0.5758964879852125
0.8469636667094621,0.6344489324870167,0.5758964879852125
0.8469636667094621,0.6345099547946523,0.5758964879852125
0.8469636667094621,0.6345709888418622,0.5758964879852125
0.8469636667094621,0.6346320346320347,0.5758964879852125
0.8469636667094621,0.6346930921685587,0.5758964879852125
0.8468352805238156,0.6346579428461464,0.5758964879852125
0.8468352805238156,0.6347190146266358,0.5758964879852125
0.8467068943381693,0.6346838610335868,0.5758964879852125
0.8465785081525228,0.6346487006737247,0.5758964879852125
0.8465785081525228,0.6347097892001156,0.5758964879852125
0.8464501219668764,0.6346746245668079,0.5758964879852125
0.8464501219668764,0.6347357273514971,0.5758964879852125
0.8463217357812299,0.6347005584440593,0.5758964879852125
0.8463217357812299,0.6347616754935003,0.5758964879852125
0.8460649634099371,0.6347524561741476,0.5758964879852125
0.8459365772242907,0.6347784200385357,0.5758964879852125
0.8458081910386442,0.6347432315251951,0.5758964879852125
0.8456798048529978,0.6347080362304875,0.5758964879852125
0.8455514186673514,0.6346728341524526,0.5758964879852125
0.8455514186673514,0.6347340015420201,0.5758964879852125
0.8454230324817049,0.6348211703460908,0.5758964879852125
0.8454230324817049,0.6348823756266873,0.5758964879852125
0.8452946462960585,0.6348471699932504,0.5758964879852125
0.8451662601104121,0.6348119575699133,0.5758964879852125
0.8447811015534729,0.6347062795408508,0.5758964879852125
0.8446527153678264,0.6346710399382597,0.5758964879852125
0.8442675568108872,0.6345652803242304,0.5758964879852125
0.8442675568108872,0.6346265199768385,0.5758964879852125
0.8441391706252407,0.6345912556703021,0.5758964879852125
0.8440107844395943,0.6345559845559846,0.5758964879852125
0.8438823982539478,0.6345207066319143,0.5758964879852125
0.8438823982539478,0.6345819656304306,0.5758964879852125
0.8438823982539478,0.6346432364584339,0.5758964879852125
0.8437540120683015,0.6346079567400541,0.5758964879852125
0.8437540120683015,0.6346692419121197,0.5758964879852125
0.8437540120683015,0.6347305389221557,0.5758964879852125
0.8437540120683015,0.6347918477735922,0.5758964879852125
0.8437540120683015,0.634853168469861,0.5758964879852125
0.843625625882655,0.6348178919911119,0.5758964879852125
0.8434972396970086,0.6347826086956522,0.5758964879852125
0.8433688535113621,0.6348086586780054,0.5758964879852125
0.8432404673257158,0.6349574632637278,0.5758964879852125
0.8431120811400693,0.6349221695832931,0.5758964879852125
0.8431120811400693,0.635044966637656,0.5758964879852125
0.8431120811400693,0.6351063829787233,0.5758964879852125
0.8429836949544229,0.6350710900473934,0.5758964879852125
0.8429836949544229,0.6351325207970594,0.5758964879852125
0.8429836949544229,0.6351939634323305,0.5758964879852125
0.8429836949544229,0.6352554179566563,0.5758964879852125
0.8428553087687765,0.6352815947358235,0.5758964879852125
0.8427269225831301,0.6352462982676861,0.5758964879852125
0.8425985363974836,0.6352109949670925,0.5758964879852125
0.8425985363974836,0.6353954884306322,0.5758964879852125
0.8424701502118372,0.6354217100803718,0.5758964879852125
0.8424701502118372,0.6354832461747046,0.5758964879852125
0.8423417640261908,0.6354479418886199,0.5758964879852125
0.8423417640261908,0.6355094924447888,0.5758964879852125
0.8422133778405444,0.6354741838612806,0.5758964879852125
0.8420849916548979,0.6354388684363496,0.5758964879852125
0.8420849916548979,0.6355004360042632,0.5758964879852125
0.8420849916548979,0.6355620155038759,0.5758964879852125
0.8420849916548979,0.635685210312076,0.5758964879852125
0.8420849916548979,0.6357468256276049,0.5758964879852125
0.8419566054692516,0.6357115160915083,0.5758964879852125
0.8418282192836051,0.6356761997091614,0.5758964879852125
0.8416998330979587,0.6356408764785728,0.5758964879852125
0.8416998330979587,0.635702511393387,0.5758964879852125
0.8416998330979587,0.6357641582622188,0.5758964879852125
0.8415714469123122,0.6357288332848414,0.5758964879852125
0.8415714469123122,0.6357904946653734,0.5758964879852125
0.8415714469123122,0.6358521680085363,0.5758964879852125
0.8414430607266659,0.6358168412883197,0.5758964879852125
0.8414430607266659,0.6358785291549433,0.5758964879852125
0.8413146745410194,0.6358431981370075,0.5758964879852125
0.8413146745410194,0.6359049005337215,0.5758964879852125
0.841186288355373,0.6358695652173914,0.5758964879852125
0.841186288355373,0.6359312821508298,0.5758964879852125
0.8410579021697265,0.6359576740122318,0.5758964879852125
0.8410579021697265,0.6360194174757282,0.5758964879852125
0.8410579021697265,0.6360811729294106,0.5758964879852125
0.8410579021697265,0.6361429403767722,0.5758964879852125
0.8410579021697265,0.6362047198213072,0.5758964879852125
0.8409295159840802,0.6361693861693861,0.5758964879852125
0.8409295159840802,0.6362929862055566,0.5758964879852125
0.8409295159840802,0.6363548042358884,0.5758964879852125
0.8408011297984337,0.6363194714341236,0.5758964879852125
0.8406727436127872,0.6362841317656205,0.5758964879852125
0.8405443574271408,0.636248785228377,0.5758964879852125
0.8404159712414944,0.6362134318203907,0.5758964879852125
0.8404159712414944,0.6362752721617418,0.5758964879852125
0.840287585055848,0.6362399144551375,0.5758964879852125
0.840287585055848,0.6363017693952946,0.5758964879852125
0.840287585055848,0.6363636363636364,0.5758964879852125
0.840287585055848,0.6364255153636718,0.5758964879852125
0.840287585055848,0.6364874063989108,0.5758964879852125
0.8401591988702015,0.6364520521299358,0.5758964879852125
0.8401591988702015,0.6365139577862076,0.5758964879852125
0.8400308126845552,0.6364785992217898,0.5758964879852125
0.8399024264989087,0.6364432337776048,0.5758964879852125
0.8397740403132623,0.6364078614516443,0.5758964879852125
0.8396456541276158,0.6363724822418994,0.5758964879852125
0.8395172679419695,0.6363370961463605,0.5758964879852125
0.8395172679419695,0.6363990267639903,0.5758964879852125
0.839388881756323,0.6363636363636364,0.5758964879852125
0.839388881756323,0.6364255816217269,0.5758964879852125
0.839388881756323,0.63648753894081,0.5758964879852125
0.839388881756323,0.6365495083244085,0.5758964879852125
0.8392604955706766,0.6365141187925998,0.5758964879852125
0.8392604955706766,0.6365761028337715,0.5758964879852125
0.8391321093850301,0.6365407089988313,0.5758964879852125
0.8390037231993838,0.6365673095655562,0.5758964879852125
0.8388753370137373,0.6365319045299561,0.5758964879852125
0.8387469508280909,0.6364964925954794,0.5758964879852125
0.8386185646424444,0.6365230949132723,0.5758964879852125
0.8386185646424444,0.6365851281551506,0.5758964879852125
0.8386185646424444,0.636709230919193,0.5758964879852125
0.8384901784567981,0.6366738155585884,0.5758964879852125
0.8383617922711516,0.6366383932923857,0.5758964879852125
0.8383617922711516,0.6367004680187207,0.5758964879852125
0.8382334060855052,0.6366650414431985,0.5758964879852125
0.8382334060855052,0.6367271308757558,0.5758964879852125
0.8382334060855052,0.6367892324197796,0.5758964879852125
0.8381050198998587,0.6368159203980099,0.5758964879852125
0.8379766337142124,0.6368426187920773,0.5758964879852125
0.8378482475285659,0.6368071818891491,0.5758964879852125
0.8377198613429195,0.6367717380696789,0.5758964879852125
0.8377198613429195,0.6368338863946906,0.5758964879852125
0.8375914751572731,0.6367984382625671,0.5758964879852125
0.8375914751572731,0.6368606013276064,0.5758964879852125
0.8375914751572731,0.6369849638742433,0.5758964879852125
0.8374630889716267,0.6369495166487648,0.5758964879852125
0.8373347027859802,0.6369140625,0.5758964879852125
0.8373347027859802,0.6369762672135951,0.5758964879852125
0.8373347027859802,0.6370384840789217,0.5758964879852125
0.8372063166003338,0.6370652598671356,0.5758964879852125
0.8372063166003338,0.6371275036638984,0.5758964879852125
0.8372063166003338,0.6371897596247802,0.5758964879852125
0.8372063166003338,0.6373143080531666,0.5758964879852125
0.8372063166003338,0.6373766005278076,0.5758964879852125
0.8372063166003338,0.6374389051808407,0.5758964879852125
0.8370779304146874,0.6375281118607607,0.5758964879852125
0.836949544229041,0.6374926657539605,0.5758964879852125
0.8368211580433945,0.6374572127139364,0.5758964879852125
0.8368211580433945,0.6375195618153364,0.5758964879852125
0.8366927718577482,0.637484104470312,0.5758964879852125
0.8366927718577482,0.637546468401487,0.5758964879852125
0.8366927718577482,0.6376712328767123,0.5758964879852125
0.8365643856721017,0.6376357764947647,0.5758964879852125
0.8364359994864553,0.6376003131728323,0.5758964879852125
0.836050840929516,0.637493881546745,0.5758964879852125
0.836050840929516,0.6375562952809869,0.5758964879852125
0.836050840929516,0.6376187212376383,0.5758964879852125
0.836050840929516,0.6376811594202898,0.5758964879852125
0.8357940685582231,0.6376101860920667,0.5758964879852125
0.8357940685582231,0.6376726417866588,0.5758964879852125
0.8357940685582231,0.6377351097178683,0.5758964879852125
0.8356656823725767,0.637699617909278,0.5758964879852125
0.8352805238156374,0.6375931007448059,0.5758964879852125
0.835152137629991,0.637620074495197,0.5758964879852125
0.835152137629991,0.6376825801392021,0.5758964879852125
0.835152137629991,0.6377450980392156,0.5758964879852125
0.835152137629991,0.6378076281988431,0.5758964879852125
0.8350237514443446,0.6377721121788587,0.5758964879852125
0.8348953652586981,0.6377365891928999,0.5758964879852125
0.8347669790730518,0.6377010592389172,0.5758964879852125
0.8347669790730518,0.6377636096125552,0.5758964879852125
0.8347669790730518,0.637826172258191,0.5758964879852125
0.8343818205161124,0.6377195564713963,0.5758964879852125
0.8342534343304661,0.6376840039254171,0.5758964879852125
0.8342534343304661,0.6377465894592207,0.5758964879852125
0.8342534343304661,0.6378091872791519,0.5758964879852125
0.8341250481448196,0.6377736330617454,0.5758964879852125
0.8339966619591732,0.6377380718633419,0.5758964879852125
0.8339966619591732,0.6378006872852233,0.5758964879852125
0.8339966619591732,0.6378633150039277,0.5758964879852125
0.8337398895878804,0.637917485265226,0.5758964879852125
0.8337398895878804,0.6379801552215345,0.5758964879852125
0.8337398895878804,0.6380428374926311,0.5758964879852125
0.8336115034022339,0.6380072712980249,0.5758964879852125
0.8334831172165875,0.6380971102811087,0.5758964879852125
0.8334831172165875,0.6381598348569744,0.5758964879852125
0.833354731030941,0.6381242626818718,0.5758964879852125
0.833354731030941,0.6381870022613312,0.5758964879852125
0.833354731030941,0.6382497541789577,0.5758964879852125
0.833354731030941,0.6383125184383912,0.5758964879852125
0.833354731030941,0.6383752950432731,0.5758964879852125
0.833354731030941,0.638438083997246,0.5758964879852125
0.8332263448452947,0.6384025181979146,0.5758964879852125
0.8329695724740018,0.638456996654202,0.5758964879852125
0.8329695724740018,0.6385198307253223,0.5758964879852125
0.8325844139170625,0.6384130734396535,0.5758964879852125
0.8324560277314161,0.6385032003938946,0.5758964879852125
0.8323276415457697,0.6384675989757731,0.5758964879852125
0.8323276415457697,0.6385304836009061,0.5758964879852125
0.8323276415457697,0.6385933806146572,0.5758964879852125
0.8323276415457697,0.6386562900206876,0.5758964879852125
0.8323276415457697,0.6387192118226601,0.5758964879852125
0.8321992553601233,0.6386836141491773,0.5758964879852125
0.8321992553601233,0.6387465510445408,0.5758964879852125
0.8319424829888304,0.638675340035482,0.5758964879852125
0.8319424829888304,0.6387382947264663,0.5758964879852125
0.8316857106175376,0.6386670610273095,0.5758964879852125
0.8316857106175376,0.6387300335239597,0.5758964879852125
0.8315573244318911,0.6386944088354206,0.5758964879852125
0.8314289382462448,0.6386587771203156,0.5758964879852125
0.8314289382462448,0.6387217674326857,0.5758964879852125
0.8314289382462448,0.6387847701716315,0.5758964879852125
0.8313005520605983,0.6387491368254907,0.5758964879852125
0.8311721658749519,0.6387134964483031,0.5758964879852125
0.8311721658749519,0.638776517020227,0.5758964879852125
0.8311721658749519,0.6389025954801145,0.5758964879852125
0.8311721658749519,0.6389656533754441,0.5758964879852125
0.8310437796893054,0.6389300167801797,0.5758964879852125
0.8310437796893054,0.6389930898321816,0.5758964879852125
0.8310437796893054,0.639056175338138,0.5758964879852125
0.8310437796893054,0.6391192733017378,0.5758964879852125
0.8309153935036591,0.6390836377999407,0.5758964879852125
0.8307870073180126,0.6390479952597274,0.5758964879852125
0.8307870073180126,0.6391111111111111,0.5758964879852125
0.8307870073180126,0.6391742394310549,0.5758964879852125
0.8307870073180126,0.6392373802232539,0.5758964879852125
0.8307870073180126,0.6393005334914048,0.5758964879852125
0.8306586211323661,0.6392648947732438,0.5758964879852125
0.8305302349467197,0.6392292490118577,0.5758964879852125
0.8305302349467197,0.6392924201996245,0.5758964879852125
0.8305302349467197,0.6393556038742835,0.5758964879852125
0.8305302349467197,0.6394188000395374,0.5758964879852125
0.8305302349467197,0.6394820086990906,0.5758964879852125
0.8305302349467197,0.6395452298566485,0.5758964879852125
0.8304018487610733,0.639509590666403,0.5758964879852125
0.8304018487610733,0.6396360759493671,0.5758964879852125
0.8302734625754269,0.639726975962014,0.5758964879852125
0.8302734625754269,0.6397902651365255,0.5758964879852125
0.8302734625754269,0.6398535668348669,0.5758964879852125
0.8301450763897804,0.6398179299426083,0.5758964879852125
0.830016690204134,0.639908937939226,0.5758964879852125
0.830016690204134,0.6399722827162938,0.5758964879852125
0.8298883040184876,0.6400633726111497,0.5758964879852125
0.8297599178328412,0.6400277282630223,0.5758964879852125
0.8296315316471947,0.6401188707280832,0.5758964879852125
0.8296315316471947,0.6401822865068357,0.5758964879852125
0.8296315316471947,0.6403726092557724,0.5758964879852125
0.8296315316471947,0.6404360753221011,0.5758964879852125
0.8295031454615484,0.6404004361185449,0.5758964879852125
0.8293747592759019,0.6403647898493259,0.5758964879852125
0.8292463730902555,0.6403291365123426,0.5758964879852125
0.829117986904609,0.6402934761054928,0.5758964879852125
0.829117986904609,0.6403569657907784,0.5758964879852125
0.829117986904609,0.640420468068227,0.5758964879852125
0.8289896007189627,0.6403848061092928,0.5758964879852125
0.8289896007189627,0.6404483237452886,0.5758964879852125
0.8288612145333162,0.6404126574744569,0.5758964879852125
0.8288612145333162,0.6404761904761904,0.5758964879852125
0.8288612145333162,0.6406032943044255,0.5758964879852125
0.8288612145333162,0.6406668651384341,0.5758964879852125
0.8286044421620233,0.6405955334987593,0.5758964879852125
0.8286044421620233,0.6406591224935477,0.5758964879852125
0.828476055976377,0.6406234488235878,0.5758964879852125
0.828476055976377,0.6406870532168387,0.5758964879852125
0.828476055976377,0.6407506702412868,0.5758964879852125
0.8283476697907305,0.6407149950347567,0.5758964879852125
0.8282192836050841,0.6406793127420797,0.5758964879852125
0.8280908974194376,0.6406436233611442,0.5758964879852125
0.8279625112337913,0.640607926889838,0.5758964879852125
0.8279625112337913,0.640671567653487,0.5758964879852125
0.8279625112337913,0.6407352210630899,0.5758964879852125
0.8279625112337913,0.6407988871224165,0.5758964879852125
0.8277057388624984,0.6407274895646988,0.5758964879852125
0.8277057388624984,0.6407911738395786,0.5758964879852125
0.827577352676852,0.6408191669152004,0.5758964879852125
0.827577352676852,0.6408828793000596,0.5758964879852125
0.8274489664912056,0.6408471711245899,0.5758964879852125
0.8274489664912056,0.6409108989657916,0.5758964879852125
0.8273205803055591,0.6409389297791923,0.5758964879852125
0.8271921941199127,0.6409032129712524,0.5758964879852125
0.8271921941199127,0.6409669717469161,0.5758964879852125
0.8271921941199127,0.6410307432096309,0.5758964879852125
0.8271921941199127,0.6411583242113643,0.5758964879852125
0.8270638079342663,0.6411226114649682,0.5758964879852125
0.8270638079342663,0.6411864238081019,0.5758964879852125
0.8268070355629734,0.641178813221824,0.5758964879852125
0.826678649377327,0.6411430847356367,0.5758964879852125
0.826678649377327,0.6412069308902609,0.5758964879852125
0.826678649377327,0.6412707897619759,0.5758964879852125
0.8265502631916806,0.6412350597609562,0.5758964879852125
0.8264218770060342,0.6411993226416974,0.5758964879852125
0.8264218770060342,0.6412631998406056,0.5758964879852125
0.8262934908203877,0.6412274584039056,0.5758964879852125
0.8261651046347414,0.6411917098445595,0.5758964879852125
0.8260367184490949,0.6411559541604385,0.5758964879852125
0.8259083322634485,0.641120191349412,0.5758964879852125
0.825779946077802,0.6410844214093492,0.5758964879852125
0.8256515598921556,0.641048644338118,0.5758964879852125
0.8253947875208627,0.6409770687936192,0.5758964879852125
0.8253947875208627,0.6410409811546515,0.5758964879852125
0.8253947875208627,0.6411049062624651,0.5758964879852125
0.8253947875208627,0.6411688441208736,0.5758964879852125
0.8253947875208627,0.6412327947336924,0.5758964879852125
0.8253947875208627,0.6412967581047382,0.5758964879852125
0.8253947875208627,0.6413607342378292,0.5758964879852125
0.8252664013352163,0.6413249526089994,0.5758964879852125
0.8252664013352163,0.6413889443224905,0.5758964879852125
0.8252664013352163,0.6414529488075043,0.5758964879852125
0.8251380151495699,0.6414811857470806,0.5758964879852125
0.8251380151495699,0.6416092642507737,0.5758964879852125
0.8250096289639235,0.641573482428115,0.5758964879852125
0.824881242778277,0.6415376934598103,0.5758964879852125
0.824881242778277,0.6416017575394448,0.5758964879852125
0.824881242778277,0.6416658344152602,0.5758964879852125
0.824881242778277,0.6417299240910906,0.5758964879852125
0.824881242778277,0.6417940265707721,0.5758964879852125
0.8247528565926306,0.6417582417582418,0.5758964879852125
0.8247528565926306,0.6418223598761115,0.5758964879852125
0.8247528565926306,0.6418864908073542,0.5758964879852125
0.8246244704069842,0.6418507045068452,0.5758964879852125
0.8244960842213378,0.641814911053368,0.5758964879852125
0.8244960842213378,0.6418790604697652,0.5758964879852125
0.8243676980356913,0.641843262694922,0.5758964879852125
0.824239311850045,0.6418074577626712,0.5758964879852125
0.824239311850045,0.641871625674865,0.5758964879852125
0.824239311850045,0.6419358064193581,0.5758964879852125
0.824239311850045,0.6420642064206421,0.5758964879852125
0.8241109256643985,0.6421568627450981,0.5758964879852125
0.8241109256643985,0.6422211105552776,0.5758964879852125
0.8241109256643985,0.6422853712227337,0.5758964879852125
0.8239825394787521,0.6422495747022916,0.5758964879852125
0.8239825394787521,0.6423138510808647,0.5758964879852125
0.8238541532931056,0.6422780502452207,0.5758964879852125
0.8237257671074593,0.6422422422422422,0.5758964879852125
0.8237257671074593,0.64230653719091,0.5758964879852125
0.8235973809218128,0.6422707248698438,0.5758964879852125
0.8235973809218128,0.6423350355462101,0.5758964879852125
0.8232122223648736,0.6422275641025641,0.5758964879852125
0.8232122223648736,0.6424205991383629,0.5758964879852125
0.8230838361792271,0.6423847695390782,0.5758964879852125
0.8230838361792271,0.642513529765484,0.5758964879852125
0.8230838361792271,0.6425779292372457,0.5758964879852125
0.8230838361792271,0.6426423416198878,0.5758964879852125
0.8230838361792271,0.6427067669172932,0.5758964879852125
0.8229554499935807,0.6426709444555845,0.5758964879852125
0.8228270638079342,0.6426351148099869,0.5758964879852125
0.8228270638079342,0.6426995587645408,0.5758964879852125
0.8226986776222879,0.6426637248019256,0.5758964879852125
0.8226986776222879,0.642728184553661,0.5758964879852125
0.8225702914366414,0.6426923462734477,0.5758964879852125
0.8225702914366414,0.6427568218298555,0.5758964879852125
0.8225702914366414,0.6428213103240694,0.5758964879852125
0.822441905250995,0.6427854706000401,0.5758964879852125
0.8223135190653486,0.6427496236828901,0.5758964879852125
0.8221851328797022,0.6427137695704537,0.5758964879852125
0.8221851328797022,0.6427782796346482,0.5758964879852125
0.8221851328797022,0.6428428026500703,0.5758964879852125
0.8220567466940557,0.6428069470936653,0.5758964879852125
0.8219283605084093,0.6427710843373494,0.5758964879852125
0.8219283605084093,0.6428356260668742,0.5758964879852125
0.82154320195147,0.6427280032141423,0.5758964879852125
0.82154320195147,0.6427925665494726,0.5758964879852125
0.82154320195147,0.6428571428571429,0.5758964879852125
0.82154320195147,0.642921732141063,0.5758964879852125
0.8214148157658236,0.6428858520900321,0.5758964879852125
0.8214148157658236,0.6429504572404784,0.5758964879852125
0.8214148157658236,0.6430797065031661,0.5758964879852125
0.8212864295801772,0.6430438279051065,0.5758964879852125
0.8211580433945308,0.6430079420930934,0.5758964879852125
0.8211580433945308,0.6430725919967826,0.5758964879852125
0.8210296572088843,0.6430367018602313,0.5758964879852125
0.820901271023238,0.6430008045052292,0.5758964879852125
0.820901271023238,0.6430654731972242,0.5758964879852125
0.8207728848375915,0.6430295715147858,0.5758964879852125
0.8207728848375915,0.6430942561110552,0.5758964879852125
0.8207728848375915,0.643158953722334,0.5758964879852125
0.8205161124662986,0.6432165861513688,0.5758964879852125
0.8205161124662986,0.6432813286361349,0.5758964879852125
0.8203877262806522,0.6432454197704852,0.5758964879852125
0.8203877262806522,0.6433749496576722,0.5758964879852125
0.8202593400950058,0.6433390393716645,0.5758964879852125
0.8202593400950058,0.6434038267875126,0.5758964879852125
0.8202593400950058,0.6434686272534998,0.5758964879852125
0.8202593400950058,0.6435334407735697,0.5758964879852125
0.8202593400950058,0.6435982673516671,0.5758964879852125
0.8202593400950058,0.6436631069917389,0.5758964879852125
0.8201309539093593,0.6436920596533656,0.5758964879852125
0.8201309539093593,0.6437569283482818,0.5758964879852125
0.8200025677237129,0.6438508064516129,0.5758964879852125
0.8198741815380665,0.6438149006956346,0.5758964879852125
0.8198741815380665,0.6439447413532319,0.5758964879852125
0.8197457953524201,0.6439088342073417,0.5758964879852125
0.8197457953524201,0.6439737771053958,0.5758964879852125
0.8196174091667736,0.643937865644543,0.5758964879852125
0.8194890229811272,0.6439019469383638,0.5758964879852125
0.8193606367954808,0.643866020984665,0.5758964879852125
0.8192322506098344,0.6438950554994954,0.5758964879852125
0.8192322506098344,0.6439600363306085,0.5758964879852125
0.8192322506098344,0.6440250302785627,0.5758964879852125
0.8191038644241879,0.6440541086210377,0.5758964879852125
0.8191038644241879,0.6441191317516406,0.5758964879852125
0.8189754782385416,0.6440831987075929,0.5758964879852125
0.8189754782385416,0.6441482379077047,0.5758964879852125
0.8188470920528951,0.6441123005453444,0.5758964879852125
0.8187187058672487,0.6440763559236441,0.5758964879852125
0.8187187058672487,0.6441414141414141,0.5758964879852125
0.8185903196816022,0.6441054651985049,0.5758964879852125
0.8184619334959559,0.6440695089917154,0.5758964879852125
0.8183335473103094,0.6441637190500252,0.5758964879852125
0.8180767749390165,0.644091782068129,0.5758964879852125
0.8180767749390165,0.6441568944601699,0.5758964879852125
0.8180767749390165,0.6442220200181984,0.5758964879852125
0.8180767749390165,0.6442871587462083,0.5758964879852125
0.8178200025677237,0.6442803681602104,0.5758964879852125
0.8176916163820773,0.6443747470659652,0.5758964879852125
0.8176916163820773,0.6444399473843975,0.5758964879852125
0.8175632301964308,0.6444039668083384,0.5758964879852125
0.8175632301964308,0.6444691832810444,0.5758964879852125
0.8175632301964308,0.6445344129554655,0.5758964879852125
0.8174348440107845,0.6445636768576635,0.5758964879852125
0.8174348440107845,0.6446289359117141,0.5758964879852125
0.8171780716394916,0.6446875316519801,0.5758964879852125
0.8170496854538452,0.6446515397082658,0.5758964879852125
0.8167929130825523,0.6446448475022799,0.5758964879852125
0.8166645268969059,0.6446088366436968,0.5758964879852125
0.8165361407112595,0.644572818485862,0.5758964879852125
0.8165361407112595,0.6446381512264342,0.5758964879852125
0.8165361407112595,0.644703497212367,0.5758964879852125
0.8165361407112595,0.6447688564476886,0.5758964879852125
0.8165361407112595,0.644834228936429,0.5758964879852125
0.8162793683399666,0.6447621945036001,0.5758964879852125
0.8162793683399666,0.6448929911755756,0.5758964879852125
0.8161509821543202,0.644856968959221,0.5758964879852125
0.8161509821543202,0.6449223901795679,0.5758964879852125
0.8160225959686738,0.6448863636363636,0.5758964879852125
0.8158942097830273,0.6448503297818367,0.5758964879852125
0.8157658235973809,0.6448142886137609,0.5758964879852125
0.8156374374117344,0.6447782401299097,0.5758964879852125
0.8156374374117344,0.6448436865611044,0.5758964879852125
0.8156374374117344,0.6449091462795655,0.5758964879852125
0.8155090512260881,0.6448730964467005,0.5758964879852125
0.8153806650404416,0.6448370392933293,0.5758964879852125
0.8153806650404416,0.6449025182778229,0.5758964879852125
0.8152522788547952,0.6448664567888697,0.5758964879852125
0.8151238926691488,0.6448303879748121,0.5758964879852125
0.8149955064835024,0.6448598130841121,0.5758964879852125
0.8149955064835024,0.644925327644011,0.5758964879852125
0.8147387341122095,0.6448531653287267,0.5758964879852125
0.8146103479265631,0.6448826100213436,0.5758964879852125
0.8144819617409167,0.6448465135190079,0.5758964879852125
0.8143535755552702,0.6448104096777473,0.5758964879852125
0.8143535755552702,0.6449415353329944,0.5758964879852125
0.8143535755552702,0.6450071181614806,0.5758964879852125
0.8143535755552702,0.6450727143292992,0.5758964879852125
0.8143535755552702,0.6451383238405207,0.5758964879852125
0.8143535755552702,0.6452039466992168,0.5758964879852125
0.8142251893696238,0.6451678535096643,0.5758964879852125
0.8142251893696238,0.6452334927256079,0.5758964879852125
0.8142251893696238,0.6453648112343543,0.5758964879852125
0.8140968031839774,0.6453287197231834,0.5758964879852125
0.813968416998331,0.6452926208651399,0.5758964879852125
0.8138400308126845,0.6452565146579805,0.5758964879852125
0.8138400308126845,0.6453222029929757,0.5758964879852125
0.8138400308126845,0.6453879047037263,0.5758964879852125
0.8138400308126845,0.645519348268839,0.5758964879852125
0.8138400308126845,0.645585090131378,0.5758964879852125
0.8138400308126845,0.6456508453860257,0.5758964879852125
0.8138400308126845,0.6457166140368749,0.5758964879852125
0.8137116446270382,0.645680521597392,0.5758964879852125
0.8137116446270382,0.645746306673459,0.5758964879852125
0.8137116446270382,0.6458121051558997,0.5758964879852125
0.8137116446270382,0.6458779170488128,0.5758964879852125
0.8135832584413917,0.6458418263350999,0.5758964879852125
0.8135832584413917,0.6459076546733259,0.5758964879852125
0.8134548722557453,0.6458715596330276,0.5758964879852125
0.8134548722557453,0.6459374044245081,0.5758964879852125
0.8134548722557453,0.6460032626427407,0.5758964879852125
0.8133264860700988,0.6459671663097787,0.5758964879852125
0.8131980998844525,0.6459310626147257,0.5758964879852125
0.813069713698806,0.6458949515553289,0.5758964879852125
0.813069713698806,0.6459608323133414,0.5758964879852125
0.813069713698806,0.6460267265122922,0.5758964879852125
0.813069713698806,0.6460926341562946,0.5758964879852125
0.8129413275131596,0.6461883865700582,0.5758964879852125
0.8129413275131596,0.6462543376199225,0.5758964879852125
0.8129413275131596,0.6463203021333062,0.5758964879852125
0.8128129413275131,0.6462841976316864,0.5758964879852125
0.8126845551418668,0.6462480857580398,0.5758964879852125
0.8126845551418668,0.6463140698386768,0.5758964879852125
0.8126845551418668,0.6463800673950781,0.5758964879852125
0.8124277827705739,0.6463078337248493,0.5758964879852125
0.8122993965849274,0.6462717058222677,0.5758964879852125
0.8122993965849274,0.646337726019001,0.5758964879852125
0.8122993965849274,0.6464037597057621,0.5758964879852125
0.8121710103992811,0.6463676305302953,0.5758964879852125
0.8121710103992811,0.6464336807684448,0.5758964879852125
0.8121710103992811,0.6465658217497956,0.5758964879852125
0.8120426242136346,0.6465296943677808,0.5758964879852125
0.8119142380279882,0.6464935595992639,0.5758964879852125
0.8117858518423418,0.6464574174419794,0.5758964879852125
0.8117858518423418,0.6465235173824131,0.5758964879852125
0.8117858518423418,0.6466557578236858,0.5758964879852125
0.8117858518423418,0.6467218983328219,0.5758964879852125
0.8116574656566954,0.6466857610474632,0.5758964879852125
0.8116574656566954,0.6467519181585678,0.5758964879852125
0.8115290794710489,0.6467157765500307,0.5758964879852125
0.8114006932854025,0.6466796275452779,0.5758964879852125
0.8112723070997561,0.6466434711420385,0.5758964879852125
0.8112723070997561,0.6467096510080852,0.5758964879852125
0.8111439209141097,0.6466734902763562,0.5758964879852125
0.8110155347284632,0.646637322141468,0.5758964879852125
0.8108871485428167,0.6466011466011466,0.5758964879852125
0.8108871485428167,0.6467335654310874,0.5758964879852125
0.8107587623571704,0.6466973886328725,0.5758964879852125
0.8107587623571704,0.646763621466612,0.5758964879852125
0.8107587623571704,0.6468298678684831,0.5758964879852125
0.8107587623571704,0.6468961278426552,0.5758964879852125
0.8107587623571704,0.6469624013932999,0.5758964879852125
0.8106303761715239,0.6469262295081967,0.5758964879852125
0.8106303761715239,0.6469925197253817,0.5758964879852125
0.810373603800231,0.6469201598852106,0.5758964879852125
0.810373603800231,0.6469864698646987,0.5758964879852125
0.8102452176145847,0.6469502819067146,0.5758964879852125
0.8101168314289382,0.6469140865286036,0.5758964879852125
0.8099884452432918,0.6468778837280836,0.5758964879852125
0.8099884452432918,0.6469442165709598,0.5758964879852125
0.8098600590576454,0.6469080094349298,0.5758964879852125
0.8098600590576454,0.6470407221253461,0.5758964879852125
0.809731672871999,0.6470045137464095,0.5758964879852125
0.809731672871999,0.6470708936082897,0.5758964879852125
0.8096032866863525,0.6471674876847291,0.5758964879852125
0.8096032866863525,0.647233911526224,0.5758964879852125
0.8094749005007061,0.647197700677479,0.5758964879852125
0.8094749005007061,0.6472641412585977,0.5758964879852125
0.8094749005007061,0.6473305954825462,0.5758964879852125
0.8094749005007061,0.6473970633535271,0.5758964879852125
0.8094749005007061,0.6474635448757445,0.5758964879852125
0.8094749005007061,0.6475300400534045,0.5758964879852125
0.8094749005007061,0.6475965488907148,0.5758964879852125
0.8092181281294133,0.6475906709133874,0.5758964879852125
0.8092181281294133,0.6476572133168927,0.5758964879852125
0.8092181281294133,0.6477237693967732,0.5758964879852125
0.8090897419437668,0.6476875642343268,0.5758964879852125
0.8090897419437668,0.6477541371158393,0.5758964879852125
0.808832969572474,0.6476817107021692,0.5758964879852125
0.808832969572474,0.6477483035163479,0.5758964879852125
0.808832969572474,0.6478149100257069,0.5758964879852125
0.808832969572474,0.6478815302344714,0.5758964879852125
0.8087045833868276,0.6479786030243803,0.5758964879852125
0.8087045833868276,0.6481119456734232,0.5758964879852125
0.8085761972011811,0.6480757357480963,0.5758964879852125
0.8085761972011811,0.6481424307913966,0.5758964879852125
0.8084478110155348,0.6481062165500205,0.5758964879852125
0.8084478110155348,0.6481729284611426,0.5758964879852125
0.8084478110155348,0.6482396541074738,0.5758964879852125
0.8084478110155348,0.6483063934932565,0.5758964879852125
0.8083194248298883,0.6482701812191104,0.5758964879852125
0.8081910386442419,0.6482339614869735,0.5758964879852125
0.8081910386442419,0.6483674940776599,0.5758964879852125
0.8081910386442419,0.6484342810053564,0.5758964879852125
0.8080626524585954,0.6483980632533224,0.5758964879852125
0.8079342662729491,0.6483618380383268,0.5758964879852125
0.8078058800873026,0.6483256053580628,0.5758964879852125
0.8078058800873026,0.6483924154987634,0.5758964879852125
0.8076774939016562,0.6483561785014944,0.5758964879852125
0.8075491077160097,0.6483199340342197,0.5758964879852125
0.8075491077160097,0.6483867642511081,0.5758964879852125
0.8074207215303634,0.6483505154639175,0.5758964879852125
0.8072923353447169,0.6483142592019796,0.5758964879852125
0.8072923353447169,0.6483811095071149,0.5758964879852125
0.8072923353447169,0.6484479736000826,0.5758964879852125
0.8071639491590705,0.6484117161716172,0.5758964879852125
0.807035562973424,0.6484423354652362,0.5758964879852125
0.8069071767877777,0.6484729673957903,0.5758964879852125
0.8066504044164848,0.6484673340902054,0.5758964879852125
0.8065220182308384,0.6484979869928771,0.5758964879852125
0.8065220182308384,0.6485649390873426,0.5758964879852125
0.806393632045192,0.6485286525554982,0.5758964879852125
0.8062652458595455,0.6485593307859134,0.5758964879852125
0.8061368596738991,0.6485230324313158,0.5758964879852125
0.8061368596738991,0.648590021691974,0.5758964879852125
0.8061368596738991,0.6487240417398492,0.5758964879852125
0.8060084734882527,0.6486877454019425,0.5758964879852125
0.8060084734882527,0.6487547793737729,0.5758964879852125
0.8060084734882527,0.6488218272013229,0.5758964879852125
0.8058800873026062,0.6488525945834195,0.5758964879852125
0.8057517011169598,0.6488162927737,0.5758964879852125
0.8057517011169598,0.6488833746898263,0.5758964879852125
0.8056233149313133,0.6488470685554751,0.5758964879852125
0.8056233149313133,0.6489141675284384,0.5758964879852125
0.805494928745667,0.6488778570689834,0.5758964879852125
0.8053665425600205,0.6488415390980554,0.5758964879852125
0.8052381563743741,0.6488052136133237,0.5758964879852125
0.8052381563743741,0.648872336023174,0.5758964879852125
0.8052381563743741,0.6489394723228142,0.5758964879852125
0.8049813840030813,0.6488668115492083,0.5758964879852125
0.8049813840030813,0.6489339681225419,0.5758964879852125
0.8049813840030813,0.6490011385984887,0.5758964879852125
0.8049813840030813,0.6490683229813664,0.5758964879852125
0.8048529978174348,0.6490319908893261,0.5758964879852125
0.8048529978174348,0.6490991923793746,0.5758964879852125
0.8048529978174348,0.6491664077870974,0.5758964879852125
0.8048529978174348,0.6492336371168186,0.5758964879852125
0.8047246116317884,0.6492645535529314,0.5758964879852125
0.8047246116317884,0.6493318139438516,0.5758964879852125
0.8047246116317884,0.6495336787564767,0.5758964879852125
0.804596225446142,0.6494973572390922,0.5758964879852125
0.804596225446142,0.6496320099512802,0.5758964879852125
0.8044678392604956,0.6495956873315364,0.5758964879852125
0.8044678392604956,0.6496630378434421,0.5758964879852125
0.8044678392604956,0.6497304023226876,0.5758964879852125
0.8044678392604956,0.6497977807736182,0.5758964879852125
0.8043394530748491,0.6498288559278084,0.5758964879852125
0.8043394530748491,0.649896265560166,0.5758964879852125
0.8043394530748491,0.6499636891793754,0.5758964879852125
0.8043394530748491,0.6500311267897904,0.5758964879852125
0.8043394530748491,0.6500985783957663,0.5758964879852125
0.8043394530748491,0.6502335236118318,0.5758964879852125
0.8042110668892027,0.650264715042043,0.5758964879852125
0.8039542945179099,0.6501920880490084,0.5758964879852125
0.803697522146617,0.6501869547154133,0.5758964879852125
0.803697522146617,0.6502544925729719,0.5758964879852125
0.803697522146617,0.650322044462913,0.5758964879852125
0.8035691359609706,0.6502857142857142,0.5758964879852125
0.8035691359609706,0.6503532834580216,0.5758964879852125
0.8033123635896777,0.6503481966531546,0.5758964879852125
0.8033123635896777,0.6504158004158004,0.5758964879852125
0.8033123635896777,0.6504834182347438,0.5758964879852125
0.8031839774040314,0.6504470783946766,0.5758964879852125
0.8031839774040314,0.6505823627287853,0.5758964879852125
0.8030555912183849,0.6505460218408736,0.5758964879852125
0.8029272050327385,0.6505096733929686,0.5758964879852125
0.802798818847092,0.6505409904286309,0.5758964879852125
0.8024136602901528,0.6504995836802664,0.5758964879852125
0.8024136602901528,0.6505672946809617,0.5758964879852125
0.8024136602901528,0.6506350197793046,0.5758964879852125
0.8024136602901528,0.6507027589796981,0.5758964879852125
0.8024136602901528,0.6507705122865473,0.5758964879852125
0.8024136602901528,0.6508382797042591,0.5758964879852125
0.8022852741045063,0.6509375,0.5758964879852125
0.80215688791886,0.6509011355349515,0.5758964879852125
0.80215688791886,0.6509689518649718,0.5758964879852125
0.8020285017332135,0.650932583098885,0.5758964879852125
0.8020285017332135,0.6510004168403501,0.5758964879852125
0.8019001155475671,0.6509640437727984,0.5758964879852125
0.8017717293619206,0.650927663122785,0.5758964879852125
0.8016433431762743,0.6508912748879391,0.5758964879852125
0.8015149569906278,0.6508548790658882,0.5758964879852125
0.8011297984336886,0.6508135168961201,0.5758964879852125
0.8010014122480421,0.6509128847157016,0.5758964879852125
0.8007446398767493,0.6508400292184076,0.5758964879852125
0.8006162536911028,0.6508035900647047,0.5758964879852125
0.8006162536911028,0.6508715165431583,0.5758964879852125
0.8004878675054564,0.6508350730688935,0.5758964879852125
0.8004878675054564,0.65090301701639,0.5758964879852125
0.8004878675054564,0.6509709751513886,0.5758964879852125
0.8003594813198099,0.6509345306463402,0.5758964879852125
0.8003594813198099,0.6510025062656641,0.5758964879852125
0.8002310951341636,0.6509660574412532,0.5758964879852125
0.8001027089485171,0.6509296010027157,0.5758964879852125
0.8001027089485171,0.6509975974093806,0.5758964879852125
0.8001027089485171,0.6510656080234016,0.5758964879852125
0.7999743227628707,0.6510291505589803,0.5758964879852125
0.7998459365772242,0.6509926854754441,0.5758964879852125
0.7998459365772242,0.6510607168983175,0.5758964879852125
0.7998459365772242,0.6511287625418061,0.5758964879852125
0.7998459365772242,0.6512648965084675,0.5758964879852125
0.7998459365772242,0.6513329848405646,0.5758964879852125
0.7997175503915779,0.6512965286491008,0.5758964879852125
0.7997175503915779,0.6513646345289135,0.5758964879852125
0.7995891642059314,0.6513281740221711,0.5758964879852125
0.7995891642059314,0.6513962974584249,0.5758964879852125
0.7995891642059314,0.6514644351464435,0.5758964879852125
0.7995891642059314,0.6515325870906998,0.5758964879852125
0.7995891642059314,0.6516007532956686,0.5758964879852125
0.7995891642059314,0.6516689337658261,0.5758964879852125
0.7995891642059314,0.6517371285056509,0.5758964879852125
0.799460778020285,0.6517006802721088,0.5758964879852125
0.799460778020285,0.6517688926104249,0.5758964879852125
0.7993323918346386,0.6517324400711818,0.5758964879852125
0.7993323918346386,0.6518689142498167,0.5758964879852125
0.7990756194633457,0.651795999581108,0.5758964879852125
0.7989472332776993,0.6518960821286403,0.5758964879852125
0.7988188470920529,0.6518596123624935,0.5758964879852125
0.7988188470920529,0.6519279128248114,0.5758964879852125
0.7988188470920529,0.6519962276013832,0.5758964879852125
0.7988188470920529,0.6520645566967093,0.5758964879852125
0.7986904609064065,0.6520280892988156,0.5758964879852125
0.7986904609064065,0.6520964360587002,0.5758964879852125
0.79856207472076,0.6520599643568509,0.5758964879852125
0.7984336885351137,0.6520234850073391,0.5758964879852125
0.7984336885351137,0.6520918527838943,0.5758964879852125
0.7983053023494672,0.6521237545883587,0.5758964879852125
0.7981769161638208,0.6520872666247115,0.5758964879852125
0.7980485299781743,0.6520507710059792,0.5758964879852125
0.7980485299781743,0.6521191775073437,0.5758964879852125
0.797920143792528,0.6520826775784283,0.5758964879852125
0.797920143792528,0.6521511017838405,0.5758964879852125
0.7977917576068815,0.6521145975443383,0.5758964879852125
0.7976633714212351,0.6520780856423174,0.5758964879852125
0.7976633714212351,0.6521465309121445,0.5758964879852125
0.7976633714212351,0.652214990552173,0.5758964879852125
0.7975349852355886,0.6523154468129791,0.5758964879852125
0.7974065990499423,0.6522789329972695,0.5758964879852125
0.7972782128642958,0.6522424115113958,0.5758964879852125
0.7972782128642958,0.6523109243697479,0.5758964879852125
0.7971498266786494,0.6522743985712784,0.5758964879852125
0.7970214404930029,0.6522378650977096,0.5758964879852125
0.7967646681217101,0.6521647751155948,0.5758964879852125
0.7967646681217101,0.6522333158171308,0.5758964879852125
0.7966362819360637,0.6521967626655455,0.5758964879852125
0.7966362819360637,0.6522653211394933,0.5758964879852125
0.7966362819360637,0.6523338940285954,0.5758964879852125
0.7966362819360637,0.6524024813373988,0.5758964879852125
0.7966362819360637,0.6524710830704522,0.5758964879852125
0.7965078957504172,0.6525031552376945,0.5758964879852125
0.7963795095647709,0.652603892688059,0.5758964879852125
0.7962511233791244,0.6526360096811533,0.5758964879852125
0.796122737193478,0.6525994527467901,0.5758964879852125
0.7959943510078316,0.6525628881170403,0.5758964879852125
0.7959943510078316,0.6526315789473685,0.5758964879852125
0.7959943510078316,0.6527002842404463,0.5758964879852125
0.7959943510078316,0.6527690040008423,0.5758964879852125
0.7958659648221851,0.6527324418237338,0.5758964879852125
0.7956091924508922,0.6526592943654556,0.5758964879852125
0.7956091924508922,0.6527280387613229,0.5758964879852125
0.7954808062652459,0.6526914568629516,0.5758964879852125
0.7954808062652459,0.6527602191319005,0.5758964879852125
0.7954808062652459,0.652828995890844,0.5758964879852125
0.7954808062652459,0.6529665928970386,0.5758964879852125
0.7953524200795994,0.6529300168634065,0.5758964879852125
0.7953524200795994,0.6529988405186044,0.5758964879852125
0.795224033893953,0.6529622601728864,0.5758964879852125
0.795224033893953,0.6530311017395888,0.5758964879852125
0.7950956477083065,0.6531322505800464,0.5758964879852125
0.7950956477083065,0.6532011391203459,0.5758964879852125
0.7950956477083065,0.6532700421940928,0.5758964879852125
0.7950956477083065,0.6534078919603292,0.5758964879852125
0.7949672615226602,0.6533713200379867,0.5758964879852125
0.7948388753370137,0.6534036939313984,0.5758964879852125
0.7948388753370137,0.6534726620223771,0.5758964879852125
0.7948388753370137,0.6535416446743376,0.5758964879852125
0.7948388753370137,0.6536106418918919,0.5758964879852125
0.7948388753370137,0.6536796536796536,0.5758964879852125
0.7948388753370137,0.6537486800422386,0.5758964879852125
0.7947104891513673,0.6537121132115323,0.5758964879852125
0.7945821029657208,0.6536755386565273,0.5758964879852125
0.7945821029657208,0.6537445864582233,0.5758964879852125
0.7944537167800745,0.6537770734284205,0.5758964879852125
0.7944537167800745,0.6538461538461539,0.5758964879852125
0.794325330594428,0.6538095741308253,0.5758964879852125
0.7941969444087816,0.6538420885741465,0.5758964879852125
0.7941969444087816,0.6539112050739958,0.5758964879852125
0.7941969444087816,0.6539803361877576,0.5758964879852125
0.7940685582231352,0.6539437513216325,0.5758964879852125
0.7939401720374888,0.6539071587184097,0.5758964879852125
0.7939401720374888,0.6539763113367174,0.5758964879852125
0.7938117858518423,0.6540088851279882,0.5758964879852125
0.7936833996661959,0.6539722839310271,0.5758964879852125
0.7936833996661959,0.6540414727041896,0.5758964879852125
0.7935550134805495,0.6540048672098191,0.5758964879852125
0.7934266272949031,0.653968253968254,0.5758964879852125
0.7934266272949031,0.6540374642819345,0.5758964879852125
0.7931698549236103,0.6540334533135719,0.5758964879852125
0.7930414687379638,0.653996823716252,0.5758964879852125
0.7929130825523174,0.6539601863617112,0.5758964879852125
0.7929130825523174,0.6540294397966748,0.5758964879852125
0.7927846963666709,0.6539927981359881,0.5758964879852125
0.7927846963666709,0.6540620696960068,0.5758964879852125
0.7927846963666709,0.6541313559322034,0.5758964879852125
0.7927846963666709,0.6542006568492426,0.5758964879852125
0.7927846963666709,0.6542699724517906,0.5758964879852125
0.7927846963666709,0.6544086477320898,0.5758964879852125
0.7926563101810246,0.6543720190779014,0.5758964879852125
0.7925279239953781,0.6544741306191688,0.5758964879852125
0.7923995378097317,0.6544374933729191,0.5758964879852125
0.7923995378097317,0.6545763071375543,0.5758964879852125
0.7923995378097317,0.6546457361052185,0.5758964879852125
0.7923995378097317,0.65478463823467,0.5758964879852125
0.7923995378097317,0.6548541114058355,0.5758964879852125
0.7923995378097317,0.6549235993208828,0.5758964879852125
0.7922711516240852,0.6548869786692136,0.5758964879852125
0.7922711516240852,0.6549564848227553,0.5758964879852125
0.7922711516240852,0.6550260057318756,0.5758964879852125
0.7921427654384389,0.6549893842887473,0.5758964879852125
0.7921427654384389,0.6551284773837333,0.5758964879852125
0.7920143792527924,0.6550918551555697,0.5758964879852125
0.7920143792527924,0.655161427357689,0.5758964879852125
0.7920143792527924,0.655231014338821,0.5758964879852125
0.7920143792527924,0.6553702326569638,0.5758964879852125
0.7920143792527924,0.6554398640033999,0.5758964879852125
0.7920143792527924,0.6555095101476995,0.5758964879852125
0.791885993067146,0.6554729011689692,0.5758964879852125
0.7917576068814995,0.655436284408545,0.5758964879852125
0.7917576068814995,0.6555059523809523,0.5758964879852125
0.7917576068814995,0.6555756351653025,0.5758964879852125
0.7916292206958532,0.6555390176483096,0.5758964879852125
0.7915008345102067,0.6555023923444976,0.5758964879852125
0.7913724483245603,0.6554657592513824,0.5758964879852125
0.7913724483245603,0.65553546740402,0.5758964879852125
0.7913724483245603,0.6556051903850245,0.5758964879852125
0.7913724483245603,0.6556749281991278,0.5758964879852125
0.790987289767621,0.6555650138327304,0.5758964879852125
0.790987289767621,0.6556347770565074,0.5758964879852125
0.790987289767621,0.6557045551298425,0.5758964879852125
0.790987289767621,0.6557743480574774,0.5758964879852125
0.7908589035819745,0.6557377049180327,0.5758964879852125
0.7907305173963282,0.6557010539763654,0.5758964879852125
0.7907305173963282,0.6557708688245315,0.5758964879852125
0.7907305173963282,0.6558406985411565,0.5758964879852125
0.7907305173963282,0.6559105431309904,0.5758964879852125
0.7906021312106817,0.6560136358794076,0.5758964879852125
0.7906021312106817,0.656083528659706,0.5758964879852125
0.7904737450250353,0.6561167945439045,0.5758964879852125
0.7902169726537425,0.6561134207440571,0.5758964879852125
0.7902169726537425,0.656183368869936,0.5758964879852125
0.7902169726537425,0.6562533319117176,0.5758964879852125
0.790088586468096,0.6562166773299211,0.5758964879852125
0.790088586468096,0.6562866588461128,0.5758964879852125
0.790088586468096,0.6564266666666667,0.5758964879852125
0.790088586468096,0.6564966929805846,0.5758964879852125
0.7899602002824496,0.6565300896286812,0.5758964879852125
0.7899602002824496,0.6566001493970761,0.5758964879852125
0.7899602002824496,0.6566702241195305,0.5758964879852125
0.7899602002824496,0.6567403138008325,0.5758964879852125
0.7898318140968031,0.6567737802925163,0.5758964879852125
0.7897034279111568,0.6567371343156096,0.5758964879852125
0.7895750417255103,0.6567004805125467,0.5758964879852125
0.7895750417255103,0.656770610850064,0.5758964879852125
0.7895750417255103,0.656840756167895,0.5758964879852125
0.7894466555398639,0.6568041016876736,0.5758964879852125
0.7893182693542174,0.656767439376135,0.5758964879852125
0.7893182693542174,0.6568376068376068,0.5758964879852125
0.7893182693542174,0.656907789293728,0.5758964879852125
0.7893182693542174,0.6570481992091483,0.5758964879852125
0.7891898831685711,0.6570817744521646,0.5758964879852125
0.7890614969829246,0.6570451143895659,0.5758964879852125
0.7890614969829246,0.6571153640543141,0.5758964879852125
0.7890614969829246,0.6572559084589883,0.5758964879852125
0.7889331107972782,0.6572192513368984,0.5758964879852125
0.7888047246116318,0.6571825863728741,0.5758964879852125
0.7886763384259854,0.6571459135643988,0.5758964879852125
0.7886763384259854,0.6572162191077351,0.5758964879852125
0.7885479522403389,0.6571795420500749,0.5758964879852125
0.7884195660546925,0.6571428571428571,0.5758964879852125
0.7882911798690461,0.6571061643835616,0.5758964879852125
0.7882911798690461,0.6571764957722359,0.5758964879852125
0.7880344074977532,0.6571030938871641,0.5758964879852125
0.7880344074977532,0.6571734475374732,0.5758964879852125
0.7880344074977532,0.6573142000428357,0.5758964879852125
0.7880344074977532,0.6573845989075721,0.5758964879852125
0.7880344074977532,0.6574550128534704,0.5758964879852125
0.7880344074977532,0.6575958860081422,0.5758964879852125
0.7879060213121069,0.6575591985428051,0.5758964879852125
0.7879060213121069,0.6577001393205444,0.5758964879852125
0.7879060213121069,0.6577706323687031,0.5758964879852125
0.7879060213121069,0.6578411405295316,0.5758964879852125
0.7879060213121069,0.6579116638078902,0.5758964879852125
0.7879060213121069,0.6579822022086416,0.5758964879852125
0.7879060213121069,0.6580527557366502,0.5758964879852125
0.7879060213121069,0.6581233243967829,0.5758964879852125
0.7879060213121069,0.6581939081939082,0.5758964879852125
0.7879060213121069,0.6582645071328971,0.5758964879852125
0.7877776351264604,0.6582278481012658,0.5758964879852125
0.7877776351264604,0.6582984658298466,0.5758964879852125
0.7877776351264604,0.6584397467539436,0.5758964879852125
0.7877776351264604,0.6585104099592187,0.5758964879852125
0.7877776351264604,0.6585810883331544,0.5758964879852125
0.7877776351264604,0.6586517818806354,0.5758964879852125
0.7877776351264604,0.6587224906065485,0.5758964879852125
0.7877776351264604,0.6587932145157827,0.5758964879852125
0.7877776351264604,0.6588639536132288,0.5758964879852125
0.7877776351264604,0.6589347079037801,0.5758964879852125
0.787649248940814,0.6588980775426915,0.5758964879852125
0.7875208627551675,0.6589322161349231,0.5758964879852125
0.7873924765695212,0.6588955737000429,0.5758964879852125
0.7872640903838747,0.658858923390996,0.5758964879852125
0.7871357041982283,0.6588930682428802,0.5758964879852125
0.7870073180125818,0.6588564058469476,0.5758964879852125
0.786750545641289,0.6589247311827957,0.5758964879852125
0.7866221594556426,0.6588880524787611,0.5758964879852125
0.7864937732699961,0.6588513658851366,0.5758964879852125
0.7863653870843498,0.6588146713993761,0.5758964879852125
0.7862370008987033,0.6587779690189329,0.5758964879852125
0.7862370008987033,0.6588488434642281,0.5758964879852125
0.7861086147130569,0.658812136862492,0.5758964879852125
0.7861086147130569,0.6588830302378134,0.5758964879852125
0.7861086147130569,0.658953938872148,0.5758964879852125
0.7861086147130569,0.6590248627704229,0.5758964879852125
0.7859802285274105,0.6589881593110872,0.5758964879852125
0.785851842341764,0.6589514479491873,0.5758964879852125
0.785851842341764,0.6590223944875108,0.5758964879852125
0.785851842341764,0.6590933563045117,0.5758964879852125
0.7855950699704711,0.6590199246095854,0.5758964879852125
0.7855950699704711,0.6590909090909091,0.5758964879852125
0.7854666837848248,0.6590541850694819,0.5758964879852125
0.7854666837848248,0.6591251885369532,0.5758964879852125
0.7853382975991783,0.6590884602952268,0.5758964879852125
0.7853382975991783,0.6591594827586207,0.5758964879852125
0.7853382975991783,0.6592305205302296,0.5758964879852125
0.7852099114135319,0.6591937917654667,0.5758964879852125
0.7852099114135319,0.6592648485501779,0.5758964879852125
0.7852099114135319,0.659335920655455,0.5758964879852125
0.7850815252278854,0.6592991913746631,0.5758964879852125
0.7850815252278854,0.6593702825102437,0.5758964879852125
0.7849531390422391,0.6593335490132644,0.5758964879852125
0.7849531390422391,0.659475784704994,0.5758964879852125
0.7848247528565926,0.6594390507011866,0.5758964879852125
0.7848247528565926,0.6595101952745711,0.5758964879852125
0.7846963666709462,0.6594734570565386,0.5758964879852125
0.7846963666709462,0.65961579969782,0.5758964879852125
0.7845679804852997,0.659579060982191,0.5758964879852125
0.7844395942996534,0.6595423143350605,0.5758964879852125
0.7844395942996534,0.6596135161394796,0.5758964879852125
0.7843112081140069,0.6596479861785984,0.5758964879852125
0.7841828219283605,0.6596112311015119,0.5758964879852125
0.7841828219283605,0.6596824711091911,0.5758964879852125
0.784054435742714,0.6596457118168071,0.5758964879852125
0.784054435742714,0.6597169709409095,0.5758964879852125
0.784054435742714,0.6597882454624028,0.5758964879852125
0.784054435742714,0.6598595353862777,0.5758964879852125
0.7839260495570677,0.6598227793386644,0.5758964879852125
0.7837976633714212,0.6597860153463742,0.5758964879852125
0.7836692771857748,0.6597492434068309,0.5758964879852125
0.7836692771857748,0.659820559939466,0.5758964879852125
0.7835408910001284,0.6597837837837838,0.5758964879852125
0.7835408910001284,0.6598551194723754,0.5758964879852125
0.7835408910001284,0.6599264705882353,0.5758964879852125
0.7835408910001284,0.6599978371363685,0.5758964879852125
0.783412504814482,0.6599610642439974,0.5758964879852125
0.783412504814482,0.6600324499729584,0.5758964879852125
0.783412504814482,0.6601038511466898,0.5758964879852125
0.783412504814482,0.6601752677702045,0.5758964879852125
0.7832841186288355,0.660209933989828,0.5758964879852125
0.7832841186288355,0.6602813852813852,0.5758964879852125
0.7831557324431891,0.6602446152180972,0.5758964879852125
0.7831557324431891,0.6603160857328426,0.5758964879852125
0.7830273462575427,0.6602793114647613,0.5758964879852125
0.7830273462575427,0.6603508012126462,0.5758964879852125
0.7828989600718963,0.6603140227395777,0.5758964879852125
0.7828989600718963,0.6603855317305609,0.5758964879852125
0.7827705738862498,0.6603487490523123,0.5758964879852125
0.7826421877006035,0.6603119584055459,0.5758964879852125
0.7826421877006035,0.6603834904127397,0.5758964879852125
0.7826421877006035,0.6604550379198266,0.5758964879852125
0.782513801514957,0.6604182468306425,0.5758964879852125
0.782513801514957,0.6604898136107499,0.5758964879852125
0.782513801514957,0.6605613959033272,0.5758964879852125
0.782513801514957,0.6606329937134185,0.5758964879852125
0.782513801514957,0.6607046070460705,0.5758964879852125
0.782513801514957,0.6608478802992519,0.5758964879852125
0.782513801514957,0.6609195402298851,0.5758964879852125
0.7823854153293106,0.6608827675957054,0.5758964879852125
0.7822570291436641,0.6608459869848157,0.5758964879852125
0.7822570291436641,0.6609176700292874,0.5758964879852125
0.7821286429580178,0.6608808852245607,0.5758964879852125
0.7821286429580178,0.6609525876098513,0.5758964879852125
0.7820002567723713,0.6609157986111112,0.5758964879852125
0.7820002567723713,0.6609875203472599,0.5758964879852125
0.7817434844010784,0.660913925974167,0.5758964879852125
0.7817434844010784,0.6609856708640903,0.5758964879852125
0.7816150982154321,0.6609488654869178,0.5758964879852125
0.7814867120297856,0.6609120521172639,0.5758964879852125
0.7813583258441392,0.6608752307525247,0.5758964879852125
0.7813583258441392,0.6609470026064292,0.5758964879852125
0.7813583258441392,0.6610187900510481,0.5758964879852125
0.7813583258441392,0.6612342459800087,0.5758964879852125
0.7813583258441392,0.6613060958383136,0.5758964879852125
0.7811015534728464,0.6613043478260869,0.5758964879852125
0.7809731672871999,0.6612675290792478,0.5758964879852125
0.7809731672871999,0.6613394216133942,0.5758964879852125
0.7809731672871999,0.6614113297814505,0.5758964879852125
0.7809731672871999,0.6614832535885168,0.5758964879852125
0.7809731672871999,0.6615551930396955,0.5758964879852125
0.7809731672871999,0.6616271481400914,0.5758964879852125
0.7808447811015534,0.6615903404764495,0.5758964879852125
0.780716394915907,0.6615535248041775,0.5758964879852125
0.7805880087302606,0.6615167011206615,0.5758964879852125
0.7805880087302606,0.661588683351469,0.5758964879852125
0.7805880087302606,0.6616606812493199,0.5758964879852125
0.7805880087302606,0.6617326948193296,0.5758964879852125
0.7804596225446142,0.6616958746054207,0.5758964879852125
0.7803312363589677,0.6616590463749183,0.5758964879852125
0.7803312363589677,0.6617310832879695,0.5758964879852125
0.7803312363589677,0.6618031358885017,0.5758964879852125
0.7803312363589677,0.66187520418164,0.5758964879852125
0.7803312363589677,0.6619472881725115,0.5758964879852125
0.7802028501733214,0.6619104672693606,0.5758964879852125
0.7802028501733214,0.6620546900533827,0.5758964879852125
0.7802028501733214,0.6621989757001199,0.5758964879852125
0.7800744639876749,0.6622343324250681,0.5758964879852125
0.7800744639876749,0.6623065184216264,0.5758964879852125
0.7800744639876749,0.6623787201569824,0.5758964879852125
0.7799460778020285,0.6623419101613607,0.5758964879852125
0.779817691616382,0.6623050921382619,0.5758964879852125
0.7793041468737963,0.6621577397185557,0.5758964879852125
0.7793041468737963,0.6622299803622081,0.5758964879852125
0.7793041468737963,0.6623745089480576,0.5758964879852125
0.7793041468737963,0.6624467969005784,0.5758964879852125
0.7793041468737963,0.6625191006330495,0.5758964879852125
0.7793041468737963,0.6626637554585153,0.5758964879852125
0.77917576068815,0.662626924336718,0.5758964879852125
0.7790473745025035,0.6625900851714348,0.5758964879852125
0.7789189883168571,0.6625532379600306,0.5758964879852125
0.7789189883168571,0.6626256006989952,0.5758964879852125
0.7785338297599178,0.6625874125874126,0.5758964879852125
0.7785338297599178,0.6626598185990602,0.5758964879852125
0.7780202850173321,0.6625847364968293,0.5758964879852125
0.7778918988316857,0.662547840349918,0.5758964879852125
0.7778918988316857,0.6626202974628171,0.5758964879852125
0.7778918988316857,0.6626927704254622,0.5758964879852125
0.7778918988316857,0.6627652592430541,0.5758964879852125
0.7778918988316857,0.6628377639207964,0.5758964879852125
0.7778918988316857,0.662910284463895,0.5758964879852125
0.7778918988316857,0.6630553731669949,0.5758964879852125
0.7778918988316857,0.6631279413374193,0.5758964879852125
0.7777635126460393,0.6630910683012259,0.5758964879852125
0.7777635126460393,0.6631636562671045,0.5758964879852125
0.7776351264603929,0.6631267790672214,0.5758964879852125
0.7775067402747464,0.6630898937917442,0.5758964879852125
0.7773783540891,0.6631256160332932,0.5758964879852125
0.7772499679034536,0.6631613539270457,0.5758964879852125
0.7771215817178072,0.6631971074832913,0.5758964879852125
0.7771215817178072,0.6632697786543941,0.5758964879852125
0.7771215817178072,0.6633424657534247,0.5758964879852125
0.7769931955321607,0.6635237364324087,0.5758964879852125
0.7768648093465144,0.6634868421052632,0.5758964879852125
0.7768648093465144,0.6635596008334247,0.5758964879852125
0.7767364231608679,0.6635227023470059,0.5758964879852125
0.7766080369752215,0.6635585783238263,0.5758964879852125
0.776479650789575,0.6635216675809106,0.5758964879852125
0.776479650789575,0.663594470046083,0.5758964879852125
0.776479650789575,0.6636672884889718,0.5758964879852125
0.776479650789575,0.6637401229148375,0.5758964879852125
0.7763512646039287,0.6637032158928767,0.5758964879852125
0.7762228784182822,0.6636663007683864,0.5758964879852125
0.7760944922326357,0.663629377538698,0.5758964879852125
0.7759661060469893,0.6635924462011419,0.5758964879852125
0.7759661060469893,0.6636653123970572,0.5758964879852125
0.7759661060469893,0.663738194596969,0.5758964879852125
0.7759661060469893,0.6638110928061505,0.5758964879852125
0.7758377198613429,0.6638470833791058,0.5758964879852125
0.7758377198613429,0.6639200175785541,0.5758964879852125
0.7758377198613429,0.6639929678057356,0.5758964879852125
0.7757093336756965,0.6639560439560439,0.5758964879852125
0.7757093336756965,0.6640290141773821,0.5758964879852125
0.77558094749005,0.6639920861727853,0.5758964879852125
0.77558094749005,0.6641380826737028,0.5758964879852125
0.77558094749005,0.6642111050027487,0.5758964879852125
0.77558094749005,0.664284143391247,0.5758964879852125
0.7754525613044037,0.6642472231386781,0.5758964879852125
0.7751957889331108,0.6641733582664173,0.5758964879852125
0.7750674027474643,0.6642094839916383,0.5758964879852125
0.7750674027474643,0.6642825704225352,0.5758964879852125
0.774939016561818,0.6642456256190161,0.5758964879852125
0.774939016561818,0.6643187321153423,0.5758964879852125
0.7748106303761715,0.6642817831590534,0.5758964879852125
0.7745538580048786,0.6642078608389299,0.5758964879852125
0.7745538580048786,0.6642809953754679,0.5758964879852125
0.7744254718192323,0.6642440259883273,0.5758964879852125
0.7742970856335858,0.6642802070712633,0.5758964879852125
0.7741686994479394,0.6642432253800397,0.5758964879852125
0.7741686994479394,0.6643164040982703,0.5758964879852125
0.774040313262293,0.6642794182459233,0.5758964879852125
0.7739119270766466,0.6643888460266726,0.5758964879852125
0.7739119270766466,0.6644620811287478,0.5758964879852125
0.7737835408910001,0.6644250909491787,0.5758964879852125
0.7737835408910001,0.6644983461962514,0.5758964879852125
0.7736551547053537,0.6644613518579777,0.5758964879852125
0.7735267685197073,0.6644243493603882,0.5758964879852125
0.7735267685197073,0.6644976287636484,0.5758964879852125
0.7735267685197073,0.6645709243326715,0.5758964879852125
0.7733983823340609,0.6645339216767788,0.5758964879852125
0.773141609962768,0.6645332156256897,0.5758964879852125
0.773141609962768,0.6646065555678181,0.5758964879852125
0.7730132237771216,0.6645695364238411,0.5758964879852125
0.7728848375914752,0.6645325091069655,0.5758964879852125
0.7727564514058287,0.6644954736144845,0.5758964879852125
0.7726280652201823,0.66445842994369,0.5758964879852125
0.7724996790345359,0.6644213780918727,0.5758964879852125
0.7724996790345359,0.6644947542794036,0.5758964879852125
0.7724996790345359,0.6645681466755026,0.5758964879852125
0.7723712928488895,0.664531094664752,0.5758964879852125
0.7723712928488895,0.6646045072912063,0.5758964879852125
0.7723712928488895,0.6646779361396531,0.5758964879852125
0.7723712928488895,0.6647513812154696,0.5758964879852125
0.7723712928488895,0.6648983200707339,0.5758964879852125
0.772242906663243,0.6648612799823146,0.5758964879852125
0.7721145204775967,0.6648242317046208,0.5758964879852125
0.7721145204775967,0.6648977335544499,0.5758964879852125
0.7719861342919502,0.6648606811145511,0.5758964879852125
0.7719861342919502,0.6649342032511335,0.5758964879852125
0.7718577481063038,0.6648971466489715,0.5758964879852125
0.7717293619206573,0.664933628318584,0.5758964879852125
0.7717293619206573,0.6650071910609581,0.5758964879852125
0.771600975735011,0.6651909241837299,0.5758964879852125
0.7714725895493645,0.6651538631835289,0.5758964879852125
0.7713442033637181,0.6651167939776376,0.5758964879852125
0.7712158171780716,0.6651533606466615,0.5758964879852125
0.7712158171780716,0.6652270210409745,0.5758964879852125
0.7712158171780716,0.665300697751689,0.5758964879852125
0.7710874309924252,0.6652636242800177,0.5758964879852125
0.7709590448067788,0.6652265425944389,0.5758964879852125
0.7709590448067788,0.6653002437403058,0.5758964879852125
0.7708306586211323,0.6652631578947369,0.5758964879852125
0.770702272435486,0.6652260638297872,0.5758964879852125
0.770702272435486,0.6653735313677677,0.5758964879852125
0.770702272435486,0.6654472896574659,0.5758964879852125
0.7705738862498395,0.665410199556541,0.5758964879852125
0.7704455000641931,0.6655944986690329,0.5758964879852125
0.7703171138785466,0.6656312402928778,0.5758964879852125
0.7701887276929003,0.6655941417951847,0.5758964879852125
0.7701887276929003,0.6656679982245894,0.5758964879852125
0.7700603415072538,0.6656308955720786,0.5758964879852125
0.7700603415072538,0.6657047724750278,0.5758964879852125
0.7699319553216074,0.6656676656676657,0.5758964879852125
0.7699319553216074,0.6657415630550622,0.5758964879852125
0.7699319553216074,0.6658154768513378,0.5758964879852125
0.7699319553216074,0.6658894070619586,0.5758964879852125
0.7699319553216074,0.6659633536923931,0.5758964879852125
0.7698035691359609,0.6659262549977788,0.5758964879852125
0.7698035691359609,0.6660002221481728,0.5758964879852125
0.7696751829503146,0.6659631193068207,0.5758964879852125
0.7695467967646681,0.6659260082213088,0.5758964879852125
0.7694184105790217,0.6658888888888889,0.5758964879852125
0.7694184105790217,0.6660368970882419,0.5758964879852125
0.7691616382077289,0.6659626500666963,0.5758964879852125
0.7690332520220824,0.6659255141745414,0.5758964879852125
0.7690332520220824,0.6659995552590616,0.5758964879852125
0.768904865836436,0.6659624152118314,0.5758964879852125
0.768904865836436,0.6660364768683275,0.5758964879852125
0.768904865836436,0.6661105549994439,0.5758964879852125
0.768904865836436,0.6661846496106786,0.5758964879852125
0.7687764796507895,0.6662216288384513,0.5758964879852125
0.7687764796507895,0.6662957605430065,0.5758964879852125
0.7686480934651432,0.6662586245270421,0.5758964879852125
0.7685197072794967,0.6662956366874443,0.5758964879852125
0.7685197072794967,0.6663698096404319,0.5758964879852125
0.7685197072794967,0.6664439991093297,0.5758964879852125
0.7685197072794967,0.6665182050996549,0.5758964879852125
0.7685197072794967,0.6665924276169265,0.5758964879852125
0.7683913210938503,0.666703798596413,0.5758964879852125
0.7682629349082039,0.6666666666666666,0.5758964879852125
0.7681345487225575,0.6667038110095832,0.5758964879852125
0.7681345487225575,0.6667781121141202,0.5758964879852125
0.7678777763512646,0.666778149386845,0.5758964879852125
0.7677493901656182,0.6667409967666407,0.5758964879852125
0.7677493901656182,0.666889706702353,0.5758964879852125
0.7677493901656182,0.6669640865491858,0.5758964879852125
0.7676210039799718,0.6670013386880856,0.5758964879852125
0.7674926177943253,0.6669641860984046,0.5758964879852125
0.7674926177943253,0.6671875,0.5758964879852125
0.7674926177943253,0.6672619712021431,0.5758964879852125
0.7674926177943253,0.6673364590310337,0.5758964879852125
0.7674926177943253,0.6674109634922407,0.5758964879852125
0.767364231608679,0.6673738276016079,0.5758964879852125
0.7672358454230325,0.6673366834170854,0.5758964879852125
0.7672358454230325,0.667485758963476,0.5758964879852125
0.7671074592373861,0.6674486148346738,0.5758964879852125
0.7671074592373861,0.6675231817674003,0.5758964879852125
0.7671074592373861,0.6675977653631285,0.5758964879852125
0.7669790730517396,0.6676352257487707,0.5758964879852125
0.7668506868660933,0.6675980775678999,0.5758964879852125
0.7664655283091539,0.6675612210667561,0.5758964879852125
0.7663371421235076,0.6675240438380675,0.5758964879852125
0.7662087559378611,0.6674868582932558,0.5758964879852125
0.7660803697522146,0.6674496644295302,0.5758964879852125
0.7659519835665682,0.6674124622440989,0.5758964879852125
0.7658235973809218,0.6673752517341687,0.5758964879852125
0.7658235973809218,0.6674499272686584,0.5758964879852125
0.7658235973809218,0.6675246195165622,0.5758964879852125
0.7656952111952754,0.6674874090654729,0.5758964879852125
0.7656952111952754,0.6675621222296844,0.5758964879852125
0.7655668250096289,0.6676743925652222,0.5758964879852125
0.7655668250096289,0.6677491601343785,0.5758964879852125
0.7655668250096289,0.6678987455197133,0.5758964879852125
0.7655668250096289,0.6679735633471491,0.5758964879852125
0.7655668250096289,0.6680483979386063,0.5758964879852125
0.7654384388239825,0.6680860600627522,0.5758964879852125
0.7654384388239825,0.6681609324218313,0.5758964879852125
0.7654384388239825,0.6682358215646717,0.5758964879852125
0.7654384388239825,0.6683107274969173,0.5758964879852125
0.7654384388239825,0.6683856502242153,0.5758964879852125
0.7654384388239825,0.6684605897522143,0.5758964879852125
0.7651816664526897,0.6684611933602512,0.5758964879852125
0.7651816664526897,0.6685361749859787,0.5758964879852125
0.7650532802670432,0.6684989903522549,0.5758964879852125
0.7650532802670432,0.6685739930438686,0.5758964879852125
0.7650532802670432,0.668649012567325,0.5758964879852125
0.7650532802670432,0.6687240489282908,0.5758964879852125
0.7650532802670432,0.6687991021324354,0.5758964879852125
0.7649248940813969,0.6688370004490346,0.5758964879852125
0.7649248940813969,0.6689120916133379,0.5758964879852125
0.7647965078957504,0.6688749157871098,0.5758964879852125
0.764668121710104,0.6688377316114542,0.5758964879852125
0.7645397355244575,0.668800539083558,0.5758964879852125
0.7645397355244575,0.6688756598899247,0.5758964879852125
0.7642829631531647,0.6688012582855859,0.5758964879852125
0.7642829631531647,0.668876404494382,0.5758964879852125
0.7641545769675183,0.6689143627781524,0.5758964879852125
0.7641545769675183,0.6689895470383276,0.5758964879852125
0.7641545769675183,0.6690647482014388,0.5758964879852125
0.7640261907818718,0.6691780051726076,0.5758964879852125
0.7640261907818718,0.6692532613585245,0.5758964879852125
0.7638978045962255,0.6692160611854685,0.5758964879852125
0.7638978045962255,0.6692913385826772,0.5758964879852125
0.763769418410579,0.6692541343233209,0.5758964879852125
0.763769418410579,0.6693294329432943,0.5758964879852125
0.763769418410579,0.6694047485090582,0.5758964879852125
0.763769418410579,0.6694800810263336,0.5758964879852125
0.763769418410579,0.6695554305008441,0.5758964879852125
0.7636410322249326,0.6696689934699392,0.5758964879852125
0.7636410322249326,0.6697443981533611,0.5758964879852125
0.7635126460392861,0.6697072072072072,0.5758964879852125
0.7633842598536398,0.6697454381617481,0.5758964879852125
0.7632558736679933,0.6697082347639969,0.5758964879852125
0.7631274874823469,0.6696710229833258,0.5758964879852125
0.7631274874823469,0.6697464788732395,0.5758964879852125
0.7631274874823469,0.6698219517692134,0.5758964879852125
0.7629991012967005,0.6697847402231489,0.5758964879852125
0.7628707151110541,0.6697475202885482,0.5758964879852125
0.7627423289254076,0.6697857948139797,0.5758964879852125
0.7626139427397612,0.6697485624083888,0.5758964879852125
0.7626139427397612,0.6698240866035182,0.5758964879852125
0.7624855565541148,0.6697868501184167,0.5758964879852125
0.7623571703684684,0.6697496052334762,0.5758964879852125
0.7622287841828219,0.6697123519458544,0.5758964879852125
0.7621003979971755,0.6696750902527075,0.5758964879852125
0.7621003979971755,0.6697506487645267,0.5758964879852125
0.7619720118115291,0.6697889628710078,0.5758964879852125
0.7619720118115291,0.6698645598194131,0.5758964879852125
0.7619720118115291,0.6699401738345185,0.5758964879852125
0.7618436256258827,0.6699785480410975,0.5758964879852125
0.7617152394402362,0.6699412827461608,0.5758964879852125
0.7617152394402362,0.670016939582157,0.5758964879852125
0.7615868532545899,0.6699796702055568,0.5758964879852125
0.7614584670689434,0.6699423924093527,0.5758964879852125
0.761330080883297,0.6699807931307197,0.5758964879852125
0.761330080883297,0.6700564971751413,0.5758964879852125
0.761330080883297,0.6701322183297548,0.5758964879852125
0.761330080883297,0.6702837119927659,0.5758964879852125
0.7612016946976505,0.6703980099502488,0.5758964879852125
0.761073308512004,0.670360737306344,0.5758964879852125
0.761073308512004,0.6704365528161049,0.5758964879852125
0.761073308512004,0.6705123854767561,0.5758964879852125
0.7609449223263577,0.6704751131221719,0.5758964879852125
0.7608165361407112,0.6704378323339745,0.5758964879852125
0.7608165361407112,0.6705136908802897,0.5758964879852125
0.7608165361407112,0.6705895665949984,0.5758964879852125
0.7608165361407112,0.6706654594839294,0.5758964879852125
0.7608165361407112,0.6707413695529145,0.5758964879852125
0.7606881499550648,0.6707040978039394,0.5758964879852125
0.7606881499550648,0.670780029435073,0.5758964879852125
0.7605597637694184,0.6707427536231884,0.5758964879852125
0.7605597637694184,0.6708187068282188,0.5758964879852125
0.760431377583772,0.6707814269535674,0.5758964879852125
0.7603029913981255,0.6707441386340469,0.5758964879852125
0.7603029913981255,0.6708201178069778,0.5758964879852125
0.7603029913981255,0.6708961141950832,0.5758964879852125
0.7601746052124791,0.670858826195332,0.5758964879852125
0.7601746052124791,0.6709348441926346,0.5758964879852125
0.7601746052124791,0.6710869318825796,0.5758964879852125
0.7601746052124791,0.6711630015869418,0.5758964879852125
0.7600462190268327,0.6711257227071761,0.5758964879852125
0.7599178328411863,0.6710884353741496,0.5758964879852125
0.7597894466555398,0.671051139584987,0.5758964879852125
0.7597894466555398,0.6711272397369018,0.5758964879852125
0.7597894466555398,0.6712033571509584,0.5758964879852125
0.7597894466555398,0.671355643788996,0.5758964879852125
0.7597894466555398,0.6714318130247334,0.5758964879852125
0.7596610604698935,0.6713945308067627,0.5758964879852125
0.7596610604698935,0.6714707217430776,0.5758964879852125
0.7596610604698935,0.6715469299738963,0.5758964879852125
0.759532674284247,0.6715096481271282,0.5758964879852125
0.759532674284247,0.6715858780792372,0.5758964879852125
0.7591475157273078,0.6716265333939119,0.5758964879852125
0.7591475157273078,0.6717791411042945,0.5758964879852125
0.7590191295416613,0.6718181818181819,0.5758964879852125
0.7588907433560149,0.6717808841913854,0.5758964879852125
0.7587623571703684,0.6717435780859287,0.5758964879852125
0.7587623571703684,0.6718199386154371,0.5758964879852125
0.7587623571703684,0.6718963165075034,0.5758964879852125
0.7586339709847221,0.671935410507164,0.5758964879852125
0.7586339709847221,0.6720118275901286,0.5758964879852125
0.7586339709847221,0.6720882620564149,0.5758964879852125
0.7585055847990756,0.6720509612103287,0.5758964879852125
0.7585055847990756,0.672127417519909,0.5758964879852125
0.7583771986134292,0.672090112640801,0.5758964879852125
0.7581204262421364,0.6720919644889597,0.5758964879852125
0.7581204262421364,0.672168468981218,0.5758964879852125
0.7581204262421364,0.6722449908925319,0.5758964879852125
0.7581204262421364,0.6723215302288512,0.5758964879852125
0.7579920400564899,0.6722842177180597,0.5758964879852125
0.7579920400564899,0.672360778954561,0.5758964879852125
0.7578636538708435,0.6723234624145786,0.5758964879852125
0.7577352676851971,0.6722861373732771,0.5758964879852125
0.7576068814995507,0.6722488038277512,0.5758964879852125
0.7576068814995507,0.6723253959211576,0.5758964879852125
0.7576068814995507,0.6724020054694622,0.5758964879852125
0.7574784953139042,0.6723646723646723,0.5758964879852125
0.7573501091282578,0.6724039667160606,0.5758964879852125
0.7573501091282578,0.6724806201550387,0.5758964879852125
0.7573501091282578,0.6725572910728537,0.5758964879852125
0.7572217229426114,0.6725199543899658,0.5758964879852125
0.7572217229426114,0.6725966472801915,0.5758964879852125
0.7572217229426114,0.6726733576642335,0.5758964879852125
0.7572217229426114,0.6728268309377139,0.5758964879852125
0.757093336756965,0.6727895037079292,0.5758964879852125
0.7569649505713185,0.6728289398607783,0.5758964879852125
0.7569649505713185,0.6729057292855513,0.5758964879852125
0.7569649505713185,0.6729825362401552,0.5758964879852125
0.7567081782000257,0.6731384193695752,0.5758964879852125
0.7567081782000257,0.6732153055396916,0.5758964879852125
0.7567081782000257,0.6732922092757596,0.5758964879852125
0.7565797920143793,0.6732548840397578,0.5758964879852125
0.7565797920143793,0.6733318098720292,0.5758964879852125
0.7564514058287328,0.673294480630785,0.5758964879852125
0.75619463345744,0.6733737281353607,0.5758964879852125
0.75619463345744,0.6734507203292934,0.5758964879852125
0.75619463345744,0.6735277301315037,0.5758964879852125
0.75619463345744,0.673604757548033,0.5758964879852125
0.75619463345744,0.673681802584925,0.5758964879852125
0.75619463345744,0.6738359455439881,0.5758964879852125
0.75619463345744,0.6739130434782609,0.5758964879852125
0.75619463345744,0.6739901590571004,0.5758964879852125
0.75619463345744,0.6740672922865645,0.5758964879852125
0.7560662472717935,0.6740299874098661,0.5758964879852125
0.7559378610861471,0.673992673992674,0.5758964879852125
0.7559378610861471,0.6740698340011448,0.5758964879852125
0.7558094749005007,0.6741096988434673,0.5758964879852125
0.7556810887148543,0.6740723774622079,0.5758964879852125
0.7556810887148543,0.6741495819493758,0.5758964879852125
0.7555527025292078,0.6741122565864834,0.5758964879852125
0.7555527025292078,0.674189483331424,0.5758964879852125
0.7555527025292078,0.6742667277726856,0.5758964879852125
0.7554243163435614,0.6742294030021772,0.5758964879852125
0.7554243163435614,0.6743066697226678,0.5758964879852125
0.7554243163435614,0.6743839541547277,0.5758964879852125
0.7554243163435614,0.6744612563044475,0.5758964879852125
0.755295930157915,0.6745012611786287,0.5758964879852125
0.7551675439722686,0.6744639376218323,0.5758964879852125
0.7551675439722686,0.6745412844036697,0.5758964879852125
0.7550391577866221,0.6745039568757885,0.5758964879852125
0.7549107716009757,0.6744666207845836,0.5758964879852125
0.7549107716009757,0.6745439944935184,0.5758964879852125
0.7547823854153293,0.674506654428637,0.5758964879852125
0.7547823854153293,0.6745840504876649,0.5758964879852125
0.7546539992296829,0.6745467064493917,0.5758964879852125
0.7546539992296829,0.6746241248708826,0.5758964879852125
0.7545256130440364,0.6747416762342135,0.5758964879852125
0.7545256130440364,0.6748191526007579,0.5758964879852125
0.7543972268583901,0.6747818098300413,0.5758964879852125
0.7543972268583901,0.674859308602274,0.5758964879852125
0.7543972268583901,0.6750143595634692,0.5758964879852125
0.7542688406727436,0.6749770220588235,0.5758964879852125
0.7542688406727436,0.6750545788808456,0.5758964879852125
0.7542688406727436,0.6751321535279247,0.5758964879852125
0.7542688406727436,0.6752097460062062,0.5758964879852125
0.7541404544870972,0.6751724137931034,0.5758964879852125
0.7541404544870972,0.6752500287389355,0.5758964879852125
0.7540120683014507,0.6753679852805887,0.5758964879852125
0.7538836821158044,0.6753306497987349,0.5758964879852125
0.7537552959301579,0.6753709881513862,0.5758964879852125
0.7537552959301579,0.6754486884491486,0.5758964879852125
0.7536269097445115,0.6754890678941312,0.5758964879852125
0.753498523558865,0.6754517205662331,0.5758964879852125
0.753498523558865,0.6755294659300184,0.5758964879852125
0.7532417511875722,0.6754547547778034,0.5758964879852125
0.7531133650019258,0.6754173862982153,0.5758964879852125
0.7531133650019258,0.6755729586548428,0.5758964879852125
0.7529849788162793,0.675535590877678,0.5758964879852125
0.7527282064449865,0.6754608294930876,0.5758964879852125
0.7527282064449865,0.6755386565272496,0.5758964879852125
0.7527282064449865,0.675616501498041,0.5758964879852125
0.7527282064449865,0.675694364411663,0.5758964879852125
0.7527282064449865,0.67577224527432,0.5758964879852125
0.7527282064449865,0.675850144092219,0.5758964879852125
0.7525998202593401,0.6758127738067788,0.5758964879852125
0.7525998202593401,0.6759686346863468,0.5758964879852125
0.7525998202593401,0.6760465920885711,0.5758964879852125
0.7525998202593401,0.6761245674740485,0.5758964879852125
0.7525998202593401,0.6762025608490022,0.5758964879852125
0.7525998202593401,0.6763586015922465,0.5758964879852125
0.7524714340736937,0.6763212554811908,0.5758964879852125
0.7524714340736937,0.676399307559146,0.5758964879852125
0.7524714340736937,0.676477377654663,0.5758964879852125
0.7523430478880473,0.6765181251443084,0.5758964879852125
0.7523430478880473,0.6765962360004618,0.5758964879852125
0.7523430478880473,0.6766743648960739,0.5758964879852125
0.7522146617024008,0.6767933464248584,0.5758964879852125
0.7522146617024008,0.6768715341959335,0.5758964879852125
0.7520862755167544,0.6768341998844598,0.5758964879852125
0.7520862755167544,0.6769124104460366,0.5758964879852125
0.751957889331108,0.6768750722292847,0.5758964879852125
0.751957889331108,0.6769533055940823,0.5758964879852125
0.7518295031454616,0.6769159634724309,0.5758964879852125
0.7518295031454616,0.6769942196531792,0.5758964879852125
0.7518295031454616,0.6771507863089732,0.5758964879852125
0.7517011169598151,0.6771134497513589,0.5758964879852125
0.7515727307741688,0.6770761045570206,0.5758964879852125
0.7514443445885223,0.6770387507229613,0.5758964879852125
0.7514443445885223,0.6771170754280426,0.5758964879852125
0.7513159584028759,0.6771580652626706,0.5758964879852125
0.751059186031583,0.6771617085310799,0.5758964879852125
0.751059186031583,0.6772401018754342,0.5758964879852125
0.751059186031583,0.6773185133726989,0.5758964879852125
0.7509307998459366,0.677438035672921,0.5758964879852125
0.7508024136602901,0.6774006718406116,0.5758964879852125
0.7508024136602901,0.6774791473586654,0.5758964879852125
0.7508024136602901,0.6775576410612907,0.5758964879852125
0.7506740274746437,0.6775202780996524,0.5758964879852125
0.7505456412889973,0.677482906478155,0.5758964879852125
0.7505456412889973,0.6775614279091331,0.5758964879852125
0.7505456412889973,0.677639967543758,0.5758964879852125
0.7504172551033509,0.6776025968003709,0.5758964879852125
0.7502888689177044,0.6775652173913044,0.5758964879852125
0.750160482732058,0.6776064014844022,0.5758964879852125
0.7500320965464116,0.6775690095105544,0.5758964879852125
0.7500320965464116,0.6776476046862313,0.5758964879852125
0.7500320965464116,0.6777262180974478,0.5758964879852125
0.7499037103607652,0.6778461181385633,0.5758964879852125
0.7499037103607652,0.677924791086351,0.5758964879852125
0.7499037103607652,0.6780034822983169,0.5758964879852125
0.7496469379894724,0.677928712411471,0.5758964879852125
0.7496469379894724,0.6780861688537917,0.5758964879852125
0.7496469379894724,0.6781649245063879,0.5758964879852125
0.7496469379894724,0.6782436984551051,0.5758964879852125
0.7496469379894724,0.6783224907063197,0.5758964879852125
0.7496469379894724,0.6784013012664111,0.5758964879852125
0.7495185518038259,0.6784427658338176,0.5758964879852125
0.7493901656181795,0.6784053928405392,0.5758964879852125
0.7493901656181795,0.678484249680344,0.5758964879852125
0.749261779432533,0.6784468728202744,0.5758964879852125
0.7491333932468867,0.6784094872689223,0.5758964879852125
0.7491333932468867,0.6784883720930233,0.5758964879852125
0.7491333932468867,0.6785672752645656,0.5758964879852125
0.7490050070612402,0.6785298906722493,0.5758964879852125
0.7490050070612402,0.6786088170291962,0.5758964879852125
0.7490050070612402,0.678687761749651,0.5758964879852125
0.7488766208755938,0.6786503781268179,0.5758964879852125
0.7488766208755938,0.6787293460553875,0.5758964879852125
0.7487482346899473,0.6786919585709298,0.5758964879852125
0.748619848504301,0.6786545623836127,0.5758964879852125
0.7484914623186545,0.678617157490397,0.5758964879852125
0.7483630761330081,0.6785797438882422,0.5758964879852125
0.7483630761330081,0.678658749563395,0.5758964879852125
0.7482346899473616,0.6786213320912902,0.5758964879852125
0.7482346899473616,0.6787794083391567,0.5758964879852125
0.7481063037617153,0.6788210624417521,0.5758964879852125
0.7479779175760688,0.6787836420831876,0.5758964879852125
0.7478495313904224,0.678825311735229,0.5758964879852125
0.747721145204776,0.6787878787878788,0.5758964879852125
0.747721145204776,0.6789461412916764,0.5758964879852125
0.7475927590191296,0.6789087093389297,0.5758964879852125
0.7474643728334831,0.6788712686567164,0.5758964879852125
0.7474643728334831,0.6789504373177843,0.5758964879852125
0.7473359866478367,0.678912992768836,0.5758964879852125
0.7473359866478367,0.6789921847661262,0.5758964879852125
0.7472076004621903,0.67895473635091,0.5758964879852125
0.7472076004621903,0.6790339516975848,0.5758964879852125
0.7469508280908974,0.6789590383942117,0.5758964879852125
0.7469508280908974,0.6790382819794585,0.5758964879852125
0.746822441905251,0.6790008170888292,0.5758964879852125
0.746822441905251,0.6790800840532337,0.5758964879852125
0.7466940557196046,0.6790426152948045,0.5758964879852125
0.7465656695339582,0.6790844330258087,0.5758964879852125
0.7464372833483117,0.6791262702955262,0.5758964879852125
0.7464372833483117,0.6792056074766355,0.5758964879852125
0.7464372833483117,0.6792849631966351,0.5758964879852125
0.7463088971626654,0.6793268668926026,0.5758964879852125
0.7463088971626654,0.6794062646096307,0.5758964879852125
0.7461805109770189,0.6793687901811806,0.5758964879852125
0.7461805109770189,0.679448211363105,0.5758964879852125
0.7460521247913724,0.6794107330761137,0.5758964879852125
0.7460521247913724,0.679490177736202,0.5758964879852125
0.7460521247913724,0.6796491228070175,0.5758964879852125
0.745923738605726,0.6796116504854369,0.5758964879852125
0.745923738605726,0.6796911558259242,0.5758964879852125
0.745923738605726,0.6797706797706797,0.5758964879852125
0.745923738605726,0.6798502223262345,0.5758964879852125
0.7456669662344332,0.6798548519255531,0.5758964879852125
0.7455385800487867,0.6798173729805667,0.5758964879852125
0.7454101938631403,0.6798594847775176,0.5758964879852125
0.7454101938631403,0.6799391029394543,0.5758964879852125
0.7454101938631403,0.6800187397516982,0.5758964879852125
0.7454101938631403,0.6800983952208035,0.5758964879852125
0.7454101938631403,0.680178069353327,0.5758964879852125
0.7454101938631403,0.6802577621558289,0.5758964879852125
0.7452818076774939,0.6802202952894305,0.5758964879852125
0.7452818076774939,0.6803000117192077,0.5758964879852125
0.7452818076774939,0.680379746835443,0.5758964879852125
0.7452818076774939,0.6804595006447075,0.5758964879852125
0.7452818076774939,0.6806190643686247,0.5758964879852125
0.7452818076774939,0.680778702943591,0.5758964879852125
0.7452818076774939,0.6808585503166784,0.5758964879852125
0.7452818076774939,0.6809384164222874,0.5758964879852125
0.745025035306201,0.680863545699871,0.5758964879852125
0.7448966491205546,0.6809859154929577,0.5758964879852125
0.7448966491205546,0.6812257837266643,0.5758964879852125
0.7446398767492618,0.6811509101585438,0.5758964879852125
0.7445114905636153,0.6812734962406015,0.5758964879852125
0.744383104377969,0.6812360474679826,0.5758964879852125
0.744383104377969,0.6813160987074031,0.5758964879852125
0.7442547181923225,0.6812786461393818,0.5758964879852125
0.7442547181923225,0.6813587212035731,0.5758964879852125
0.7442547181923225,0.6814388150934525,0.5758964879852125
0.7442547181923225,0.6815189278156595,0.5758964879852125
0.7442547181923225,0.6815990593768372,0.5758964879852125
0.7441263320066761,0.6815616180620885,0.5758964879852125
0.7439979458210296,0.6816043283933192,0.5758964879852125
0.7438695596353833,0.6815668744853547,0.5758964879852125
0.7437411734497368,0.6815294117647058,0.5758964879852125
0.7437411734497368,0.6816096011295446,0.5758964879852125
0.7436127872640904,0.6816523478874897,0.5758964879852125
0.7434844010784439,0.6816148775894538,0.5758964879852125
0.7433560148927976,0.681577398469688,0.5758964879852125
0.7432276287071511,0.6815399105250766,0.5758964879852125
0.7430992425215047,0.6815024137525021,0.5758964879852125
0.7430992425215047,0.6815826660386246,0.5758964879852125
0.7429708563358582,0.6815451654693204,0.5758964879852125
0.7429708563358582,0.681625441696113,0.5758964879852125
0.7429708563358582,0.6818663838812301,0.5758964879852125
0.7428424701502119,0.6819092516205068,0.5758964879852125
0.7428424701502119,0.681989627534182,0.5758964879852125
0.7427140839645654,0.6819521395732642,0.5758964879852125
0.742585697778919,0.6819950477538026,0.5758964879852125
0.742585697778919,0.6820754716981132,0.5758964879852125
0.742585697778919,0.6821559146125722,0.5758964879852125
0.7424573115932726,0.6821184241566407,0.5758964879852125
0.7424573115932726,0.6821988911171405,0.5758964879852125
0.7424573115932726,0.6822793770646531,0.5758964879852125
0.7420721530363333,0.6821668830402455,0.5758964879852125
0.7419437668506869,0.6821293673276676,0.5758964879852125
0.7418153806650405,0.6820918427576437,0.5758964879852125
0.7418153806650405,0.6823334907888522,0.5758964879852125
0.7415586082937476,0.6825809501299929,0.5758964879852125
0.7414302221081012,0.6826241134751773,0.5758964879852125
0.7413018359224548,0.6826672972333885,0.5758964879852125
0.7413018359224548,0.682909520993495,0.5758964879852125
0.7411734497368083,0.6828720132481666,0.5758964879852125
0.7410450635511618,0.6829152863227639,0.5758964879852125
0.7410450635511618,0.683076923076923,0.5758964879852125
0.7410450635511618,0.6832386363636364,0.5758964879852125
0.7410450635511618,0.6833195217236889,0.5758964879852125
0.7409166773655155,0.6832820269950273,0.5758964879852125
0.740788291179869,0.6832445233866193,0.5758964879852125
0.7406599049942226,0.6832070108953103,0.5758964879852125
0.7405315188085762,0.6831694895179439,0.5758964879852125
0.7405315188085762,0.6833313588437389,0.5758964879852125
0.7404031326229298,0.6832938388625592,0.5758964879852125
0.7402747464372833,0.6832563099893352,0.5758964879852125
0.7400179740659905,0.6833432128037937,0.5758964879852125
0.7400179740659905,0.6835863377609108,0.5758964879852125
0.7400179740659905,0.6836674178626497,0.5758964879852125
0.7398895878803441,0.6836298932384341,0.5758964879852125
0.7397612016946976,0.6836734693877551,0.5758964879852125
0.7396328155090512,0.6836359321229382,0.5758964879852125
0.7395044293234048,0.6835983859482554,0.5758964879852125
0.7393760431377584,0.6839667458432304,0.5758964879852125
0.7393760431377584,0.6840479866967574,0.5758964879852125
0.7391192707664656,0.6840541825095057,0.5758964879852125
0.7389908845808191,0.6840166369578135,0.5758964879852125
0.7387341122095262,0.6840228245363766,0.5758964879852125
0.7387341122095262,0.6841041493282606,0.5758964879852125
0.7387341122095262,0.684348239771646,0.5758964879852125
0.7386057260238799,0.6843106934697276,0.5758964879852125
0.7386057260238799,0.6843921008803235,0.5758964879852125
0.7384773398382334,0.6843545508625818,0.5758964879852125
0.7382205674669405,0.6843608664603665,0.5758964879852125
0.7382205674669405,0.6844423282942507,0.5758964879852125
0.7380921812812942,0.684404761904762,0.5758964879852125
0.7380921812812942,0.6844862483629004,0.5758964879852125
0.7380921812812942,0.684567754227197,0.5758964879852125
0.7380921812812942,0.684649279504585,0.5758964879852125
0.7380921812812942,0.6847308242020009,0.5758964879852125
0.7379637950956477,0.6846932698034545,0.5758964879852125
0.7378354089100013,0.6847372810675563,0.5758964879852125
0.7378354089100013,0.6849004886187582,0.5758964879852125
0.7375786365387085,0.6850703553541617,0.5758964879852125
0.737450250353062,0.6850327966607036,0.5758964879852125
0.737450250353062,0.6851145038167938,0.5758964879852125
0.7371934779817692,0.6851211072664359,0.5758964879852125
0.7371934779817692,0.6852028639618138,0.5758964879852125
0.7371934779817692,0.6852846401718582,0.5758964879852125
0.7370650917961228,0.6852470756743853,0.5758964879852125
0.7369367056104763,0.6852095022084278,0.5758964879852125
0.7369367056104763,0.6852913085004776,0.5758964879852125
0.7369367056104763,0.6853731343283582,0.5758964879852125
0.7368083194248299,0.6853355624552185,0.5758964879852125
0.7368083194248299,0.6854174131135794,0.5758964879852125
0.7368083194248299,0.6854992833253702,0.5758964879852125
0.7368083194248299,0.6855811730975988,0.5758964879852125
0.7366799332391835,0.6855436081242533,0.5758964879852125
0.7366799332391835,0.6856255227625762,0.5758964879852125
0.7362947746822441,0.6855947399880454,0.5758964879852125
0.7361663884965978,0.6855571496891439,0.5758964879852125
0.7360380023109513,0.685519550400574,0.5758964879852125
0.7360380023109513,0.6856015307342741,0.5758964879852125
0.7360380023109513,0.6857655502392345,0.5758964879852125
0.7360380023109513,0.6858475894245724,0.5758964879852125
0.7359096161253049,0.685810002392917,0.5758964879852125
0.7357812299396584,0.6857724063659207,0.5758964879852125
0.7356528437540121,0.6857348013403542,0.5758964879852125
0.7355244575683656,0.6856971873129862,0.5758964879852125
0.7355244575683656,0.6857792674168063,0.5758964879852125
0.7353960713827192,0.6857416497066922,0.5758964879852125
0.7353960713827192,0.685823754789272,0.5758964879852125
0.7352676851970728,0.685786133397198,0.5758964879852125
0.7352676851970728,0.6858682634730539,0.5758964879852125
0.7351392990114264,0.6859949682520666,0.5758964879852125
0.7351392990114264,0.6860771627126767,0.5758964879852125
0.7350109128257799,0.6860395446375075,0.5758964879852125
0.7348825266401335,0.6860019175455417,0.5758964879852125
0.7347541404544871,0.685964281433537,0.5758964879852125
0.7347541404544871,0.686046511627907,0.5758964879852125
0.7346257542688407,0.6860088718379092,0.5758964879852125
0.7346257542688407,0.6861734020865812,0.5758964879852125
0.7346257542688407,0.6862556968097865,0.5758964879852125
0.7346257542688407,0.686338011275039,0.5758964879852125
0.7346257542688407,0.686502699460108,0.5758964879852125
0.7344973680831942,0.6864650827933765,0.5758964879852125
0.7344973680831942,0.6865474618984759,0.5758964879852125
0.7344973680831942,0.6866298607777245,0.5758964879852125
0.7343689818975478,0.686592245828832,0.5758964879852125
0.7342405957119014,0.6866370512666586,0.5758964879852125
0.734112209526255,0.6865994236311239,0.5758964879852125
0.7339838233406085,0.6867267267267267,0.5758964879852125
0.7339838233406085,0.6868092263334935,0.5758964879852125
0.7338554371549622,0.6867715967800072,0.5758964879852125
0.7338554371549622,0.6868541216053833,0.5758964879852125
0.7337270509693157,0.6868164884028362,0.5758964879852125
0.7337270509693157,0.6868990384615384,0.5758964879852125
0.7337270509693157,0.6870641981245492,0.5758964879852125
0.7337270509693157,0.6872294372294372,0.5758964879852125
0.7337270509693157,0.6873120865904991,0.5758964879852125
0.7335986647836693,0.6874398460057748,0.5758964879852125
0.7334702785980228,0.6874022379978342,0.5758964879852125
0.7334702785980228,0.6874849578820698,0.5758964879852125
0.7334702785980228,0.6875676976772175,0.5758964879852125
0.7334702785980228,0.687650457390467,0.5758964879852125
0.7333418924123765,0.687778446718844,0.5758964879852125
0.73321350622673,0.6877408477842004,0.5758964879852125
0.7330851200410836,0.687703239792846,0.5758964879852125
0.7329567338554371,0.6878313253012048,0.5758964879852125
0.7329567338554371,0.6879142065309073,0.5758964879852125
0.7329567338554371,0.687997107736804,0.5758964879852125
0.7328283476697908,0.6879595034349765,0.5758964879852125
0.7325715752984979,0.6879672052085846,0.5758964879852125
0.7323148029272051,0.6879749125557834,0.5758964879852125
0.7323148029272051,0.6880579010856454,0.5758964879852125
0.7323148029272051,0.688140909639281,0.5758964879852125
0.7323148029272051,0.6883069868468686,0.5758964879852125
0.7321864167415586,0.6882693700217234,0.5758964879852125
0.7321864167415586,0.6883524441762221,0.5758964879852125
0.7321864167415586,0.6884355383872526,0.5758964879852125
0.7320580305559122,0.688647342995169,0.5758964879852125
0.7319296443702658,0.6886929209954096,0.5758964879852125
0.7319296443702658,0.6887761266159237,0.5758964879852125
0.7318012581846194,0.6887385210246496,0.5758964879852125
0.7318012581846194,0.6888217522658611,0.5758964879852125
0.7315444858133265,0.6888297872340425,0.5758964879852125
0.7314160996276801,0.6887921653971708,0.5758964879852125
0.7312877134420336,0.6887545344619105,0.5758964879852125
0.7312877134420336,0.6888378280324102,0.5758964879852125
0.7309025548850944,0.6888082274652148,0.5758964879852125
0.7307741686994479,0.6887705711519845,0.5758964879852125
0.7307741686994479,0.6888539271451047,0.5758964879852125
0.7306457825138015,0.6888162672476398,0.5758964879852125
0.730517396328155,0.6887785982326595,0.5758964879852125
0.7303890101425087,0.688991159016592,0.5758964879852125
0.7303890101425087,0.6890746124031008,0.5758964879852125
0.7300038515855694,0.6889615897249485,0.5758964879852125
0.7300038515855694,0.6890450799806107,0.5758964879852125
0.729875465399923,0.6890073930432675,0.5758964879852125
0.729875465399923,0.6890909090909091,0.5758964879852125
0.7297470792142765,0.6890532185719481,0.5758964879852125
0.7297470792142765,0.6891367604267701,0.5758964879852125
0.7296186930286301,0.6891826340043657,0.5758964879852125
0.7296186930286301,0.6892662219526986,0.5758964879852125
0.7296186930286301,0.6893498301795244,0.5758964879852125
0.7296186930286301,0.6894334586922237,0.5758964879852125
0.7293619206573373,0.6894417475728155,0.5758964879852125
0.7292335344716908,0.689487739742656,0.5758964879852125
0.7292335344716908,0.6895714459147748,0.5758964879852125
0.728976762100398,0.6896635491315438,0.5758964879852125
0.7288483759147516,0.6897934386391251,0.5758964879852125
0.7288483759147516,0.689877263336979,0.5758964879852125
0.7287199897291051,0.6898395721925134,0.5758964879852125
0.7284632173578123,0.6897641624118648,0.5758964879852125
0.7280780588008731,0.6899026763990268,0.5758964879852125
0.7280780588008731,0.690238558909445,0.5758964879852125
0.7280780588008731,0.6903225806451613,0.5758964879852125
0.7279496726152266,0.6902848794740687,0.5758964879852125
0.7278212864295802,0.6903312226010716,0.5758964879852125
0.7276929002439337,0.6902935087078309,0.5758964879852125
0.7276929002439337,0.6904616883907906,0.5758964879852125
0.7275645140582874,0.6904239766081871,0.5758964879852125
0.7275645140582874,0.6905081028390399,0.5758964879852125
0.7274361278726409,0.6904703875213258,0.5758964879852125
0.7273077416869945,0.6904326630103595,0.5758964879852125
0.727179355501348,0.6905632772494513,0.5758964879852125
0.727179355501348,0.6906474820143885,0.5758964879852125
0.727179355501348,0.6907317073170731,0.5758964879852125
0.7270509693157017,0.6906939870715941,0.5758964879852125
0.7269225831300552,0.6906562576238107,0.5758964879852125
0.7269225831300552,0.690740514822496,0.5758964879852125
0.7269225831300552,0.6908247925817472,0.5758964879852125
0.7269225831300552,0.6909090909090909,0.5758964879852125
0.7269225831300552,0.691162109375,0.5758964879852125
0.7269225831300552,0.6912464900500549,0.5758964879852125
0.7269225831300552,0.6913308913308913,0.5758964879852125
0.7269225831300552,0.691415313225058,0.5758964879852125
0.7267941969444088,0.6914620740197874,0.5758964879852125
0.7267941969444088,0.6915465428780845,0.5758964879852125
0.7267941969444088,0.6916310323762981,0.5758964879852125
0.7266658107587624,0.6915933528836755,0.5758964879852125
0.726537424573116,0.6915556641818404,0.5758964879852125
0.726537424573116,0.6916401857736495,0.5758964879852125
0.726537424573116,0.6917247280283584,0.5758964879852125
0.726537424573116,0.6918092909535453,0.5758964879852125
0.726280652201823,0.6917339202739056,0.5758964879852125
0.726280652201823,0.6919031311154599,0.5758964879852125
0.726280652201823,0.6919877675840979,0.5758964879852125
0.7261522660161767,0.6919500856373868,0.5758964879852125
0.7261522660161767,0.6920347485623394,0.5758964879852125
0.7261522660161767,0.6921194322075379,0.5758964879852125
0.7260238798305302,0.6920817525394689,0.5758964879852125
0.7260238798305302,0.6921664626682986,0.5758964879852125
0.7260238798305302,0.692335945151812,0.5758964879852125
0.7260238798305302,0.6924207175217338,0.5758964879852125
0.7258954936448838,0.692383051677688,0.5758964879852125
0.7257671074592373,0.6923453766074709,0.5758964879852125
0.7257671074592373,0.6924301812836845,0.5758964879852125
0.725638721273591,0.6923925027563396,0.5758964879852125
0.725638721273591,0.6924773339867679,0.5758964879852125
0.7255103350879445,0.6926093884054418,0.5758964879852125
0.7255103350879445,0.6926942878156411,0.5758964879852125
0.7253819489022981,0.6926566139512076,0.5758964879852125
0.7252535627166516,0.6926189308484552,0.5758964879852125
0.7252535627166516,0.6927038626609442,0.5758964879852125
0.7251251765310053,0.6926661761098847,0.5758964879852125
0.7251251765310053,0.6927511345516988,0.5758964879852125
0.7249967903453588,0.6927134445534838,0.5758964879852125
0.7248684041597124,0.6926757453073242,0.5758964879852125
0.724740017974066,0.6928930894807904,0.5758964879852125
0.7246116317884196,0.6929404542664211,0.5758964879852125
0.7244832456027731,0.6929027504911591,0.5758964879852125
0.7243548594171267,0.6928650374554832,0.5758964879852125
0.7243548594171267,0.6929501351019406,0.5758964879852125
0.7243548594171267,0.6930352536543423,0.5758964879852125
0.7243548594171267,0.6931203931203931,0.5758964879852125
0.7240980870458339,0.693130146245545,0.5758964879852125
0.7239697008601874,0.6930924287118977,0.5758964879852125
0.7239697008601874,0.6931776275353411,0.5758964879852125
0.723841314674541,0.6931399065650357,0.5758964879852125
0.7237129284888946,0.6931021763187016,0.5758964879852125
0.7237129284888946,0.6931874077717659,0.5758964879852125
0.7235845423032482,0.6931496740868281,0.5758964879852125
0.7235845423032482,0.6932349323493235,0.5758964879852125
0.7235845423032482,0.6933202115881413,0.5758964879852125
0.7234561561176017,0.6932824803149606,0.5758964879852125
0.7234561561176017,0.6933677863910422,0.5758964879852125
0.7233277699319554,0.6934153846153847,0.5758964879852125
0.7233277699319554,0.6935007385524372,0.5758964879852125
0.7233277699319554,0.6937569264868858,0.5758964879852125
0.7233277699319554,0.693927823623599,0.5758964879852125
0.7233277699319554,0.6940133037694013,0.5758964879852125
0.7233277699319554,0.6941843272548053,0.5758964879852125
0.7231993837463089,0.6941466420209489,0.5758964879852125
0.7231993837463089,0.6942321912743407,0.5758964879852125
0.7231993837463089,0.6943177616171576,0.5758964879852125
0.7230709975606625,0.6942800788954635,0.5758964879852125
0.7230709975606625,0.6943656762421403,0.5758964879852125
0.7230709975606625,0.6944512946979038,0.5758964879852125
0.7230709975606625,0.6945369342705636,0.5758964879852125
0.7230709975606625,0.6946225949679329,0.5758964879852125
0.7228142251893697,0.6947186574531096,0.5758964879852125
0.7226858390037232,0.6946809823522152,0.5758964879852125
0.7226858390037232,0.6947667242656135,0.5758964879852125
0.7225574528180768,0.6949006050129646,0.5758964879852125
0.7224290666324303,0.6948629291183008,0.5758964879852125
0.7224290666324303,0.6949487464493022,0.5758964879852125
0.7224290666324303,0.6951204447189623,0.5758964879852125
0.7224290666324303,0.6952063256733383,0.5758964879852125
0.7224290666324303,0.6953781512605042,0.5758964879852125
0.722300680446784,0.6953405017921147,0.5758964879852125
0.7220439080754911,0.6952651749289158,0.5758964879852125
0.7217871357041983,0.6953617810760668,0.5758964879852125
0.7217871357041983,0.6954477981197427,0.5758964879852125
0.7216587495185518,0.6955822299220393,0.5758964879852125
0.7215303633329054,0.6955445544554455,0.5758964879852125
0.7215303633329054,0.6956306473573463,0.5758964879852125
0.7215303633329054,0.6957167615746472,0.5758964879852125
0.721401977147259,0.6957652303120356,0.5758964879852125
0.7212735909616125,0.6957275541795666,0.5758964879852125
0.7210168185903196,0.6956521739130435,0.5758964879852125
0.7210168185903196,0.6957383548067394,0.5758964879852125
0.7210168185903196,0.6958245570561269,0.5758964879852125
0.7208884324046733,0.6957868649318464,0.5758964879852125
0.7208884324046733,0.6959593455627169,0.5758964879852125
0.7207600462190268,0.695921656129912,0.5758964879852125
0.7206316600333804,0.6959702417854928,0.5758964879852125
0.7205032738477339,0.6960188515440903,0.5758964879852125
0.7203748876620876,0.6960674854236447,0.5758964879852125
0.7202465014764411,0.6961161434421144,0.5758964879852125
0.7202465014764411,0.6962025316455697,0.5758964879852125
0.7202465014764411,0.6962889412932853,0.5758964879852125
0.7202465014764411,0.6963753723932473,0.5758964879852125
0.7201181152907947,0.6963376784605835,0.5758964879852125
0.7199897291051482,0.6962999751676185,0.5758964879852125
0.7199897291051482,0.696386439836086,0.5758964879852125
0.7199897291051482,0.6964729259811226,0.5758964879852125
0.7199897291051482,0.6965594336107316,0.5758964879852125
0.7199897291051482,0.6966459627329192,0.5758964879852125
0.7199897291051482,0.6967325133556964,0.5758964879852125
0.7197329567338554,0.6966571393065739,0.5758964879852125
0.719604570548209,0.6966194382301765,0.5758964879852125
0.719604570548209,0.6967926404773744,0.5758964879852125
0.719604570548209,0.6969659288734146,0.5758964879852125
0.719604570548209,0.6970526053973386,0.5758964879852125
0.7194761843625626,0.6970149253731344,0.5758964879852125
0.7193477981769162,0.6969772359746237,0.5758964879852125
0.7193477981769162,0.6970639462552873,0.5758964879852125
0.7193477981769162,0.697237431557989,0.5758964879852125
0.7192194119912697,0.6972865322379885,0.5758964879852125
0.7190910258056233,0.6972488484999377,0.5758964879852125
0.7190910258056233,0.697335657370518,0.5758964879852125
0.7190910258056233,0.6974224878595443,0.5758964879852125
0.7190910258056233,0.6975093399750933,0.5758964879852125
0.7189626396199769,0.6974716652136007,0.5758964879852125
0.7188342534343305,0.6974339810662681,0.5758964879852125
0.718705867248684,0.6973962875295876,0.5758964879852125
0.7185774810630376,0.6973585846000498,0.5758964879852125
0.7185774810630376,0.6975324027916251,0.5758964879852125
0.7184490948773912,0.6975816504612317,0.5758964879852125
0.7184490948773912,0.6976686198728338,0.5758964879852125
0.7183207086917448,0.6977179199401422,0.5758964879852125
0.7183207086917448,0.6978919795434702,0.5758964879852125
0.7181923225060983,0.6979413599500935,0.5758964879852125
0.718063936320452,0.6980778831752371,0.5758964879852125
0.7175503915778663,0.698101423932051,0.5758964879852125
0.7172936192065734,0.6981132075471698,0.5758964879852125
0.7170368468352806,0.6982995748937234,0.5758964879852125
0.7170368468352806,0.6983868950856571,0.5758964879852125
0.7170368468352806,0.6984742371185593,0.5758964879852125
0.7170368468352806,0.6985616010006254,0.5758964879852125
0.7169084606496341,0.6986112848742649,0.5758964879852125
0.7169084606496341,0.6986986986986987,0.5758964879852125
0.7167800744639877,0.6986609936178201,0.5758964879852125
0.7165233020926949,0.6987604857894077,0.5758964879852125
0.7165233020926949,0.6988479839719509,0.5758964879852125
0.7162665297214019,0.6987725450901804,0.5758964879852125
0.7162665297214019,0.6988600776650382,0.5758964879852125
0.7161381435357556,0.6988223502881483,0.5758964879852125
0.7160097573501091,0.698959769394661,0.5758964879852125
0.7157529849788162,0.6988842923404789,0.5758964879852125
0.7157529849788162,0.6989719157472417,0.5758964879852125
0.7157529849788162,0.6990595611285266,0.5758964879852125
0.7157529849788162,0.6991472284926009,0.5758964879852125
0.7157529849788162,0.6993226292022078,0.5758964879852125
0.7156245987931699,0.6994604090852051,0.5758964879852125
0.715367826421877,0.6993849629722606,0.5758964879852125
0.715367826421877,0.6994727592267135,0.5758964879852125
0.7152394402362305,0.6994350282485876,0.5758964879852125
0.7151110540505842,0.6993972877950778,0.5758964879852125
0.7151110540505842,0.6994851186738666,0.5758964879852125
0.7149826678649377,0.6994473750313992,0.5758964879852125
0.7149826678649377,0.6996231155778895,0.5758964879852125
0.7148542816792913,0.6995853750471165,0.5758964879852125
0.714469123122352,0.69947209653092,0.5758964879852125
0.7143407369367056,0.6994343180389692,0.5758964879852125
0.7143407369367056,0.6996981891348089,0.5758964879852125
0.7142123507510592,0.699748427672956,0.5758964879852125
0.7142123507510592,0.6998364574160272,0.5758964879852125
0.7142123507510592,0.7001887979861549,0.5758964879852125
0.7140839645654128,0.7001510574018127,0.5758964879852125
0.7140839645654128,0.7004155647903286,0.5758964879852125
0.7140839645654128,0.7005037783375315,0.5758964879852125
0.7139555783797663,0.700554295792391,0.5758964879852125
0.7138271921941199,0.7005165679727857,0.5758964879852125
0.7136988060084735,0.7004788306451613,0.5758964879852125
0.7130568750802414,0.7003783102143758,0.5758964879852125
0.7130568750802414,0.7004666414428049,0.5758964879852125
0.7130568750802414,0.7005549949545913,0.5758964879852125
0.7129284888945949,0.7006940063091482,0.5758964879852125
0.7128001027089486,0.7009216008079788,0.5758964879852125
0.7126717165233021,0.7008838383838384,0.5758964879852125
0.7126717165233021,0.7009723449930547,0.5758964879852125
0.7126717165233021,0.7010608739580703,0.5758964879852125
0.7126717165233021,0.7011494252873564,0.5758964879852125
0.7126717165233021,0.7012379989893885,0.5758964879852125
0.7125433303376557,0.7012002526847757,0.5758964879852125
0.7125433303376557,0.7012888551933283,0.5758964879852125
0.7125433303376557,0.7013774800960445,0.5758964879852125
0.7125433303376557,0.701554797117937,0.5758964879852125
0.7125433303376557,0.7016434892541087,0.5758964879852125
0.7124149441520092,0.7016057655835125,0.5758964879852125
0.7124149441520092,0.7018719959524412,0.5758964879852125
0.7121581717807164,0.7018853599898772,0.5758964879852125
0.7121581717807164,0.7019741837509491,0.5758964879852125
0.7121581717807164,0.702063029996203,0.5758964879852125
0.7121581717807164,0.7023297037224614,0.5758964879852125
0.7121581717807164,0.7025965801139962,0.5758964879852125
0.71202978559507,0.7025589054978465,0.5758964879852125
0.71202978559507,0.7026479158748258,0.5758964879852125
0.7119013994094235,0.7026102382159148,0.5758964879852125
0.7117730132237772,0.7025725510074768,0.5758964879852125
0.7116446270381307,0.7025348542458809,0.5758964879852125
0.7116446270381307,0.7026239067055393,0.5758964879852125
0.7116446270381307,0.7027129817444219,0.5758964879852125
0.7116446270381307,0.702802079371117,0.5758964879852125
0.7116446270381307,0.7028911995942176,0.5758964879852125
0.7116446270381307,0.7029803424223209,0.5758964879852125
0.7115162408524843,0.7029426686960933,0.5758964879852125
0.7113878546668378,0.7029941639177874,0.5758964879852125
0.7113878546668378,0.7030833650551961,0.5758964879852125
0.7113878546668378,0.7031725888324873,0.5758964879852125
0.7112594684811914,0.7032241685707032,0.5758964879852125
0.7112594684811914,0.7033134442046465,0.5758964879852125
0.711131082295545,0.7032757745048248,0.5758964879852125
0.7110026961098985,0.7033274066548133,0.5758964879852125
0.7108743099242522,0.7032897243744443,0.5758964879852125
0.7107459237386057,0.7033413797484437,0.5758964879852125
0.7106175375529593,0.7033930613800992,0.5758964879852125
0.7106175375529593,0.7034824605998983,0.5758964879852125
0.7106175375529593,0.7035718825473497,0.5758964879852125
0.7106175375529593,0.7036613272311213,0.5758964879852125
0.7104891513673128,0.7036236490781945,0.5758964879852125
0.7104891513673128,0.7038026198651914,0.5758964879852125
0.7103607651816665,0.704123186561466,0.5758964879852125
0.71023237899602,0.7040855288277968,0.5758964879852125
0.71023237899602,0.7041751527494908,0.5758964879852125
0.71023237899602,0.7043544690603514,0.5758964879852125
0.71023237899602,0.7044441614669553,0.5758964879852125
0.71023237899602,0.7045338767193072,0.5758964879852125
0.7101039928103736,0.7044962425168768,0.5758964879852125
0.7099756066247271,0.7044585987261146,0.5758964879852125
0.7099756066247271,0.7045483501082941,0.5758964879852125
0.7099756066247271,0.704638124362895,0.5758964879852125
0.7098472204390808,0.7046004842615012,0.5758964879852125
0.7098472204390808,0.7046902880448637,0.5758964879852125
0.7098472204390808,0.7047801147227534,0.5758964879852125
0.7098472204390808,0.7048699643039266,0.5758964879852125
0.7098472204390808,0.7049598367971439,0.5758964879852125
0.7095904480677879,0.7049744897959184,0.5758964879852125
0.7095904480677879,0.705064421482332,0.5758964879852125
0.7094620618821414,0.7052067381316999,0.5758964879852125
0.7094620618821414,0.7052967453733249,0.5758964879852125
0.7094620618821414,0.7053867755935666,0.5758964879852125
0.7094620618821414,0.7054768288012255,0.5758964879852125
0.7094620618821414,0.7055669050051072,0.5758964879852125
0.7093336756964951,0.7056194125159643,0.5758964879852125
0.7093336756964951,0.7057095414484609,0.5758964879852125
0.7092052895108486,0.705852287247636,0.5758964879852125
0.7092052895108486,0.7059424920127796,0.5758964879852125
0.7090769033252022,0.7059049079754601,0.5758964879852125
0.7089485171395558,0.7058673143295411,0.5758964879852125
0.7089485171395558,0.7059575556123754,0.5758964879852125
0.7088201309539094,0.705919959084516,0.5758964879852125
0.7088201309539094,0.7060102301790281,0.5758964879852125
0.7088201309539094,0.7061908416474801,0.5758964879852125
0.7088201309539094,0.7062811820391455,0.5758964879852125
0.7084349723969701,0.7064396364101908,0.5758964879852125
0.7083065862113237,0.7064020486555698,0.5758964879852125
0.7083065862113237,0.7064925086438725,0.5758964879852125
0.7081782000256772,0.7065454079672089,0.5758964879852125
0.7081782000256772,0.7066359210863439,0.5758964879852125
0.7079214276543844,0.7065607380830343,0.5758964879852125
0.7079214276543844,0.7066512879661668,0.5758964879852125
0.7079214276543844,0.7067418610612664,0.5758964879852125
0.707793041468738,0.7067042686835021,0.5758964879852125
0.707793041468738,0.7067948717948718,0.5758964879852125
0.707793041468738,0.7068854981407873,0.5758964879852125
0.7076646552830915,0.7068479097204411,0.5758964879852125
0.7075362690974452,0.7068103116583301,0.5758964879852125
0.7074078829117987,0.706772703950744,0.5758964879852125
0.7074078829117987,0.7068633739576652,0.5758964879852125
0.7074078829117987,0.7069540672312035,0.5758964879852125
0.7072794967261523,0.7069164634928782,0.5758964879852125
0.7072794967261523,0.7070071868583162,0.5758964879852125
0.7072794967261523,0.7070979335130279,0.5758964879852125
0.7072794967261523,0.7073703133025167,0.5758964879852125
0.7072794967261523,0.707461153204058,0.5758964879852125
0.7071511105405058,0.7074235807860262,0.5758964879852125
0.7071511105405058,0.707514450867052,0.5758964879852125
0.7070227243548595,0.707567775921881,0.5758964879852125
0.706894338169213,0.7075301978925727,0.5758964879852125
0.706894338169213,0.7078030595192184,0.5758964879852125
0.706894338169213,0.7078940601697095,0.5758964879852125
0.7067659519835666,0.7078564999357079,0.5758964879852125
0.7063807934266273,0.7077437612554669,0.5758964879852125
0.7062524072409808,0.7077972207925888,0.5758964879852125
0.7061240210553344,0.7077596190966413,0.5758964879852125
0.7058672486840416,0.7079577646149884,0.5758964879852125
0.7057388624983951,0.7079201545396008,0.5758964879852125
0.7057388624983951,0.7081025376787324,0.5758964879852125
0.7057388624983951,0.7081937644936872,0.5758964879852125
0.7056104763127488,0.708430007733952,0.5758964879852125
0.7056104763127488,0.7085213355678742,0.5758964879852125
0.7053537039414559,0.7086289178382562,0.5758964879852125
0.7052253177558094,0.7087741935483871,0.5758964879852125
0.7050969315701631,0.7087366111756356,0.5758964879852125
0.7049685453845166,0.7089735313105229,0.5758964879852125
0.7049685453845166,0.7090650826446281,0.5758964879852125
0.7045833868275774,0.7091355472283241,0.5758964879852125
0.7044550006419309,0.7090979581287155,0.5758964879852125
0.7044550006419309,0.7092812823164426,0.5758964879852125
0.7043266144562845,0.7092436974789916,0.5758964879852125
0.7043266144562845,0.7093354021205068,0.5758964879852125
0.7043266144562845,0.709427130479762,0.5758964879852125
0.704198228270638,0.7093895499224004,0.5758964879852125
0.7040698420849917,0.7094437257438551,0.5758964879852125
0.7038130697136988,0.7093685300207039,0.5758964879852125
0.7036846835280524,0.7093309175617963,0.5758964879852125
0.7036846835280524,0.7095145631067962,0.5758964879852125
0.703556297342406,0.7095688204065778,0.5758964879852125
0.703556297342406,0.7097526227172646,0.5758964879852125
0.703556297342406,0.7098445595854922,0.5758964879852125
0.703556297342406,0.7099365202746469,0.5758964879852125
0.703556297342406,0.710028504793988,0.5758964879852125
0.7031711387854667,0.7100077780658542,0.5758964879852125
0.7031711387854667,0.7100998314533904,0.5758964879852125
0.7031711387854667,0.710191908713693,0.5758964879852125
0.7030427525998203,0.7101543249902736,0.5758964879852125
0.7029143664141738,0.7103931490852472,0.5758964879852125
0.7027859802285275,0.7103555670905788,0.5758964879852125
0.7027859802285275,0.7104477611940299,0.5758964879852125
0.7025292078572346,0.7106493506493506,0.5758964879852125
0.7025292078572346,0.7109263349356892,0.5758964879852125
0.7024008216715881,0.7108887733887734,0.5758964879852125
0.7022724354859418,0.7109435924096699,0.5758964879852125
0.7021440493002953,0.7109060184583388,0.5758964879852125
0.7020156631146489,0.7108684347373895,0.5758964879852125
0.7020156631146489,0.710960863346769,0.5758964879852125
0.7017588907433561,0.7108856808427624,0.5758964879852125
0.7016305045577096,0.7108480749219563,0.5758964879852125
0.7016305045577096,0.7109405489787953,0.5758964879852125
0.7016305045577096,0.7110330470986209,0.5758964879852125
0.7015021183720632,0.7109954456733897,0.5758964879852125
0.7013737321864167,0.7109578344612181,0.5758964879852125
0.7012453460007703,0.7109202134582845,0.5758964879852125
0.700860187443831,0.7110850592679432,0.5758964879852125
0.700860187443831,0.7111776967170401,0.5758964879852125
0.700860187443831,0.7112703583061889,0.5758964879852125
0.700860187443831,0.7113630440448266,0.5758964879852125
0.700860187443831,0.7114557539423955,0.5758964879852125
0.7007318012581846,0.7114181438998958,0.5758964879852125
0.7007318012581846,0.7115108851518707,0.5758964879852125
0.7007318012581846,0.7116036505867014,0.5758964879852125
0.7006034150725382,0.7115660451167036,0.5758964879852125
0.7006034150725382,0.7116588419405321,0.5758964879852125
0.7006034150725382,0.7117516629711752,0.5758964879852125
0.7004750288868917,0.7117140620923559,0.5758964879852125
0.699961484144306,0.7116564417177914,0.5758964879852125
0.6998330979586597,0.7116187989556135,0.5758964879852125
0.6997047117730132,0.711581146363755,0.5758964879852125
0.6997047117730132,0.711674066335858,0.5758964879852125
0.6997047117730132,0.7117670105785555,0.5758964879852125
0.6997047117730132,0.7118599791013585,0.5758964879852125
0.6995763255873668,0.7119153383851581,0.5758964879852125
0.6995763255873668,0.7120083627335685,0.5758964879852125
0.6995763255873668,0.7121014113957136,0.5758964879852125
0.6994479394017203,0.7120637825120899,0.5758964879852125
0.6994479394017203,0.712156862745098,0.5758964879852125
0.699319553216074,0.7122123430962343,0.5758964879852125
0.6991911670304275,0.7121747090362234,0.5758964879852125
0.6991911670304275,0.7122678524718807,0.5758964879852125
0.6991911670304275,0.7123610202746894,0.5758964879852125
0.6990627808447811,0.7124165903441058,0.5758964879852125
0.6989343946591347,0.7123789583878566,0.5758964879852125
0.6988060084734883,0.7123413165815993,0.5758964879852125
0.6986776222878418,0.7123969105903915,0.5758964879852125
0.6986776222878418,0.7124901806755696,0.5758964879852125
0.6985492361021954,0.7124525337174283,0.5758964879852125
0.698420849916549,0.7124148768988999,0.5758964879852125
0.698420849916549,0.7125081859855926,0.5758964879852125
0.6982924637309026,0.7124705265915641,0.5758964879852125
0.6981640775452561,0.7124328573300144,0.5758964879852125
0.6981640775452561,0.7125262054507338,0.5758964879852125
0.6980356913596097,0.7124885336128948,0.5758964879852125
0.6980356913596097,0.7125819134993447,0.5758964879852125
0.6976505328026704,0.7124688606267209,0.5758964879852125
0.6976505328026704,0.7125622869131917,0.5758964879852125
0.6976505328026704,0.7126557377049181,0.5758964879852125
0.697522146617024,0.7126180482686254,0.5758964879852125
0.6973937604313776,0.7126738388874311,0.5758964879852125
0.6973937604313776,0.7127673533657001,0.5758964879852125
0.6971369880600847,0.712785508007351,0.5758964879852125
0.6970086018744384,0.7127478009715111,0.5758964879852125
0.6968802156887919,0.7127100840336135,0.5758964879852125
0.6967518295031455,0.7126723571897571,0.5758964879852125
0.6967518295031455,0.7128595822934454,0.5758964879852125
0.6967518295031455,0.7129532317393589,0.5758964879852125
0.6967518295031455,0.7130469057942451,0.5758964879852125
0.6967518295031455,0.7131406044678055,0.5758964879852125
0.696623443317499,0.7131029044552504,0.5758964879852125
0.6964950571318526,0.7130651945320715,0.5758964879852125
0.6964950571318526,0.7131589325621138,0.5758964879852125
0.6964950571318526,0.7133464825772519,0.5758964879852125
0.6962382847605597,0.7134587554269175,0.5758964879852125
0.6961098985749133,0.7135149361758126,0.5758964879852125
0.6958531262036205,0.713721358967606,0.5758964879852125
0.695724740017974,0.7136836559989465,0.5758964879852125
0.695724740017974,0.7137776606954689,0.5758964879852125
0.6955963538323277,0.7137399552101172,0.5758964879852125
0.6955963538323277,0.7138339920948616,0.5758964879852125
0.6955963538323277,0.713928053762024,0.5758964879852125
0.6955963538323277,0.7140221402214022,0.5758964879852125
0.6953395814610348,0.7141350210970464,0.5758964879852125
0.6952111952753883,0.714097322959251,0.5758964879852125
0.695082809089742,0.714059614877341,0.5758964879852125
0.6949544229040955,0.7140218968473816,0.5758964879852125
0.6949544229040955,0.7142103179839029,0.5758964879852125
0.6949544229040955,0.7143045658485089,0.5758964879852125
0.6948260367184491,0.7142668602349215,0.5758964879852125
0.6946976505328026,0.7142291446673706,0.5758964879852125
0.6946976505328026,0.7143234323432344,0.5758964879852125
0.6946976505328026,0.7144177449168208,0.5758964879852125
0.6946976505328026,0.7145120823979929,0.5758964879852125
0.6946976505328026,0.7146064447966192,0.5758964879852125
0.6946976505328026,0.7147952443857332,0.5758964879852125
0.6945692643471563,0.7147575637468622,0.5758964879852125
0.6945692643471563,0.7148520084566596,0.5758964879852125
0.6945692643471563,0.7150409727729315,0.5758964879852125
0.6944408781615098,0.7150033046926636,0.5758964879852125
0.6943124919758634,0.7149656266525648,0.5758964879852125
0.6941841057902169,0.7149279386486844,0.5758964879852125
0.6941841057902169,0.7150224808251785,0.5758964879852125
0.6941841057902169,0.7151170480095226,0.5758964879852125
0.6940557196045706,0.7150793650793651,0.5758964879852125
0.6940557196045706,0.71517396481016,0.5758964879852125
0.6939273334189241,0.715136279439005,0.5758964879852125
0.6937989472332777,0.7150985840942172,0.5758964879852125
0.6936705610476313,0.715060878771837,0.5758964879852125
0.6935421748619849,0.7150231634679021,0.5758964879852125
0.6934137886763384,0.7149854381784485,0.5758964879852125
0.6934137886763384,0.7151747881355932,0.5758964879852125
0.6931570163050456,0.7150993377483443,0.5758964879852125
0.6931570163050456,0.715194065439131,0.5758964879852125
0.6931570163050456,0.7152888182299947,0.5758964879852125
0.6930286301193992,0.7152510931495959,0.5758964879852125
0.6929002439337527,0.7152133580705009,0.5758964879852125
0.6929002439337527,0.7153081510934394,0.5758964879852125
0.6927718577481063,0.7152704135737009,0.5758964879852125
0.6927718577481063,0.7153652392947103,0.5758964879852125
0.6926434715624599,0.7153274993370459,0.5758964879852125
0.6926434715624599,0.7154223577774831,0.5758964879852125
0.6925150853768135,0.7154795065658576,0.5758964879852125
0.692386699191167,0.7155366856839591,0.5758964879852125
0.692386699191167,0.715631634819533,0.5758964879852125
0.6922583130055207,0.715593895155939,0.5758964879852125
0.6921299268198742,0.7155561454738518,0.5758964879852125
0.6921299268198742,0.7156511350059738,0.5758964879852125
0.6921299268198742,0.7157461497610197,0.5758964879852125
0.6921299268198742,0.7158411897490373,0.5758964879852125
0.6920015406342278,0.7158034528552457,0.5758964879852125
0.691744768262935,0.7157279489904357,0.5758964879852125
0.691744768262935,0.7159181504119054,0.5758964879852125
0.691744768262935,0.7160132890365448,0.5758964879852125
0.691744768262935,0.7161084529505582,0.5758964879852125
0.6916163820772885,0.7163563829787234,0.5758964879852125
0.6913596097059956,0.7164715274081959,0.5758964879852125
0.6913596097059956,0.716566866267465,0.5758964879852125
0.6913596097059956,0.716662230503061,0.5758964879852125
0.6912312235203492,0.7167199148029819,0.5758964879852125
0.6912312235203492,0.7168153375049927,0.5758964879852125
0.6912312235203492,0.7170062591556798,0.5758964879852125
0.6911028373347028,0.717255163224517,0.5758964879852125
0.6909744511490563,0.7172174840085288,0.5758964879852125
0.6909744511490563,0.717313074770092,0.5758964879852125
0.6909744511490563,0.7174086910157291,0.5758964879852125
0.69084606496341,0.717371017197707,0.5758964879852125
0.6905892925921171,0.7174869947979192,0.5758964879852125
0.6905892925921171,0.7175827107790822,0.5758964879852125
0.6905892925921171,0.7176784523015344,0.5758964879852125
0.6904609064064706,0.7176407792900987,0.5758964879852125
0.6903325202208243,0.7176988788040577,0.5758964879852125
0.6902041340351778,0.7176611934321185,0.5758964879852125
0.6899473616638849,0.7176816239316239,0.5758964879852125
0.6898189754782386,0.7176439161212769,0.5758964879852125
0.6895622031069457,0.7176643506146446,0.5758964879852125
0.6894338169212992,0.7177225340817963,0.5758964879852125
0.6894338169212992,0.7178184734661142,0.5758964879852125
0.6891770445500064,0.717838994383525,0.5758964879852125
0.68904865836436,0.717801257188712,0.5758964879852125
0.6889202721787135,0.7177635098983414,0.5758964879852125
0.6889202721787135,0.7178595317725752,0.5758964879852125
0.6889202721787135,0.7180516526160846,0.5758964879852125
0.6887918859930672,0.7182061579651942,0.5758964879852125
0.6887918859930672,0.7183985002678093,0.5758964879852125
0.6886634998074207,0.7183607874648453,0.5758964879852125
0.6885351136217743,0.7183230645593357,0.5758964879852125
0.6885351136217743,0.7184192900200937,0.5758964879852125
0.6885351136217743,0.7185155412647374,0.5758964879852125
0.6884067274361279,0.7184778239313949,0.5758964879852125
0.6882783412504815,0.718440096488877,0.5758964879852125
0.688149955064835,0.7184986595174263,0.5758964879852125
0.688149955064835,0.7185949859230459,0.5758964879852125
0.688149955064835,0.7186913381603647,0.5758964879852125
0.688149955064835,0.7187877162397747,0.5758964879852125
0.688149955064835,0.7188841201716738,0.5758964879852125
0.688149955064835,0.7189805499664654,0.5758964879852125
0.688149955064835,0.7190770056345587,0.5758964879852125
0.688149955064835,0.7191734871863679,0.5758964879852125
0.6880215688791886,0.7191358024691358,0.5758964879852125
0.6880215688791886,0.71923231780969,0.5758964879852125
0.6878931826935422,0.7191946308724833,0.5758964879852125
0.6878931826935422,0.7192911800241644,0.5758964879852125
0.6878931826935422,0.7193877551020408,0.5758964879852125
0.6878931826935422,0.719484356116557,0.5758964879852125
0.6878931826935422,0.7195809830781628,0.5758964879852125
0.6877647965078958,0.719543317662861,0.5758964879852125
0.6876364103222493,0.7195056421278883,0.5758964879852125
0.6876364103222493,0.7196990056436442,0.5758964879852125
0.6876364103222493,0.7197957263808628,0.5758964879852125
0.6876364103222493,0.7200860446356547,0.5758964879852125
0.687508024136603,0.7200484066155708,0.5758964879852125
0.687508024136603,0.7201452393760086,0.5758964879852125
0.6873796379509565,0.720107599193006,0.5758964879852125
0.6872512517653101,0.7200699488835082,0.5758964879852125
0.6871228655796636,0.7200322884434279,0.5758964879852125
0.6869944793940173,0.7200915085452833,0.5758964879852125
0.6868660932083708,0.7200538358008075,0.5758964879852125
0.6867377070227244,0.7200161529142549,0.5758964879852125
0.6867377070227244,0.720113085621971,0.5758964879852125
0.6866093208370779,0.7201723673579316,0.5758964879852125
0.6864809346514315,0.7201346801346802,0.5758964879852125
0.6863525484657851,0.7200969827586207,0.5758964879852125
0.6863525484657851,0.7201939916475818,0.5758964879852125
0.6862241622801386,0.720156292104554,0.5758964879852125
0.6860957760944922,0.7201185824012937,0.5758964879852125
0.6860957760944922,0.7202156334231806,0.5758964879852125
0.6860957760944922,0.7203127106078986,0.5758964879852125
0.6860957760944922,0.7204098139660285,0.5758964879852125
0.6860957760944922,0.7206040992448759,0.5758964879852125
0.6860957760944922,0.7207012811867836,0.5758964879852125
0.6860957760944922,0.7207984893444834,0.5758964879852125
0.6859673899088458,0.7207608255766896,0.5758964879852125
0.6858390037231994,0.7207231516459794,0.5758964879852125
0.6857106175375529,0.7208800107976785,0.5758964879852125
0.6855822313519065,0.7211343686698177,0.5758964879852125
0.6854538451662601,0.7210967044840627,0.5758964879852125
0.6853254589806137,0.7210590301229232,0.5758964879852125
0.6851970727949672,0.721021345582275,0.5758964879852125
0.6851970727949672,0.72111876773409,0.5758964879852125
0.6850686866093209,0.7212760205460935,0.5758964879852125
0.6850686866093209,0.7213735298093822,0.5758964879852125
0.6849403004236744,0.7214334009465855,0.5758964879852125
0.6849403004236744,0.7215309710576143,0.5758964879852125
0.6846835280523815,0.7214556277056277,0.5758964879852125
0.6846835280523815,0.7216508795669824,0.5758964879852125
0.6845551418667352,0.721710882512182,0.5758964879852125
0.6844267556810887,0.7219664138678223,0.5758964879852125
0.6842983694954423,0.7221243733911394,0.5758964879852125
0.6841699833097958,0.7220867208672087,0.5758964879852125
0.6841699833097958,0.722184577856078,0.5758964879852125
0.6840415971241495,0.7221469232854432,0.5758964879852125
0.6840415971241495,0.7222448149654331,0.5758964879852125
0.6840415971241495,0.7223427331887202,0.5758964879852125
0.6840415971241495,0.7224406779661017,0.5758964879852125
0.683913210938503,0.7224030377000271,0.5758964879852125
0.6837848247528566,0.7223653872236538,0.5758964879852125
0.6836564385672101,0.7224257224257224,0.5758964879852125
0.6836564385672101,0.7225237449118046,0.5758964879852125
0.6835280523815638,0.7224860903786131,0.5758964879852125
0.6833996661959173,0.7224484256243214,0.5758964879852125
0.6832712800102709,0.7224107506447672,0.5758964879852125
0.6831428938246245,0.722373065435786,0.5758964879852125
0.6828861214533316,0.7224938875305623,0.5758964879852125
0.6828861214533316,0.7226902173913043,0.5758964879852125
0.6827577352676852,0.7227507474857299,0.5758964879852125
0.6827577352676852,0.7228489873589778,0.5758964879852125
0.6827577352676852,0.7229472539423599,0.5758964879852125
0.6827577352676852,0.723045547246771,0.5758964879852125
0.6826293490820388,0.7231062151502788,0.5758964879852125
0.6826293490820388,0.7232045701849836,0.5758964879852125
0.6825009628963924,0.7231669160658414,0.5758964879852125
0.6825009628963924,0.723265306122449,0.5758964879852125
0.6823725767107459,0.7232276500204109,0.5758964879852125
0.6822441905250995,0.7231899836690255,0.5758964879852125
0.6822441905250995,0.7232884170409691,0.5758964879852125
0.6821158043394531,0.7233492171545269,0.5758964879852125
0.6818590319681602,0.7233723780986108,0.5758964879852125
0.6818590319681602,0.7234709167688326,0.5758964879852125
0.6818590319681602,0.7235694822888283,0.5758964879852125
0.6817306457825139,0.7238276990185387,0.5758964879852125
0.6816022595968674,0.7237900477164281,0.5758964879852125
0.6816022595968674,0.7238887373875103,0.5758964879852125
0.6816022595968674,0.7239874539751807,0.5758964879852125
0.6814738734112209,0.723949809056192,0.5758964879852125
0.681217101039928,0.7241708748464583,0.5758964879852125
0.681217101039928,0.7242697242697242,0.5758964879852125
0.6810887148542817,0.7243309666848716,0.5758964879852125
0.6809603286686352,0.7242933224088488,0.5758964879852125
0.6807035562973424,0.7244159038119962,0.5758964879852125
0.6807035562973424,0.7245148947799945,0.5758964879852125
0.6807035562973424,0.7250102557090113,0.5758964879852125
0.6807035562973424,0.725109409190372,0.5758964879852125
0.6804467839260495,0.7252326217843459,0.5758964879852125
0.6804467839260495,0.7254311524774159,0.5758964879852125
0.6803183977404031,0.7254928806133626,0.5758964879852125
0.6803183977404031,0.7256915913448371,0.5758964879852125
0.6801900115547567,0.7257534246575342,0.5758964879852125
0.6801900115547567,0.7258528565556925,0.5758964879852125
0.6801900115547567,0.7259523157029323,0.5758964879852125
0.6800616253691103,0.7260142543859649,0.5758964879852125
0.6800616253691103,0.7261137765592872,0.5758964879852125
0.6800616253691103,0.7262133260213874,0.5758964879852125
0.6800616253691103,0.726312902783491,0.5758964879852125
0.6800616253691103,0.7265121382526403,0.5758964879852125
0.6798048529978175,0.7264370969954727,0.5758964879852125
0.6798048529978175,0.726536772777168,0.5758964879852125
0.6798048529978175,0.7266364759160148,0.5758964879852125
0.679676466812171,0.7269980774512497,0.5758964879852125
0.6795480806265246,0.726960582337591,0.5758964879852125
0.6794196944408781,0.7271228359439407,0.5758964879852125
0.6792913082552318,0.7270853373642985,0.5758964879852125
0.6792913082552318,0.7271852666300165,0.5758964879852125
0.6792913082552318,0.7272852233676976,0.5758964879852125
0.6792913082552318,0.727385207588672,0.5758964879852125
0.6792913082552318,0.7274852193042761,0.5758964879852125
0.6791629220695853,0.7274477447744775,0.5758964879852125
0.6791629220695853,0.7275477926007426,0.5758964879852125
0.6790345358839389,0.7276104003301692,0.5758964879852125
0.6789061496982924,0.7276730425209853,0.5758964879852125
0.6787777635126461,0.7276355628956785,0.5758964879852125
0.6787777635126461,0.7277357192016518,0.5758964879852125
0.6787777635126461,0.7278359030837004,0.5758964879852125
0.6786493773269996,0.7277984304006608,0.5758964879852125
0.6786493773269996,0.7278986505095015,0.5758964879852125
0.6785209911413532,0.7278611761465363,0.5758964879852125
0.6785209911413532,0.727961432506887,0.5758964879852125
0.6785209911413532,0.7280617164898746,0.5758964879852125
0.6783926049557067,0.7280242491044365,0.5758964879852125
0.6782642187700604,0.7279867713931376,0.5758964879852125
0.6782642187700604,0.7280871003307607,0.5758964879852125
0.6782642187700604,0.728287841191067,0.5758964879852125
0.6782642187700604,0.7283882531366331,0.5758964879852125
0.6782642187700604,0.7284886927744071,0.5758964879852125
0.6782642187700604,0.7285891601158461,0.5758964879852125
0.6782642187700604,0.7286896551724138,0.5758964879852125
0.6781358325844139,0.7287527593818984,0.5758964879852125
0.6781358325844139,0.7290545203588682,0.5758964879852125
0.6781358325844139,0.7291551628934291,0.5758964879852125
0.6780074463987675,0.7293191548128711,0.5758964879852125
0.677879060213121,0.7292817679558011,0.5758964879852125
0.677879060213121,0.7293825113966017,0.5758964879852125
0.6777506740274747,0.7293451229621443,0.5758964879852125
0.6773655154705354,0.7294345361537398,0.5758964879852125
0.6773655154705354,0.7295353982300885,0.5758964879852125
0.677237129284889,0.7295988934993084,0.5758964879852125
0.6771087430992425,0.7295614884493015,0.5758964879852125
0.6771087430992425,0.7296624239070282,0.5758964879852125
0.6771087430992425,0.7297633872976339,0.5758964879852125
0.6769803569135961,0.7297259894824246,0.5758964879852125
0.6769803569135961,0.7298269896193772,0.5758964879852125
0.6769803569135961,0.7299280177187154,0.5758964879852125
0.6769803569135961,0.7301301578510108,0.5758964879852125
0.6768519707279497,0.7300927849328348,0.5758964879852125
0.6767235845423033,0.7300554016620499,0.5758964879852125
0.6767235845423033,0.7301565313755368,0.5758964879852125
0.6765951983566568,0.7301191465779995,0.5758964879852125
0.6765951983566568,0.7302203131495081,0.5758964879852125
0.6764668121710103,0.7302841302841303,0.5758964879852125
0.6764668121710103,0.7303853617965068,0.5758964879852125
0.6764668121710103,0.7304866213780674,0.5758964879852125
0.676338425985364,0.7304492512479202,0.5758964879852125
0.676338425985364,0.7305505477742338,0.5758964879852125
0.6762100397997175,0.7306145096407268,0.5758964879852125
0.6760816536140711,0.7305771365149833,0.5758964879852125
0.6759532674284247,0.7305397530178993,0.5758964879852125
0.6759532674284247,0.7306411323896753,0.5758964879852125
0.6759532674284247,0.7307425399028452,0.5758964879852125
0.6758248812427783,0.7308066083576288,0.5758964879852125
0.6756964950571318,0.7307692307692307,0.5758964879852125
0.6756964950571318,0.7309722222222222,0.5758964879852125
0.6756964950571318,0.7310737602444785,0.5758964879852125
0.6756964950571318,0.7311753264795776,0.5758964879852125
0.675439722685839,0.731100611450806,0.5758964879852125
0.6753113365001926,0.7310632383599722,0.5758964879852125
0.6751829503145461,0.7310258548790659,0.5758964879852125
0.6750545641288997,0.7309884610037537,0.5758964879852125
0.6749261779432533,0.7310527047698512,0.5758964879852125
0.6747977917576069,0.7310152990264256,0.5758964879852125
0.6747977917576069,0.7311169842815413,0.5758964879852125
0.6747977917576069,0.7312186978297162,0.5758964879852125
0.6745410193863141,0.7311438908989703,0.5758964879852125
0.6744126332006676,0.731106471816284,0.5758964879852125
0.6742842470150212,0.7310690423162584,0.5758964879852125
0.6742842470150212,0.7311708199916469,0.5758964879852125
0.6741558608293747,0.7311333890281259,0.5758964879852125
0.6741558608293747,0.7312352040105835,0.5758964879852125
0.6741558608293747,0.7313370473537605,0.5758964879852125
0.6741558608293747,0.7314389190695083,0.5758964879852125
0.6741558608293747,0.7315408191696852,0.5758964879852125
0.6741558608293747,0.7316427476661558,0.5758964879852125
0.6740274746437284,0.7317073170731707,0.5758964879852125
0.6740274746437284,0.731809311402286,0.5758964879852125
0.6740274746437284,0.7319113341698035,0.5758964879852125
0.6738990884580819,0.7318739542665923,0.5758964879852125
0.6737707022724355,0.7319386331938633,0.5758964879852125
0.6737707022724355,0.7320407309248151,0.5758964879852125
0.6737707022724355,0.7321428571428571,0.5758964879852125
0.673642316086789,0.7323098394975576,0.5758964879852125
0.673642316086789,0.7324120603015075,0.5758964879852125
0.673642316086789,0.732514309646796,0.5758964879852125
0.6735139299011427,0.7324769617425301,0.5758964879852125
0.6733855437154962,0.7325418994413407,0.5758964879852125
0.6733855437154962,0.7326442240536388,0.5758964879852125
0.6733855437154962,0.7327465772562168,0.5758964879852125
0.6733855437154962,0.7328489590610591,0.5758964879852125
0.6733855437154962,0.7330538085255066,0.5758964879852125
0.6732571575298498,0.7331189710610932,0.5758964879852125
0.6732571575298498,0.7332214765100671,0.5758964879852125
0.6731287713442033,0.7331841700461474,0.5758964879852125
0.673000385158557,0.7333519865696698,0.5758964879852125
0.673000385158557,0.7334545963341262,0.5758964879852125
0.6727436127872641,0.7333799860041987,0.5758964879852125
0.6726152266016177,0.7333426651735723,0.5758964879852125
0.6726152266016177,0.7334453310933782,0.5758964879852125
0.6726152266016177,0.7336507491947907,0.5758964879852125
0.6724868404159713,0.733921815889029,0.5758964879852125
0.6724868404159713,0.73402466367713,0.5758964879852125
0.6724868404159713,0.7341275402943238,0.5758964879852125
0.6723584542303248,0.7341931865975045,0.5758964879852125
0.6723584542303248,0.7343991025101668,0.5758964879852125
0.6723584542303248,0.7345021037868162,0.5758964879852125
0.672101681859032,0.7344276094276094,0.5758964879852125
0.6719732956733856,0.7343903465693841,0.5758964879852125
0.6719732956733856,0.7344934044344653,0.5758964879852125
0.6718449094877391,0.7344561403508771,0.5758964879852125
0.6718449094877391,0.7345592363840538,0.5758964879852125
0.6715881371164463,0.7345878387866872,0.5758964879852125
0.6715881371164463,0.7348974431019949,0.5758964879852125
0.6715881371164463,0.7350007025432064,0.5758964879852125
0.6714597509307998,0.7349634626194491,0.5758964879852125
0.6714597509307998,0.7350667603654252,0.5758964879852125
0.6714597509307998,0.7351700871520944,0.5758964879852125
0.6714597509307998,0.7352734429917054,0.5758964879852125
0.6713313647451534,0.735236220472441,0.5758964879852125
0.6713313647451534,0.7353396146814793,0.5758964879852125
0.6713313647451534,0.7356499718626899,0.5758964879852125
0.6710745923738606,0.735575569940895,0.5758964879852125
0.6710745923738606,0.7356790992258972,0.5758964879852125
0.6710745923738606,0.7357826576576577,0.5758964879852125
0.6708178200025677,0.7357082511968459,0.5758964879852125
0.6708178200025677,0.7358118574848613,0.5758964879852125
0.6705610476312749,0.7357374278067333,0.5758964879852125
0.6704326614456284,0.7357001972386588,0.5758964879852125
0.670304275259982,0.7356629561786671,0.5758964879852125
0.6701758890743356,0.7358330983930081,0.5758964879852125
0.6699191167030427,0.735966149506347,0.5758964879852125
0.6699191167030427,0.7360699675553675,0.5758964879852125
0.6697907305173963,0.7360327313769752,0.5758964879852125
0.6697907305173963,0.7361365881190913,0.5758964879852125
0.6697907305173963,0.7362404741744285,0.5758964879852125
0.6696623443317499,0.7362032462949895,0.5758964879852125
0.6696623443317499,0.7363071710897798,0.5758964879852125
0.669405571960457,0.7362327026263767,0.5758964879852125
0.6692771857748107,0.7362994350282486,0.5758964879852125
0.6692771857748107,0.7364034468145219,0.5758964879852125
0.6691487995891642,0.7364702557580896,0.5758964879852125
0.6691487995891642,0.7365743357829282,0.5758964879852125
0.6690204134035178,0.7365371024734982,0.5758964879852125
0.6688920272178713,0.7364998586372632,0.5758964879852125
0.668763641032225,0.7364626042697582,0.5758964879852125
0.6686352548465785,0.7364253393665159,0.5758964879852125
0.6683784824752856,0.7363507779349363,0.5758964879852125
0.6683784824752856,0.7364549441222238,0.5758964879852125
0.6682500962896393,0.7364176570458404,0.5758964879852125
0.6681217101039928,0.7363803594170086,0.5758964879852125
0.6681217101039928,0.7364845740164166,0.5758964879852125
0.6679933239183464,0.7364472753007785,0.5758964879852125
0.6678649377327,0.7367228437898314,0.5758964879852125
0.6676081653614071,0.7366482504604052,0.5758964879852125
0.6674797791757607,0.73661093794276,0.5758964879852125
0.6673513929901143,0.7367824238128986,0.5758964879852125
0.6673513929901143,0.7368868726963425,0.5758964879852125
0.6673513929901143,0.7369913511980718,0.5758964879852125
0.6672230068044679,0.737058573252021,0.5758964879852125
0.6670946206188214,0.7370212765957447,0.5758964879852125
0.6670946206188214,0.7371258334515534,0.5758964879852125
0.666966234433175,0.737088535754824,0.5758964879852125
0.6668378482475286,0.7370512274726834,0.5758964879852125
0.6668378482475286,0.7371558330967926,0.5758964879852125
0.6667094620618822,0.7371185237757275,0.5758964879852125
0.6664526896905892,0.7371485373473445,0.5758964879852125
0.6663243035049429,0.7371112057946314,0.5758964879852125
0.6663243035049429,0.7372159090909091,0.5758964879852125
0.6663243035049429,0.7374254049445865,0.5758964879852125
0.6661959173192964,0.7373880915162712,0.5758964879852125
0.6661959173192964,0.7375977256574271,0.5758964879852125
0.66606753113365,0.7375604208131931,0.5758964879852125
0.66606753113365,0.7376652921939428,0.5758964879852125
0.66606753113365,0.7378751244488693,0.5758964879852125
0.66606753113365,0.7379800853485065,0.5758964879852125
0.6659391449480035,0.7379428083653435,0.5758964879852125
0.6658107587623572,0.7380105308097339,0.5758964879852125
0.6658107587623572,0.7382206405693951,0.5758964879852125
0.6658107587623572,0.7383257403189066,0.5758964879852125
0.6658107587623572,0.7384308699985761,0.5758964879852125
0.6658107587623572,0.7387464387464387,0.5758964879852125
0.6658107587623572,0.738851688274683,0.5758964879852125
0.6658107587623572,0.7389569677970932,0.5758964879852125
0.6658107587623572,0.7390622773264928,0.5758964879852125
0.6658107587623572,0.7391676168757126,0.5758964879852125
0.6658107587623572,0.7392729864575909,0.5758964879852125
0.6656823725767107,0.7392358140861135,0.5758964879852125
0.6655539863910643,0.739198631113646,0.5758964879852125
0.6654256002054179,0.7392668663528741,0.5758964879852125
0.6652972140197715,0.7393351405335996,0.5758964879852125
0.665168827834125,0.7392979452054794,0.5758964879852125
0.665168827834125,0.7394034536891679,0.5758964879852125
0.665168827834125,0.7395089922923209,0.5758964879852125
0.6650404416484786,0.739577384351799,0.5758964879852125
0.6649120554628322,0.7395401970584036,0.5758964879852125
0.6649120554628322,0.739645815481291,0.5758964879852125
0.6647836692771858,0.7396086273389516,0.5758964879852125
0.6647836692771858,0.7397142857142858,0.5758964879852125
0.6643985107202465,0.7396026868657997,0.5758964879852125
0.6642701245346001,0.7396711937097927,0.5758964879852125
0.6641417383489536,0.7396339719759795,0.5758964879852125
0.6641417383489536,0.7397397397397397,0.5758964879852125
0.6641417383489536,0.7398455377574371,0.5758964879852125
0.6640133521633073,0.739808324989272,0.5758964879852125
0.6638849659776608,0.7397711015736766,0.5758964879852125
0.6637565797920144,0.7397338675060809,0.5758964879852125
0.6637565797920144,0.7398397252432742,0.5758964879852125
0.6636281936063679,0.7399083882049814,0.5758964879852125
0.6636281936063679,0.7400143163922691,0.5758964879852125
0.6634998074207216,0.7399770904925544,0.5758964879852125
0.6634998074207216,0.7400830588572247,0.5758964879852125
0.6634998074207216,0.7402950866638017,0.5758964879852125
0.6634998074207216,0.7405072359936954,0.5758964879852125
0.6633714212350751,0.7404700487245629,0.5758964879852125
0.6632430350494287,0.7404328507954708,0.5758964879852125
0.6632430350494287,0.7405389908256881,0.5758964879852125
0.6631146488637822,0.7405017921146954,0.5758964879852125
0.6629862626781359,0.7404645827358761,0.5758964879852125
0.6629862626781359,0.7405707729815001,0.5758964879852125
0.6629862626781359,0.7406769936890418,0.5758964879852125
0.6628578764924894,0.7408523461041756,0.5758964879852125
0.6628578764924894,0.7409586681974741,0.5758964879852125
0.6628578764924894,0.7410650208124013,0.5758964879852125
0.662729490306843,0.741240666283745,0.5758964879852125
0.6626011041211965,0.7412035042366796,0.5758964879852125
0.6626011041211965,0.741309968399885,0.5758964879852125
0.6624727179355502,0.7415924116125323,0.5758964879852125
0.6624727179355502,0.7416990081931867,0.5758964879852125
0.6624727179355502,0.7419122933141624,0.5758964879852125
0.6624727179355502,0.7422324510932106,0.5758964879852125
0.6624727179355502,0.7423392317652137,0.5758964879852125
0.6623443317499037,0.7424089797093107,0.5758964879852125
0.6620875593786109,0.742548596112311,0.5758964879852125
0.6620875593786109,0.742655529953917,0.5758964879852125
0.6620875593786109,0.7427624945988766,0.5758964879852125
0.6619591731929645,0.7430465484940193,0.5758964879852125
0.6619591731929645,0.7431536465840299,0.5758964879852125
0.661830787007318,0.7432237600922722,0.5758964879852125
0.6615740146360252,0.7432568873503533,0.5758964879852125
0.6613172422647323,0.743182801904487,0.5758964879852125
0.6613172422647323,0.743397315629961,0.5758964879852125
0.6611888560790858,0.743467590587556,0.5758964879852125
0.6611888560790858,0.7435749350274329,0.5758964879852125
0.6610604698934395,0.7435379061371841,0.5758964879852125
0.6610604698934395,0.7436452917388793,0.5758964879852125
0.660932083707793,0.7438231469440832,0.5758964879852125
0.660932083707793,0.7439306358381503,0.5758964879852125
0.6608036975221466,0.7438936262465674,0.5758964879852125
0.6605469251508538,0.7439271255060729,0.5758964879852125
0.6605469251508538,0.7440347071583514,0.5758964879852125
0.6605469251508538,0.7441423199305757,0.5758964879852125
0.6604185389652073,0.7442129629629629,0.5758964879852125
0.6604185389652073,0.7443206482419331,0.5758964879852125
0.6602901527795609,0.7442836468885673,0.5758964879852125
0.6601617665939145,0.7442466348241424,0.5758964879852125
0.6601617665939145,0.7445699391833188,0.5758964879852125
0.6600333804082681,0.7445329471397538,0.5758964879852125
0.6600333804082681,0.7446407879490151,0.5758964879852125
0.6600333804082681,0.7447486600028973,0.5758964879852125
0.6600333804082681,0.7449644978988552,0.5758964879852125
0.6600333804082681,0.7453965492243004,0.5758964879852125
0.6600333804082681,0.7455046403712297,0.5758964879852125
0.6599049942226216,0.7457922228670922,0.5758964879852125
0.6599049942226216,0.745900449862139,0.5758964879852125
0.6593914494800359,0.7458611675864072,0.5758964879852125
0.6592630632943896,0.7458242556281772,0.5758964879852125
0.6591346771087431,0.7458956850210664,0.5758964879852125
0.6591346771087431,0.7460040685847138,0.5758964879852125
0.6588779047374502,0.7463641652123327,0.5758964879852125
0.6587495185518039,0.7463272727272727,0.5758964879852125
0.6586211323661574,0.7462903695082921,0.5758964879852125
0.658492746180511,0.7463620488940629,0.5758964879852125
0.658492746180511,0.7464706738466017,0.5758964879852125
0.6583643599948645,0.746433770014556,0.5758964879852125
0.6582359738092182,0.7463968554374727,0.5758964879852125
0.6581075876235717,0.7463599301106582,0.5758964879852125
0.6581075876235717,0.746468618028251,0.5758964879852125
0.6581075876235717,0.7465773376055928,0.5758964879852125
0.6581075876235717,0.7466860888565185,0.5758964879852125
0.6581075876235717,0.7467948717948718,0.5758964879852125
0.6579792014379253,0.7467579775608335,0.5758964879852125
0.6579792014379253,0.7469756595248506,0.5758964879852125
0.6578508152522788,0.7471566054243219,0.5758964879852125
0.6577224290666325,0.7471197316610763,0.5758964879852125
0.6574656566953396,0.7470459518599563,0.5758964879852125
0.6573372705096932,0.7470090458126641,0.5758964879852125
0.6573372705096932,0.7471180504888371,0.5758964879852125
0.6572088843240468,0.747081144191477,0.5758964879852125
0.6570804981384003,0.7470442271201284,0.5758964879852125
0.6570804981384003,0.7471532846715329,0.5758964879852125
0.6569521119527539,0.7471163673528982,0.5758964879852125
0.6569521119527539,0.747334599094494,0.5758964879852125
0.6568237257671075,0.7475160724722385,0.5758964879852125
0.656695339581461,0.7476977050138869,0.5758964879852125
0.656695339581461,0.7478070175438597,0.5758964879852125
0.656695339581461,0.7479163620412341,0.5758964879852125
0.656695339581461,0.7480257385200351,0.5758964879852125
0.656695339581461,0.7481351469942957,0.5758964879852125
0.656695339581461,0.7482445874780573,0.5758964879852125
0.656695339581461,0.7483540599853694,0.5758964879852125
0.656695339581461,0.7484635645302897,0.5758964879852125
0.656695339581461,0.7485731011268842,0.5758964879852125
0.6565669533958146,0.7485362997658079,0.5758964879852125
0.6564385672101681,0.7484994876299225,0.5758964879852125
0.6563101810245218,0.7484626647144949,0.5758964879852125
0.6561817948388753,0.7484258310147899,0.5758964879852125
0.6560534086532289,0.7484986084663835,0.5758964879852125
0.6560534086532289,0.7486082625256373,0.5758964879852125
0.6560534086532289,0.7488276670574443,0.5758964879852125
0.6559250224675824,0.7487908544628462,0.5758964879852125
0.6559250224675824,0.748900615655233,0.5758964879852125
0.6559250224675824,0.7490104090309339,0.5758964879852125
0.6559250224675824,0.7491202346041056,0.5758964879852125
0.6557966362819361,0.7490834433201349,0.5758964879852125
0.6557966362819361,0.7493032125568432,0.5758964879852125
0.6556682500962896,0.7493763756419662,0.5758964879852125
0.6556682500962896,0.7495963599001908,0.5758964879852125
0.6556682500962896,0.7497064004697592,0.5758964879852125
0.6556682500962896,0.7498164733519307,0.5758964879852125
0.6556682500962896,0.7499265785609398,0.5758964879852125
0.6556682500962896,0.7500367161110295,0.5758964879852125
0.6556682500962896,0.7501468860164512,0.5758964879852125
0.6556682500962896,0.7502570882914646,0.5758964879852125
0.6556682500962896,0.7503673229503379,0.5758964879852125
0.6556682500962896,0.7505878894767783,0.5758964879852125
0.6555398639106432,0.7506615701264334,0.5758964879852125
0.6554114777249967,0.7506249081017498,0.5758964879852125
0.6554114777249967,0.7507352941176471,0.5758964879852125
0.6552830915393504,0.750698632151787,0.5758964879852125
0.6551547053537039,0.7506619593998235,0.5758964879852125
0.6550263191680575,0.7506252758569958,0.5758964879852125
0.6550263191680575,0.7507357268981754,0.5758964879852125
0.6547695467967647,0.7506623491315867,0.5758964879852125
0.6547695467967647,0.7507728544089504,0.5758964879852125
0.6546411606111182,0.750736160188457,0.5758964879852125
0.6545127744254718,0.7506994551612428,0.5758964879852125
0.6545127744254718,0.7509206068640448,0.5758964879852125
0.6545127744254718,0.7510312315851503,0.5758964879852125
0.6545127744254718,0.75114188890526,0.5758964879852125
0.6545127744254718,0.7512525788387857,0.5758964879852125
0.6545127744254718,0.7513633014001474,0.5758964879852125
0.6543843882398254,0.751437417072092,0.5758964879852125
0.654256002054179,0.7514007667354763,0.5758964879852125
0.654256002054179,0.7515115764636484,0.5758964879852125
0.654256002054179,0.751622418879056,0.5758964879852125
0.654256002054179,0.7517332939961646,0.5758964879852125
0.654256002054179,0.7518442018294482,0.5758964879852125
0.654256002054179,0.7519551423933895,0.5758964879852125
0.6541276158685325,0.752029520295203,0.5758964879852125
0.6541276158685325,0.7522515871844087,0.5758964879852125
0.6539992296828862,0.7522150029533373,0.5758964879852125
0.6539992296828862,0.7523260965883917,0.5758964879852125
0.6539992296828862,0.752437223042836,0.5758964879852125
0.6538708434972397,0.7526230234963794,0.5758964879852125
0.6538708434972397,0.7528455284552845,0.5758964879852125
0.6538708434972397,0.752956830277942,0.5758964879852125
0.6538708434972397,0.7530681650155256,0.5758964879852125
0.6538708434972397,0.7532909332938914,0.5758964879852125
0.6537424573115933,0.7532544378698225,0.5758964879852125
0.6534856849403005,0.75318141461971,0.5758964879852125
0.6534856849403005,0.7532928814562676,0.5758964879852125
0.6534856849403005,0.7534043812907045,0.5758964879852125
0.6534856849403005,0.7535159141376758,0.5758964879852125
0.6534856849403005,0.7537390789278839,0.5758964879852125
0.6534856849403005,0.753850710900474,0.5758964879852125
0.653357298754654,0.7538142497407792,0.5758964879852125
0.653357298754654,0.7539259259259259,0.5758964879852125
0.6532289125690076,0.7538894651059416,0.5758964879852125
0.6532289125690076,0.7540011855364552,0.5758964879852125
0.6531005263833611,0.753964725062991,0.5758964879852125
0.6531005263833611,0.7543001186239621,0.5758964879852125
0.6531005263833611,0.7544119827969746,0.5758964879852125
0.6531005263833611,0.7545238801542569,0.5758964879852125
0.6531005263833611,0.7548597714794479,0.5758964879852125
0.6529721401977148,0.7548233897298902,0.5758964879852125
0.6528437540120683,0.7547869971797536,0.5758964879852125
0.6523302092694826,0.7549777117384844,0.5758964879852125
0.6522018230838362,0.7549412988556992,0.5758964879852125
0.6522018230838362,0.7550535077288941,0.5758964879852125
0.6516882783412504,0.7552447552447552,0.5758964879852125
0.6515598921556041,0.7553207322518232,0.5758964879852125
0.6513031197843112,0.7556978995977953,0.5758964879852125
0.6513031197843112,0.7558104886769964,0.5758964879852125
0.6513031197843112,0.75592311130979,0.5758964879852125
0.6513031197843112,0.7567124105011933,0.5758964879852125
0.6513031197843112,0.7568253021035357,0.5758964879852125
0.6510463474130184,0.7570916691549716,0.5758964879852125
0.6510463474130184,0.7573178016726404,0.5758964879852125
0.6507895750417255,0.7575848154237035,0.5758964879852125
0.6505328026704327,0.7575123336821648,0.5758964879852125
0.6505328026704327,0.7576255980861244,0.5758964879852125
0.6505328026704327,0.7577388963660835,0.5758964879852125
0.650019257927847,0.7578206855261188,0.5758964879852125
0.650019257927847,0.7579341317365269,0.5758964879852125
0.650019257927847,0.7580476119179518,0.5758964879852125
0.6495057131852613,0.7586982603479304,0.5758964879852125
0.6493773269996148,0.7587758775877588,0.5758964879852125
0.6493773269996148,0.7588897224306077,0.5758964879852125
0.6493773269996148,0.7590036014405762,0.5758964879852125
0.6492489408139684,0.7589674320876482,0.5758964879852125
0.6492489408139684,0.7591953160186158,0.5758964879852125
0.6486070098857363,0.7591284748309541,0.5758964879852125
0.6484786237000899,0.759092275323114,0.5758964879852125
0.6483502375144434,0.7593984962406015,0.5758964879852125
0.6482218513287971,0.7593623101218229,0.5758964879852125
0.6480934651431506,0.7594403490296374,0.5758964879852125
0.6479650789575042,0.7594041528739092,0.5758964879852125
0.6478366927718577,0.7593679458239277,0.5758964879852125
0.6477083065862114,0.7594460334186361,0.5758964879852125
0.6477083065862114,0.7595603733815116,0.5758964879852125
0.6475799204005649,0.7602110022607385,0.5758964879852125
0.6474515342149185,0.7601748567983118,0.5758964879852125
0.6470663756579792,0.7602956705385427,0.5758964879852125
0.6469379894723328,0.7606037735849056,0.5758964879852125
0.6468096032866864,0.7613722230618105,0.5758964879852125
0.6468096032866864,0.7616024187452759,0.5758964879852125
0.6465528309153935,0.7618759455370651,0.5758964879852125
0.6465528309153935,0.7619912240883644,0.5758964879852125
0.6465528309153935,0.7621065375302664,0.5758964879852125
0.6465528309153935,0.7622218858786136,0.5758964879852125
0.6461676723584542,0.7623447440169645,0.5758964879852125
0.6461676723584542,0.7624602332979852,0.5758964879852125
0.6461676723584542,0.7625757575757576,0.5758964879852125
0.6461676723584542,0.7626913168661918,0.5758964879852125
0.6459108999871613,0.762619372442019,0.5758964879852125
0.6452689690589293,0.7629022465088039,0.5758964879852125
0.6451405828732828,0.7629820832068023,0.5758964879852125
0.6451405828732828,0.7630979498861048,0.5758964879852125
0.6451405828732828,0.7632138517618469,0.5758964879852125
0.6450121966876364,0.7634098161373651,0.5758964879852125
0.64488381050199,0.7634898920808634,0.5758964879852125
0.64488381050199,0.7636059592581331,0.5758964879852125
0.6447554243163436,0.7635700167249506,0.5758964879852125
0.6447554243163436,0.7638022813688213,0.5758964879852125
0.6446270381306971,0.7637663522969272,0.5758964879852125
0.6444986519450507,0.7637304122927127,0.5758964879852125
0.6444986519450507,0.7638466220328667,0.5758964879852125
0.6444986519450507,0.7639628671435094,0.5758964879852125
0.6444986519450507,0.7640791476407914,0.5758964879852125
0.6444986519450507,0.7641954635408738,0.5758964879852125
0.6444986519450507,0.7644282016141313,0.5758964879852125
0.6443702657594043,0.7645087585681645,0.5758964879852125
0.6443702657594043,0.7646252285191956,0.5758964879852125
0.6443702657594043,0.7647417339631266,0.5758964879852125
0.6442418795737579,0.7647058823529411,0.5758964879852125
0.6441134933881114,0.7647865853658536,0.5758964879852125
0.6441134933881114,0.7649031864613508,0.5758964879852125
0.6441134933881114,0.7650198231168039,0.5758964879852125
0.643985107202465,0.7651006711409396,0.5758964879852125
0.643985107202465,0.7654509385014497,0.5758964879852125
0.6438567210168186,0.7657657657657657,0.5758964879852125
0.6438567210168186,0.7658827122785583,0.5758964879852125
0.6437283348311722,0.7660809778456837,0.5758964879852125
0.6437283348311722,0.76619804400978,0.5758964879852125
0.6437283348311722,0.7663151459575118,0.5758964879852125
0.6435999486455257,0.7663965754471793,0.5758964879852125
0.6434715624598794,0.7663608562691131,0.5758964879852125
0.6434715624598794,0.7664780547484324,0.5758964879852125
0.6434715624598794,0.7667125592779562,0.5758964879852125
0.6433431762742329,0.7666768665850673,0.5758964879852125
0.6433431762742329,0.7667941851568477,0.5758964879852125
0.6433431762742329,0.7669115396388123,0.5758964879852125
0.6432147900885865,0.766875861013317,0.5758964879852125
0.64308640390294,0.7669575868932782,0.5758964879852125
0.64308640390294,0.7670750382848393,0.5758964879852125
0.64308640390294,0.767192525654771,0.5758964879852125
0.64308640390294,0.7673100490196079,0.5758964879852125
0.64308640390294,0.767427608395894,0.5758964879852125
0.6429580177172937,0.7673919705792216,0.5758964879852125
0.6429580177172937,0.7677449026521539,0.5758964879852125
0.6429580177172937,0.7678626188285802,0.5758964879852125
0.6429580177172937,0.7679803711087256,0.5758964879852125
0.6429580177172937,0.7680981595092025,0.5758964879852125
0.6428296315316472,0.7680625862862402,0.5758964879852125
0.6428296315316472,0.768298296762314,0.5758964879852125
0.6427012453460008,0.7682627378759975,0.5758964879852125
0.6425728591603543,0.7683451028553884,0.5758964879852125
0.6423160867890615,0.7682739557739557,0.5758964879852125
0.6421877006034151,0.7682383658424206,0.5758964879852125
0.6421877006034151,0.7683563748079877,0.5758964879852125
0.6421877006034151,0.7685925015365703,0.5758964879852125
0.6420593144177686,0.76855693868142,0.5758964879852125
0.6420593144177686,0.7686750691669229,0.5758964879852125
0.6420593144177686,0.7689114391143912,0.5758964879852125
0.6420593144177686,0.7690296786098724,0.5758964879852125
0.6420593144177686,0.769147954475546,0.5758964879852125
0.6420593144177686,0.7693846153846153,0.5758964879852125
0.6420593144177686,0.7695030004616095,0.5758964879852125
0.6418025420464758,0.7695504926108374,0.5758964879852125
0.6416741558608293,0.7695150115473441,0.5758964879852125
0.6416741558608293,0.7696335078534031,0.5758964879852125
0.6416741558608293,0.7699892158373132,0.5758964879852125
0.641545769675183,0.7701911220715166,0.5758964879852125
0.641545769675183,0.7703098504701711,0.5758964879852125
0.6412889973038901,0.7705954952175255,0.5758964879852125
0.6411606111182436,0.7705600987501928,0.5758964879852125
0.6409038387469508,0.770608212411238,0.5758964879852125
0.6409038387469508,0.7707271885132005,0.5758964879852125
0.6407754525613044,0.7709298733395119,0.5758964879852125
0.6406470663756579,0.7711327460979756,0.5758964879852125
0.6406470663756579,0.7712519319938176,0.5758964879852125
0.6405186801900116,0.771216571340238,0.5758964879852125
0.6402619078187187,0.7711458172259162,0.5758964879852125
0.6400051354474259,0.771194306930693,0.5758964879852125
0.6400051354474259,0.7713136314405075,0.5758964879852125
0.639748363076133,0.7714816535067348,0.5758964879852125
0.6394915907048402,0.771889043855571,0.5758964879852125
0.6394915907048402,0.7720086794792312,0.5758964879852125
0.6393632045191937,0.7719733374670593,0.5758964879852125
0.6392348183335473,0.7724170027924294,0.5758964879852125
0.6389780459622545,0.7727061015370285,0.5758964879852125
0.638849659776608,0.7729108418763592,0.5758964879852125
0.6384645012196688,0.7730452355044303,0.5758964879852125
0.6383361150340223,0.7733706641779436,0.5758964879852125
0.638207728848376,0.773335407591786,0.5758964879852125
0.6380793426627295,0.7733001400342306,0.5758964879852125
0.6379509564770831,0.7732648615001556,0.5758964879852125
0.6378225702914366,0.7733499377334994,0.5758964879852125
0.6376941841057903,0.773314650474856,0.5758964879852125
0.6376941841057903,0.7734350669573342,0.5758964879852125
0.6375657979201438,0.7735202492211838,0.5758964879852125
0.6375657979201438,0.7736407540115283,0.5758964879852125
0.6374374117344974,0.7736054845746339,0.5758964879852125
0.6373090255488509,0.7736907730673317,0.5758964879852125
0.6373090255488509,0.7738113795791115,0.5758964879852125
0.6371806393632046,0.7738967721815063,0.5758964879852125
0.6371806393632046,0.7740174672489083,0.5758964879852125
0.6371806393632046,0.7741381999688036,0.5758964879852125
0.6369238669919117,0.7740677172725854,0.5758964879852125
0.6367954808062652,0.7741532698610895,0.5758964879852125
0.6367954808062652,0.7742741180143615,0.5758964879852125
0.6367954808062652,0.7743950039032006,0.5758964879852125
0.6366670946206188,0.7743597751405371,0.5758964879852125
0.6364103222493259,0.7742892845985629,0.5758964879852125
0.6364103222493259,0.77453125,0.5758964879852125
0.6362819360636796,0.774617067833698,0.5758964879852125
0.6362819360636796,0.7747381585118024,0.5758964879852125
0.6362819360636796,0.774859287054409,0.5758964879852125
0.6362819360636796,0.7749804534792807,0.5758964879852125
0.6361535498780331,0.7749452611823585,0.5758964879852125
0.6360251636923867,0.7750312891113892,0.5758964879852125
0.6358967775067402,0.7749960882491003,0.5758964879852125
0.6357683913210939,0.7749608763693271,0.5758964879852125
0.6356400051354474,0.7749256534668962,0.5758964879852125
0.6356400051354474,0.7750469630557295,0.5758964879852125
0.6356400051354474,0.7754111198120596,0.5758964879852125
0.635511618949801,0.7754974150086167,0.5758964879852125
0.635511618949801,0.7756189282356628,0.5758964879852125
0.6353832327641545,0.7755837643002664,0.5758964879852125
0.6353832327641545,0.7759485732204453,0.5758964879852125
0.6352548465785082,0.7762786319422654,0.5758964879852125
0.6351264603928617,0.7762435273811392,0.5758964879852125
0.6351264603928617,0.7763653483992468,0.5758964879852125
0.6348696880215688,0.776417019940336,0.5758964879852125
0.6348696880215688,0.7767829092051524,0.5758964879852125
0.634612915650276,0.7768348263397769,0.5758964879852125
0.634612915650276,0.7769569317824584,0.5758964879852125
0.6343561432789832,0.7770089636735336,0.5758964879852125
0.6342277570933368,0.777218376337319,0.5758964879852125
0.6342277570933368,0.7774630154233554,0.5758964879852125
0.6342277570933368,0.7778302629507164,0.5758964879852125
0.6340993709076903,0.7777952755905512,0.5758964879852125
0.6340993709076903,0.7779177823279256,0.5758964879852125
0.6339709847220439,0.777882797731569,0.5758964879852125
0.6337142123507511,0.7780580075662042,0.5758964879852125
0.6335858261651046,0.7782684119224097,0.5758964879852125
0.6334574399794582,0.778356207603723,0.5758964879852125
0.6330722814225189,0.7783741120757696,0.5758964879852125
0.6328155090512261,0.7783041212695405,0.5758964879852125
0.6328155090512261,0.7784270372710044,0.5758964879852125
0.6326871228655797,0.7786380154842787,0.5758964879852125
0.6326871228655797,0.7788841473052,0.5758964879852125
0.6325587366799332,0.7788491938033513,0.5758964879852125
0.6325587366799332,0.7789723320158103,0.5758964879852125
0.6324303504942869,0.7790605725130476,0.5758964879852125
0.6324303504942869,0.7791838025941158,0.5758964879852125
0.6323019643086404,0.7792721518987342,0.5758964879852125
0.6323019643086404,0.7793954739673999,0.5758964879852125
0.632173578122994,0.779360557138335,0.5758964879852125
0.632173578122994,0.7794839322463195,0.5758964879852125
0.632173578122994,0.779607346421786,0.5758964879852125
0.6320451919373475,0.7795724465558195,0.5758964879852125
0.6319168057517012,0.7796610169491526,0.5758964879852125
0.6319168057517012,0.7797845373891001,0.5758964879852125
0.6319168057517012,0.7800316957210777,0.5758964879852125
0.6317884195660547,0.7799968299255032,0.5758964879852125
0.6316600333804082,0.7800856191533218,0.5758964879852125
0.6315316471947618,0.7801744647105472,0.5758964879852125
0.6314032610091154,0.7801395939086294,0.5758964879852125
0.631274874823469,0.7801047120418848,0.5758964879852125
0.631274874823469,0.7802284988892415,0.5758964879852125
0.631274874823469,0.7803523250277734,0.5758964879852125
0.631274874823469,0.7804761904761904,0.5758964879852125
0.631274874823469,0.7806000952532148,0.5758964879852125
0.6311464886378225,0.7805652588123214,0.5758964879852125
0.6310181024521762,0.7807783955520254,0.5758964879852125
0.6310181024521762,0.7810265374225329,0.5758964879852125
0.6310181024521762,0.7812748370688285,0.5758964879852125
0.6310181024521762,0.7813990461049285,0.5758964879852125
0.6308897162665297,0.7813642868500557,0.5758964879852125
0.6307613300808833,0.78145379354223,0.5758964879852125
0.6307613300808833,0.7815781100859052,0.5758964879852125
0.6306329438952368,0.7817921375139265,0.5758964879852125
0.6305045577095905,0.7820063694267516,0.5758964879852125
0.630376171523944,0.781971651536869,0.5758964879852125
0.6302477853382976,0.7820614943444321,0.5758964879852125
0.6301193991526511,0.7820267686424475,0.5758964879852125
0.6301193991526511,0.7821513944223107,0.5758964879852125
0.6301193991526511,0.7822760599298693,0.5758964879852125
0.6299910129670048,0.782241351825283,0.5758964879852125
0.6298626267813583,0.7822066326530612,0.5758964879852125
0.6296058544100654,0.7821371610845295,0.5758964879852125
0.6296058544100654,0.7822619237517946,0.5758964879852125
0.6294774682244191,0.7823520025530557,0.5758964879852125
0.6293490820387726,0.7823172677944462,0.5758964879852125
0.6293490820387726,0.7824421388667199,0.5758964879852125
0.6293490820387726,0.7825670498084292,0.5758964879852125
0.6293490820387726,0.7826920006386716,0.5758964879852125
0.6292206958531262,0.7829073482428115,0.5758964879852125
0.6292206958531262,0.7831575583253435,0.5758964879852125
0.6292206958531262,0.7832827233498482,0.5758964879852125
0.6290923096674798,0.7834985609210106,0.5758964879852125
0.6289639234818334,0.7834639373100911,0.5758964879852125
0.6289639234818334,0.7837146056630939,0.5758964879852125
0.6289639234818334,0.78384,0.5758964879852125
0.6289639234818334,0.7839654344695152,0.5758964879852125
0.6289639234818334,0.784216423883464,0.5758964879852125
0.6285787649248941,0.7841127482383088,0.5758964879852125
0.6285787649248941,0.7842383469485824,0.5758964879852125
0.6284503787392477,0.7843294343855152,0.5758964879852125
0.6284503787392477,0.7844551282051282,0.5758964879852125
0.6284503787392477,0.7845808623176791,0.5758964879852125
0.6283219925536012,0.784546328951587,0.5758964879852125
0.6283219925536012,0.7846721180054513,0.5758964879852125
0.6281936063679548,0.7846375881975626,0.5758964879852125
0.6281936063679548,0.7847634322373697,0.5758964879852125
0.6281936063679548,0.7848893166506256,0.5758964879852125
0.6281936063679548,0.7850152414567624,0.5758964879852125
0.6280652201823084,0.7849807445442876,0.5758964879852125
0.627936833996662,0.7849462365591398,0.5758964879852125
0.627936833996662,0.7851982661743458,0.5758964879852125
0.6278084478110155,0.7854159974301317,0.5758964879852125
0.6276800616253692,0.7853815261044177,0.5758964879852125
0.6276800616253692,0.785760205721633,0.5758964879852125
0.6276800616253692,0.7860128617363344,0.5758964879852125
0.6275516754397227,0.7859784531275125,0.5758964879852125
0.6275516754397227,0.7861048568671598,0.5758964879852125
0.6275516754397227,0.7862313012707094,0.5758964879852125
0.6275516754397227,0.7863577863577863,0.5758964879852125
0.6275516754397227,0.7866108786610879,0.5758964879852125
0.6274232892540763,0.7865765330758088,0.5758964879852125
0.6274232892540763,0.7867031551835157,0.5758964879852125
0.6274232892540763,0.7868298180647239,0.5758964879852125
0.6274232892540763,0.7869565217391304,0.5758964879852125
0.6272949030684298,0.7869222096956031,0.5758964879852125
0.6271665168827835,0.7868878865979382,0.5758964879852125
0.6271665168827835,0.7870146608667633,0.5758964879852125
0.627038130697137,0.7869803416048985,0.5758964879852125
0.6267813583258441,0.7871654305062883,0.5758964879852125
0.6266529721401977,0.7871311078858249,0.5758964879852125
0.6266529721401977,0.787258064516129,0.5758964879852125
0.6265245859545513,0.7874778118444409,0.5758964879852125
0.6265245859545513,0.7876049063912202,0.5758964879852125
0.6263961997689048,0.7876977720374556,0.5758964879852125
0.6262678135832584,0.787663491038269,0.5758964879852125
0.6262678135832584,0.7877906976744186,0.5758964879852125
0.626139427397612,0.7878836833602585,0.5758964879852125
0.626139427397612,0.7880109872354176,0.5758964879852125
0.6260110412119656,0.7879767291531997,0.5758964879852125
0.6260110412119656,0.7881040892193308,0.5758964879852125
0.6258826550263191,0.7880698351115422,0.5758964879852125
0.6258826550263191,0.788197251414713,0.5758964879852125
0.6257542688406728,0.7882904738799935,0.5758964879852125
0.6256258826550263,0.7883837566736774,0.5758964879852125
0.6254974964693799,0.7884770998543453,0.5758964879852125
0.6253691102837334,0.7884428617675623,0.5758964879852125
0.6252407240980871,0.7885362694300518,0.5758964879852125
0.6252407240980871,0.7886639676113361,0.5758964879852125
0.6252407240980871,0.7889194880933096,0.5758964879852125
0.6251123379124406,0.7888852883992223,0.5758964879852125
0.6249839517267942,0.788851077621131,0.5758964879852125
0.6248555655411477,0.7889447236180904,0.5758964879852125
0.6248555655411477,0.7890726329442282,0.5758964879852125
0.6248555655411477,0.7892005837522296,0.5758964879852125
0.6248555655411477,0.789328576062277,0.5758964879852125
0.6247271793555014,0.789294403892944,0.5758964879852125
0.6247271793555014,0.7894224529526281,0.5758964879852125
0.6245987931698549,0.7893882849261723,0.5758964879852125
0.6245987931698549,0.7896445382243142,0.5758964879852125
0.6244704069842085,0.7896103896103897,0.5758964879852125
0.624342020798562,0.7897044494965898,0.5758964879852125
0.624342020798562,0.7899610136452242,0.5758964879852125
0.6242136346129157,0.7900552486187845,0.5758964879852125
0.6240852484272692,0.7902780035766542,0.5758964879852125
0.6239568622416228,0.7902439024390244,0.5758964879852125
0.6239568622416228,0.790372418279395,0.5758964879852125
0.6239568622416228,0.7905009759271308,0.5758964879852125
0.6238284760559764,0.7904668944200423,0.5758964879852125
0.62370008987033,0.7908188181670194,0.5758964879852125
0.6234433174990371,0.7907506920696955,0.5758964879852125
0.6234433174990371,0.7908794788273615,0.5758964879852125
0.6233149313133907,0.7908454145626324,0.5758964879852125
0.6233149313133907,0.7911031448590516,0.5758964879852125
0.6233149313133907,0.7913610431947841,0.5758964879852125
0.6233149313133907,0.7916191097342247,0.5758964879852125
0.6231865451277443,0.7915851272015656,0.5758964879852125
0.6231865451277443,0.7917142391127059,0.5758964879852125
0.6230581589420978,0.7916802610114192,0.5758964879852125
0.6229297727564514,0.79177545691906,0.5758964879852125
0.6229297727564514,0.791904684184756,0.5758964879852125
0.6225446141995121,0.7919320594479831,0.5758964879852125
0.6225446141995121,0.7921908184937102,0.5758964879852125
0.6224162280138658,0.7922863212943292,0.5758964879852125
0.6224162280138658,0.7925453653751839,0.5758964879852125
0.6222878418282193,0.7926410466067049,0.5758964879852125
0.6221594556425729,0.792607131174354,0.5758964879852125
0.6221594556425729,0.7928664921465969,0.5758964879852125
0.6221594556425729,0.7929962362952053,0.5758964879852125
0.6221594556425729,0.793126022913257,0.5758964879852125
0.6221594556425729,0.7932558520216074,0.5758964879852125
0.6221594556425729,0.7933857236411264,0.5758964879852125
0.6221594556425729,0.793515637792697,0.5758964879852125
0.6221594556425729,0.7936455944972158,0.5758964879852125
0.6220310694569264,0.7936117936117936,0.5758964879852125
0.6219026832712801,0.7935779816513762,0.5758964879852125
0.6217742970856336,0.7938042943779708,0.5758964879852125
0.6216459108999871,0.7939006394490901,0.5758964879852125
0.6215175247143407,0.793997047728391,0.5758964879852125
0.6215175247143407,0.7941272965879265,0.5758964879852125
0.6215175247143407,0.7942575881870385,0.5758964879852125
0.6215175247143407,0.7943879225467673,0.5758964879852125
0.6213891385286943,0.7943541769243394,0.5758964879852125
0.6213891385286943,0.7944845699277742,0.5758964879852125
0.6212607523430479,0.7944508290921031,0.5758964879852125
0.6211323661574014,0.7944170771756979,0.5758964879852125
0.6211323661574014,0.794547544752833,0.5758964879852125
0.621003979971755,0.7945137976346912,0.5758964879852125
0.621003979971755,0.7946443239691146,0.5758964879852125
0.6208755937861086,0.7948717948717948,0.5758964879852125
0.6208755937861086,0.7951331798750411,0.5758964879852125
0.6207472076004622,0.7952302631578947,0.5758964879852125
0.6207472076004622,0.7953610791248561,0.5758964879852125
0.6207472076004622,0.7954919381375453,0.5758964879852125
0.6206188214148157,0.7954582853381603,0.5758964879852125
0.6206188214148157,0.7955892034233049,0.5758964879852125
0.6203620490435229,0.7955218966084953,0.5758964879852125
0.6203620490435229,0.7956528898402766,0.5758964879852125
0.6203620490435229,0.7957839262187089,0.5758964879852125
0.6203620490435229,0.7960461285008237,0.5758964879852125
0.6202336628578765,0.7960125226561213,0.5758964879852125
0.6202336628578765,0.7962749299489039,0.5758964879852125
0.62010527667223,0.7962413452027696,0.5758964879852125
0.62010527667223,0.7963726298433635,0.5758964879852125
0.62010527667223,0.7965039577836411,0.5758964879852125
0.6198485043009372,0.7965682230655008,0.5758964879852125
0.6198485043009372,0.7968311602574683,0.5758964879852125
0.6198485043009372,0.7970942710912994,0.5758964879852125
0.6198485043009372,0.797225891677675,0.5758964879852125
0.6198485043009372,0.7973575557390586,0.5758964879852125
0.6198485043009372,0.7976210143730381,0.5758964879852125
0.6197201181152908,0.7977193852255825,0.5758964879852125
0.6195917319296443,0.7976859504132231,0.5758964879852125
0.6193349595583515,0.7977509508847362,0.5758964879852125
0.6193349595583515,0.7978828977836586,0.5758964879852125
0.6193349595583515,0.798014888337469,0.5758964879852125
0.6192065733727051,0.7979814692256784,0.5758964879852125
0.6190781871870586,0.7983443708609271,0.5758964879852125
0.6189498010014123,0.7983109786388475,0.5758964879852125
0.6189498010014123,0.7985754513831373,0.5758964879852125
0.6188214148157658,0.7985420808482439,0.5758964879852125
0.6186930286301194,0.7985086992543496,0.5758964879852125
0.6184362562588266,0.7985742705570292,0.5758964879852125
0.6184362562588266,0.7987066821422649,0.5758964879852125
0.6184362562588266,0.7988391376451078,0.5758964879852125
0.6184362562588266,0.7989716370874108,0.5758964879852125
0.6183078700731801,0.7989382879893829,0.5758964879852125
0.6183078700731801,0.7990708478513356,0.5758964879852125
0.6181794838875337,0.7991701244813278,0.5758964879852125
0.6181794838875337,0.7993027888446215,0.5758964879852125
0.6180510977018873,0.7992694670430018,0.5758964879852125
0.6180510977018873,0.7998006313341086,0.5758964879852125
0.6179227115162409,0.7999002825328236,0.5758964879852125
0.6177943253305944,0.7998670212765957,0.5758964879852125
0.617665939144948,0.800232867598137,0.5758964879852125
0.617665939144948,0.8003659956745965,0.5758964879852125
0.6175375529593016,0.800332778702163,0.5758964879852125
0.6175375529593016,0.800465967715094,0.5758964879852125
0.6175375529593016,0.8005992010652463,0.5758964879852125
0.6175375529593016,0.8007324787747627,0.5758964879852125
0.6174091667736552,0.8006993006993007,0.5758964879852125
0.6174091667736552,0.8008326394671107,0.5758964879852125
0.6174091667736552,0.8009660226515656,0.5758964879852125
0.6172807805880087,0.8009328668998834,0.5758964879852125
0.6172807805880087,0.8010663112295902,0.5758964879852125
0.6171523944023624,0.8011666666666667,0.5758964879852125
0.6170240082167159,0.8011335222537089,0.5758964879852125
0.6170240082167159,0.8012670890296766,0.5758964879852125
0.6168956220310694,0.8012339503084875,0.5758964879852125
0.616767235845423,0.8014681348014682,0.5758964879852125
0.616767235845423,0.8016018688469881,0.5758964879852125
0.6163820772884837,0.8016363332776757,0.5758964879852125
0.6162536911028373,0.8016032064128257,0.5758964879852125
0.6162536911028373,0.8018710324089542,0.5758964879852125
0.6161253049171909,0.8021059669062344,0.5758964879852125
0.6161253049171909,0.8022400534938148,0.5758964879852125
0.615868532545898,0.8023080782739589,0.5758964879852125
0.615868532545898,0.8025765434164297,0.5758964879852125
0.615226601617666,0.802680067001675,0.5758964879852125
0.6150982154320195,0.8030506201810258,0.5758964879852125
0.6149698292463731,0.8031522468142186,0.5758964879852125
0.6149698292463731,0.8032869361059869,0.5758964879852125
0.6148414430607266,0.8033886931722866,0.5758964879852125
0.6147130568750803,0.8033557046979866,0.5758964879852125
0.6145846706894338,0.8033227051518711,0.5758964879852125
0.6144562845037874,0.8034245425549773,0.5758964879852125
0.6143278983181409,0.8035264483627204,0.5758964879852125
0.6143278983181409,0.8036614040980853,0.5758964879852125
0.6141995121324946,0.803628422644045,0.5758964879852125
0.6141995121324946,0.8038985044530331,0.5758964879852125
0.6141995121324946,0.8040336134453782,0.5758964879852125
0.6141995121324946,0.8041687678601446,0.5758964879852125
0.6140711259468481,0.8041358439811701,0.5758964879852125
0.6138143535755552,0.8043405114401077,0.5758964879852125
0.6135575812042624,0.8046809227142616,0.5758964879852125
0.6135575812042624,0.8048164365106096,0.5758964879852125
0.613429195018616,0.8051904280417931,0.5758964879852125
0.613429195018616,0.8054619015509104,0.5758964879852125
0.6133008088329696,0.8054291013319845,0.5758964879852125
0.6131724226473232,0.8058039480344188,0.5758964879852125
0.6130440364616767,0.8057711778602767,0.5758964879852125
0.6129156502760303,0.8058744091829845,0.5758964879852125
0.6127872640903839,0.805841634306939,0.5758964879852125
0.6127872640903839,0.8059777102330293,0.5758964879852125
0.6126588779047375,0.8060810810810811,0.5758964879852125
0.612530491719091,0.8061845217979047,0.5758964879852125
0.612530491719091,0.8064570655848546,0.5758964879852125
0.6124021055334447,0.8065607034156239,0.5758964879852125
0.6121453331621518,0.8066317036034512,0.5758964879852125
0.6120169469765053,0.8067354882382806,0.5758964879852125
0.6118885607908588,0.8069759566542499,0.5758964879852125
0.6118885607908588,0.807112616426757,0.5758964879852125
0.6117601746052125,0.807079945799458,0.5758964879852125
0.611631788419566,0.8070472641029984,0.5758964879852125
0.611631788419566,0.8073207930859176,0.5758964879852125
0.6113750160482732,0.8072554670283099,0.5758964879852125
0.6112466298626268,0.8072227873855544,0.5758964879852125
0.6111182436769803,0.8073270013568521,0.5758964879852125
0.6109898574913339,0.8072943172179814,0.5758964879852125
0.6108614713056875,0.8072616219884629,0.5758964879852125
0.6108614713056875,0.8073986085185814,0.5758964879852125
0.6108614713056875,0.8075356415478615,0.5758964879852125
0.6108614713056875,0.8079470198675497,0.5758964879852125
0.6108614713056875,0.8080842391304348,0.5758964879852125
0.6108614713056875,0.8082215050110413,0.5758964879852125
0.6108614713056875,0.8083588175331294,0.5758964879852125
0.6108614713056875,0.8084961767204758,0.5758964879852125
0.6108614713056875,0.8086335825968729,0.5758964879852125
0.6107330851200411,0.8086010538840728,0.5758964879852125
0.6107330851200411,0.8087385243114587,0.5758964879852125
0.6107330851200411,0.8090136054421768,0.5758964879852125
0.6106046989343946,0.8089811192379657,0.5758964879852125
0.6106046989343946,0.8092564233452442,0.5758964879852125
0.6103479265631018,0.8091914893617022,0.5758964879852125
0.6103479265631018,0.8093292475314947,0.5758964879852125
0.6100911541918089,0.8094021461420542,0.5758964879852125
0.6099627680061626,0.8093696763202726,0.5758964879852125
0.6098343818205161,0.8094751192910702,0.5758964879852125
0.6098343818205161,0.8097511080804637,0.5758964879852125
0.6097059956348697,0.8097186700767264,0.5758964879852125
0.6097059956348697,0.809856753069577,0.5758964879852125
0.6095776094492232,0.8099624701467076,0.5758964879852125
0.6093208370779304,0.8098976109215017,0.5758964879852125
0.609192450892284,0.8100034141345169,0.5758964879852125
0.609192450892284,0.8102800546448088,0.5758964879852125
0.6090640647066375,0.8103860608131193,0.5758964879852125
0.6090640647066375,0.810663021189337,0.5758964879852125
0.6089356785209912,0.8106306614253974,0.5758964879852125
0.6088072923353447,0.810875512995896,0.5758964879852125
0.6086789061496983,0.8109818679438933,0.5758964879852125
0.6085505199640519,0.8109495295124037,0.5758964879852125
0.6084221337784055,0.8110559644018484,0.5758964879852125
0.6084221337784055,0.8113336757404555,0.5758964879852125
0.6084221337784055,0.8117505995203836,0.5758964879852125
0.6084221337784055,0.8118896693506938,0.5758964879852125
0.6084221337784055,0.8120287868403016,0.5758964879852125
0.6084221337784055,0.8121679520137104,0.5758964879852125
0.608293747592759,0.8121357559136099,0.5758964879852125
0.608293747592759,0.8122749871421224,0.5758964879852125
0.608293747592759,0.8124142661179699,0.5758964879852125
0.608293747592759,0.8125535928657177,0.5758964879852125
0.6080369752214662,0.8124892777491851,0.5758964879852125
0.6079085890358198,0.8124571036376115,0.5758964879852125
0.6079085890358198,0.8125965333790973,0.5758964879852125
0.6079085890358198,0.8128755364806867,0.5758964879852125
0.6077802028501733,0.8129829984544049,0.5758964879852125
0.607651816664527,0.8129508759876332,0.5758964879852125
0.6075234304788805,0.8131981440109984,0.5758964879852125
0.6075234304788805,0.8133379168099003,0.5758964879852125
0.6073950442932341,0.8133058277462609,0.5758964879852125
0.6073950442932341,0.813445667125172,0.5758964879852125
0.6073950442932341,0.813585554600172,0.5758964879852125
0.6073950442932341,0.8137254901960784,0.5758964879852125
0.6071382719219413,0.8136613902271164,0.5758964879852125
0.6070098857362948,0.8136293236964378,0.5758964879852125
0.6068814995506483,0.8140175650077492,0.5758964879852125
0.6068814995506483,0.8142980189491817,0.5758964879852125
0.6068814995506483,0.8145786662071343,0.5758964879852125
0.6068814995506483,0.8151405414726677,0.5758964879852125
0.6068814995506483,0.8152811314246292,0.5758964879852125
0.6066247271793554,0.815639564992232,0.5758964879852125
0.6066247271793554,0.8160621761658031,0.5758964879852125
0.6064963409937091,0.8165946413137425,0.5758964879852125
0.6064963409937091,0.8170183327568316,0.5758964879852125
0.6063679548080626,0.817410868812738,0.5758964879852125
0.6063679548080626,0.8175523628180716,0.5758964879852125
0.6063679548080626,0.8178354978354978,0.5758964879852125
0.6058544100654769,0.8179927197087884,0.5758964879852125
0.6055976376941841,0.818213356461405,0.5758964879852125
0.6053408653228912,0.8184342996007637,0.5758964879852125
0.6052124791372449,0.8188292513461872,0.5758964879852125
0.6050840929515984,0.8192247523031462,0.5758964879852125
0.6046989343946592,0.8195580302766661,0.5758964879852125
0.6045705482090127,0.8196692776327241,0.5758964879852125
0.6045705482090127,0.8198119777158774,0.5758964879852125
0.6043137758377198,0.819892004877199,0.5758964879852125
0.6041853896520735,0.8200034849276877,0.5758964879852125
0.6041853896520735,0.8201463924712443,0.5758964879852125
0.6041853896520735,0.8202893498344083,0.5758964879852125
0.604057003466427,0.8205441227764213,0.5758964879852125
0.6038002310951341,0.8204815073272854,0.5758964879852125
0.6038002310951341,0.8206246728319665,0.5758964879852125
0.6036718449094878,0.8205933682373473,0.5758964879852125
0.6036718449094878,0.8207366032466399,0.5758964879852125
0.6034150725381949,0.8209606986899564,0.5758964879852125
0.6034150725381949,0.8211041229909154,0.5758964879852125
0.6034150725381949,0.8212475974139437,0.5758964879852125
0.6032866863525485,0.8212163579168124,0.5758964879852125
0.6031583001669021,0.8213286713286714,0.5758964879852125
0.6029015277956092,0.8212661769849597,0.5758964879852125
0.6027731416099628,0.8212349134161273,0.5758964879852125
0.6026447554243164,0.8213473315835521,0.5758964879852125
0.6025163692386699,0.8214598284614039,0.5758964879852125
0.6023879830530235,0.8214285714285714,0.5758964879852125
0.6023879830530235,0.8215724041323761,0.5758964879852125
0.6022595968673771,0.8218290119131044,0.5758964879852125
0.6021312106817307,0.8217977921850359,0.5758964879852125
0.6021312106817307,0.8219418156326673,0.5758964879852125
0.6021312106817307,0.8220858895705522,0.5758964879852125
0.6021312106817307,0.8222300140252454,0.5758964879852125
0.6021312106817307,0.822374189023321,0.5758964879852125
0.6020028244960842,0.8223430375306909,0.5758964879852125
0.6020028244960842,0.8224872829328188,0.5758964879852125
0.6020028244960842,0.8226315789473684,0.5758964879852125
0.6018744383104377,0.8226004562203896,0.5758964879852125
0.6017460521247914,0.8227137089696331,0.5758964879852125
0.6017460521247914,0.8228581460674157,0.5758964879852125
0.6014892797534985,0.8229404531881258,0.5758964879852125
0.6014892797534985,0.8232296608680373,0.5758964879852125
0.6012325073822057,0.8236018290538164,0.5758964879852125
0.6012325073822057,0.8237467018469657,0.5758964879852125
0.6009757350109128,0.8241197183098592,0.5758964879852125
0.6008473488252664,0.8242338851708348,0.5758964879852125
0.60071896263962,0.8243481324876674,0.5758964879852125
0.60071896263962,0.8244933920704846,0.5758964879852125
0.6003338040826807,0.824545935461118,0.5758964879852125
0.5999486455257415,0.8245985530262926,0.5758964879852125
0.599820259340095,0.8248587570621468,0.5758964879852125
0.599820259340095,0.8250044146212255,0.5758964879852125
0.599820259340095,0.8252958841194136,0.5758964879852125
0.599820259340095,0.8254416961130742,0.5758964879852125
0.5996918731544486,0.8254108499734936,0.5758964879852125
0.5994351007831558,0.8253491249779035,0.5758964879852125
0.5994351007831558,0.8256410256410256,0.5758964879852125
0.5994351007831558,0.8259331328498143,0.5758964879852125
0.5994351007831558,0.8260792639773531,0.5758964879852125
0.5994351007831558,0.826225446823571,0.5758964879852125
0.5993067145975093,0.8263409453000531,0.5758964879852125
0.5991783284118629,0.8263101983002833,0.5758964879852125
0.5991783284118629,0.8266029047113,0.5758964879852125
0.5991783284118629,0.8268958185683912,0.5758964879852125
0.5990499422262164,0.8268651426546163,0.5758964879852125
0.5989215560405701,0.8269810317319625,0.5758964879852125
0.5989215560405701,0.8271276595744681,0.5758964879852125
0.5989215560405701,0.8274210713018801,0.5758964879852125
0.5989215560405701,0.82756785524215,0.5758964879852125
0.5987931698549236,0.8275372604684174,0.5758964879852125
0.5987931698549236,0.8276841171251109,0.5758964879852125
0.5987931698549236,0.827831025914093,0.5758964879852125
0.5986647836692772,0.8278004615657731,0.5758964879852125
0.5984080112979844,0.8277393003019002,0.5758964879852125
0.5984080112979844,0.827886323268206,0.5758964879852125
0.5982796251123379,0.828002842928216,0.5758964879852125
0.598022852741045,0.8282361308677099,0.5758964879852125
0.598022852741045,0.8283834252178552,0.5758964879852125
0.598022852741045,0.8286781711439246,0.5758964879852125
0.598022852741045,0.829120683517266,0.5758964879852125
0.598022852741045,0.8294159544159544,0.5758964879852125
0.5978944665553987,0.8295333095831849,0.5758964879852125
0.5978944665553987,0.8298289379900213,0.5758964879852125
0.5978944665553987,0.8301247771836007,0.5758964879852125
0.5978944665553987,0.8302727758958817,0.5758964879852125
0.5978944665553987,0.8304208273894437,0.5758964879852125
0.5978944665553987,0.8305689316925272,0.5758964879852125
0.5977660803697522,0.8306868867082962,0.5758964879852125
0.5976376941841058,0.8308049259325362,0.5758964879852125
0.5976376941841058,0.8309532309889325,0.5758964879852125
0.5976376941841058,0.831101589001964,0.5758964879852125
0.597380921812813,0.831041257367387,0.5758964879852125
0.597380921812813,0.8311897106109325,0.5758964879852125
0.597380921812813,0.8313382169019118,0.5758964879852125
0.597380921812813,0.8316353887399464,0.5758964879852125
0.5971241494415201,0.8315751832647953,0.5758964879852125
0.5969957632558737,0.8316937935968521,0.5758964879852125
0.5968673770702272,0.8319613457408733,0.5758964879852125
0.5967389908845808,0.8328256584841426,0.5758964879852125
0.5963538323276415,0.8330344332855093,0.5758964879852125
0.5960970599563487,0.8331239906692984,0.5758964879852125
0.5957119013994094,0.8333333333333334,0.5758964879852125
0.5954551290281166,0.8337228114326802,0.5758964879852125
0.5949415842855309,0.834053275737941,0.5758964879852125
0.5945564257285916,0.8347152126892574,0.5758964879852125
0.5942996533572987,0.83495670995671,0.5758964879852125
0.5940428809860059,0.8353493410362881,0.5758964879852125
0.5936577224290667,0.8352601156069365,0.5758964879852125
0.5935293362434202,0.835381279363932,0.5758964879852125
0.5934009500577738,0.8361070911722142,0.5758964879852125
0.5932725638721273,0.8360774380314818,0.5758964879852125
0.5932725638721273,0.8363800904977375,0.5758964879852125
0.593144177686481,0.836350470673425,0.5758964879852125
0.5930157915008345,0.8363208401231215,0.5758964879852125
0.5928874053151881,0.8364426734287267,0.5758964879852125
0.5927590191295417,0.8364130434782608,0.5758964879852125
0.5927590191295417,0.8365645950353325,0.5758964879852125
0.5926306329438953,0.8365349764407394,0.5758964879852125
0.5923738605726024,0.8364757070340827,0.5758964879852125
0.592245474386956,0.8365977511788175,0.5758964879852125
0.5921170882013096,0.8367198838896952,0.5758964879852125
0.5921170882013096,0.8368717111232081,0.5758964879852125
0.5919887020156631,0.8368421052631579,0.5758964879852125
0.5918603158300166,0.8368124886549283,0.5758964879852125
0.5917319296443703,0.837086814384308,0.5758964879852125
0.5916035434587238,0.8370572207084469,0.5758964879852125
0.5916035434587238,0.8376658789311034,0.5758964879852125
0.5916035434587238,0.8378181818181818,0.5758964879852125
0.591346771087431,0.8380640465793304,0.5758964879852125
0.591346771087431,0.8382165605095542,0.5758964879852125
0.5910899987161381,0.8383102694828842,0.5758964879852125
0.5907048401591989,0.8388331814038287,0.5758964879852125
0.5907048401591989,0.8389861415025529,0.5758964879852125
0.5907048401591989,0.8392922291134622,0.5758964879852125
0.5905764539735524,0.8394160583941606,0.5758964879852125
0.5903196816022596,0.839663988312637,0.5758964879852125
0.5903196816022596,0.8398173515981735,0.5758964879852125
0.5903196816022596,0.8399707709170625,0.5758964879852125
0.5903196816022596,0.8401242463000183,0.5758964879852125
0.5900629092309667,0.8400658014988119,0.5758964879852125
0.5900629092309667,0.8402193784277879,0.5758964879852125
0.5899345230453203,0.840343818580834,0.5758964879852125
0.5899345230453203,0.840651298938895,0.5758964879852125
0.5899345230453203,0.8408051235132662,0.5758964879852125
0.5899345230453203,0.8409590043923866,0.5758964879852125
0.5899345230453203,0.8411129416071755,0.5758964879852125
0.5898061368596739,0.8410838520688393,0.5758964879852125
0.5898061368596739,0.8412378685222487,0.5758964879852125
0.5898061368596739,0.8413919413919414,0.5758964879852125
0.5898061368596739,0.8415460707089211,0.5758964879852125
0.5898061368596739,0.841700256504214,0.5758964879852125
0.5896777506740275,0.8416712479384277,0.5758964879852125
0.5896777506740275,0.8418255131964809,0.5758964879852125
0.5896777506740275,0.8419798350137488,0.5758964879852125
0.5896777506740275,0.8421342134213421,0.5758964879852125
0.589549364488381,0.8421052631578947,0.5758964879852125
0.5894209783027347,0.8420763022743947,0.5758964879852125
0.5894209783027347,0.842230783342506,0.5758964879852125
0.5894209783027347,0.8423853211009175,0.5758964879852125
0.5892925921170882,0.8423563956689301,0.5758964879852125
0.5892925921170882,0.8425110132158591,0.5758964879852125
0.5892925921170882,0.8426656875344226,0.5758964879852125
0.5891642059314418,0.8426367976496512,0.5758964879852125
0.5891642059314418,0.842791551882461,0.5758964879852125
0.5890358197457953,0.8427626745040412,0.5758964879852125
0.5890358197457953,0.842917508726805,0.5758964879852125
0.588907433560149,0.8428886438809261,0.5758964879852125
0.5887790473745025,0.8428597684249219,0.5758964879852125
0.5887790473745025,0.8430147058823529,0.5758964879852125
0.5887790473745025,0.8431697003125574,0.5758964879852125
0.5887790473745025,0.8433247517469658,0.5758964879852125
0.5886506611888561,0.8432959352584146,0.5758964879852125
0.5885222750032096,0.8432671081677704,0.5758964879852125
0.5883938888175633,0.8432382704691812,0.5758964879852125
0.5883938888175633,0.8433934486566066,0.5758964879852125
0.5882655026319168,0.8433646235965396,0.5758964879852125
0.5881371164462704,0.8433357879234168,0.5758964879852125
0.588008730260624,0.8433069416313754,0.5758964879852125
0.5878803440749776,0.8432780847145488,0.5758964879852125
0.5877519578893311,0.8432492171670658,0.5758964879852125
0.5876235717036847,0.8432203389830508,0.5758964879852125
0.5876235717036847,0.8433757140224802,0.5758964879852125
0.5876235717036847,0.8435311463324733,0.5758964879852125
0.5876235717036847,0.8436866359447005,0.5758964879852125
0.5874951855180383,0.8436578171091446,0.5758964879852125
0.5874951855180383,0.8438133874239351,0.5758964879852125
0.5873667993323919,0.8437845813353007,0.5758964879852125
0.5873667993323919,0.843940232429441,0.5758964879852125
0.5873667993323919,0.8440959409594095,0.5758964879852125
0.5872384131467454,0.8440671710647721,0.5758964879852125
0.587110026961099,0.8440383905500185,0.5758964879852125
0.587110026961099,0.8441942034336348,0.5758964879852125
0.5869816407754526,0.8441654357459379,0.5758964879852125
0.5868532545898061,0.8441366574330563,0.5758964879852125
0.5867248684041597,0.8441078684891024,0.5758964879852125
0.5865964822185132,0.844079068908184,0.5758964879852125
0.5865964822185132,0.8442350332594235,0.5758964879852125
0.5865964822185132,0.8443910552578082,0.5758964879852125
0.5865964822185132,0.844547134935305,0.5758964879852125
0.5864680960328669,0.8445183952671473,0.5758964879852125
0.5863397098472204,0.8444896449704142,0.5758964879852125
0.586211323661574,0.8444608840392084,0.5758964879852125
0.5860829374759275,0.8444321124676286,0.5758964879852125
0.5859545512902812,0.8444033302497688,0.5758964879852125
0.5858261651046347,0.8443745373797187,0.5758964879852125
0.5856977789189883,0.844345733851564,0.5758964879852125
0.5855693927333419,0.8443169196593854,0.5758964879852125
0.5855693927333419,0.8444732456952416,0.5758964879852125
0.5855693927333419,0.8446296296296296,0.5758964879852125
0.5855693927333419,0.8447860714947213,0.5758964879852125
0.5855693927333419,0.8449425713227121,0.5758964879852125
0.5855693927333419,0.8450991291458217,0.5758964879852125
0.5854410065476955,0.8450704225352113,0.5758964879852125
0.5854410065476955,0.845227062094532,0.5758964879852125
0.585312620362049,0.8451983685576566,0.5758964879852125
0.585312620362049,0.8453550899313925,0.5758964879852125
0.585312620362049,0.8455118694362018,0.5758964879852125
0.5851842341764026,0.8454832127620108,0.5758964879852125
0.5851842341764026,0.8456400742115028,0.5758964879852125
0.5850558479907562,0.8456114306921507,0.5758964879852125
0.5850558479907562,0.8457683741648107,0.5758964879852125
0.5849274618051098,0.8457397438277334,0.5758964879852125
0.5847990756194633,0.8457111028592648,0.5758964879852125
0.584670689433817,0.8456824512534818,0.5758964879852125
0.5845423032481705,0.8456537890044576,0.5758964879852125
0.5844139170625241,0.8456251161062605,0.5758964879852125
0.5844139170625241,0.845782237086585,0.5758964879852125
0.5842855308768776,0.8457535774019699,0.5758964879852125
0.5842855308768776,0.8459107806691449,0.5758964879852125
0.5842855308768776,0.8460680423870608,0.5758964879852125
0.5842855308768776,0.8462253625883228,0.5758964879852125
0.5841571446912313,0.8461967639947926,0.5758964879852125
0.5840287585055848,0.8461681547619048,0.5758964879852125
0.5839003723199384,0.846139534883721,0.5758964879852125
0.5839003723199384,0.8462969854856718,0.5758964879852125
0.5837719861342919,0.8462683789316955,0.5758964879852125
0.5836435999486456,0.8462397617274758,0.5758964879852125
0.5836435999486456,0.8463973189350215,0.5758964879852125
0.5835152137629991,0.8463687150837989,0.5758964879852125
0.5835152137629991,0.8465263550009313,0.5758964879852125
0.5833868275773527,0.8464977645305514,0.5758964879852125
0.5832584413917062,0.8464691634059996,0.5758964879852125
0.5831300552060599,0.8464405516213194,0.5758964879852125
0.5831300552060599,0.8465983224603915,0.5758964879852125
0.5830016690204134,0.8465697240865027,0.5758964879852125
0.5830016690204134,0.8467275778482193,0.5758964879852125
0.582873282834767,0.8466989929130921,0.5758964879852125
0.5827448966491205,0.846670397313934,0.5758964879852125
0.5826165104634742,0.8466417910447761,0.5758964879852125
0.5824881242778277,0.8466131740996454,0.5758964879852125
0.5824881242778277,0.8467711832773422,0.5758964879852125
0.5824881242778277,0.8469292514467053,0.5758964879852125
0.5823597380921813,0.8469006721433906,0.5758964879852125
0.5822313519065349,0.8468720821661998,0.5758964879852125
0.5822313519065349,0.8470302577512141,0.5758964879852125
0.5821029657208885,0.8470016813002055,0.5758964879852125
0.581974579535242,0.8469730941704036,0.5758964879852125
0.5818461933495955,0.8469444963558214,0.5758964879852125
0.5818461933495955,0.8471028037383178,0.5758964879852125
0.5818461933495955,0.8472611703122079,0.5758964879852125
0.5818461933495955,0.8474195961106956,0.5758964879852125
0.5817178071639492,0.8473910604077053,0.5758964879852125
0.5815894209783027,0.8473625140291807,0.5758964879852125
0.5814610347926563,0.84733395696913,0.5758964879852125
0.5814610347926563,0.8474925149700598,0.5758964879852125
0.5813326486070098,0.8474639715515628,0.5758964879852125
0.5813326486070098,0.8476226132534631,0.5758964879852125
0.5812042624213635,0.8475940835049616,0.5758964879852125
0.5812042624213635,0.847752808988764,0.5758964879852125
0.5812042624213635,0.8479115939314479,0.5758964879852125
0.5812042624213635,0.8480704383664294,0.5758964879852125
0.581075876235717,0.8480419711448379,0.5758964879852125
0.5809474900500706,0.8480134932533733,0.5758964879852125
0.5808191038644241,0.8479850046860357,0.5758964879852125
0.5808191038644241,0.8481439820022497,0.5758964879852125
0.5808191038644241,0.8483030189386837,0.5758964879852125
0.5808191038644241,0.8484621155288822,0.5758964879852125
0.5808191038644241,0.8486212718064153,0.5758964879852125
0.5808191038644241,0.848780487804878,0.5758964879852125
0.5808191038644241,0.8489397635578908,0.5758964879852125
0.5808191038644241,0.8490990990990991,0.5758964879852125
0.5806907176787778,0.8492301915133308,0.5758964879852125
0.5805623314931313,0.8492018779342723,0.5758964879852125
0.5804339453074849,0.8491735537190083,0.5758964879852125
0.5803055591218385,0.8491452188615443,0.5758964879852125
0.5803055591218385,0.849304772641864,0.5758964879852125
0.5801771729361921,0.8492764517947754,0.5758964879852125
0.5800487867505456,0.8492481203007519,0.5758964879852125
0.5799204005648992,0.8492197781537884,0.5758964879852125
0.5797920143792528,0.8491914253478752,0.5758964879852125
0.5796636281936064,0.8491630618769983,0.5758964879852125
0.5795352420079599,0.8491346877351392,0.5758964879852125
0.5795352420079599,0.8492944496707432,0.5758964879852125
0.5794068558223135,0.8492660895747083,0.5758964879852125
0.5794068558223135,0.8494259363824581,0.5758964879852125
0.5792784696366671,0.8493975903614458,0.5758964879852125
0.5791500834510207,0.8493692336659763,0.5758964879852125
0.5791500834510207,0.8495291902071563,0.5758964879852125
0.5791500834510207,0.8496892070069693,0.5758964879852125
0.5791500834510207,0.8498492840994725,0.5758964879852125
0.5790216972653742,0.8499811534112326,0.5758964879852125
0.5788933110797279,0.8499528746465599,0.5758964879852125
0.5788933110797279,0.8501131221719457,0.5758964879852125
0.5788933110797279,0.8502734301338865,0.5758964879852125
0.5788933110797279,0.8504337985665786,0.5758964879852125
0.5787649248940814,0.8504055838521034,0.5758964879852125
0.578636538708435,0.8503773584905661,0.5758964879852125
0.5785081525227885,0.8503491224759389,0.5758964879852125
0.5783797663371422,0.8503208758021895,0.5758964879852125
0.5783797663371422,0.8504814045686238,0.5758964879852125
0.5783797663371422,0.8506419939577039,0.5758964879852125
0.5782513801514957,0.8506137865911237,0.5758964879852125
0.5781229939658493,0.8505855685681905,0.5758964879852125
0.5781229939658493,0.8507462686567164,0.5758964879852125
0.5781229939658493,0.8509070294784581,0.5758964879852125
0.5779946077802028,0.8508788508788508,0.5758964879852125
0.5778662215945565,0.8508506616257089,0.5758964879852125
0.5778662215945565,0.8510115333711477,0.5758964879852125
0.5778662215945565,0.8511724659606656,0.5758964879852125
0.5778662215945565,0.8513334594287876,0.5758964879852125
0.5778662215945565,0.8514945138100644,0.5758964879852125
0.5778662215945565,0.8516556291390729,0.5758964879852125
0.5778662215945565,0.8518168054504164,0.5758964879852125
0.57773783540891,0.8517887563884157,0.5758964879852125
0.57773783540891,0.8519500189322227,0.5758964879852125
0.57773783540891,0.8521113425487598,0.5758964879852125
0.57773783540891,0.8522727272727273,0.5758964879852125
0.57773783540891,0.8524341731388521,0.5758964879852125
0.5776094492232636,0.85240621447518,0.5758964879852125
0.5774810630376171,0.8523782452150843,0.5758964879852125
0.5774810630376171,0.8525398028809704,0.5758964879852125
0.5773526768519708,0.8525118483412323,0.5758964879852125
0.5773526768519708,0.8526734926052332,0.5758964879852125
0.5772242906663243,0.8526455528162337,0.5758964879852125
0.5772242906663243,0.8528072837632777,0.5758964879852125
0.5772242906663243,0.8529690760766458,0.5758964879852125
0.5770959044806778,0.8529411764705882,0.5758964879852125
0.5769675182950315,0.8529132662744354,0.5758964879852125
0.5769675182950315,0.8530751708428246,0.5758964879852125
0.576839132109385,0.8530472754888931,0.5758964879852125
0.5767107459237386,0.8530193695404482,0.5758964879852125
0.5765823597380921,0.852991452991453,0.5758964879852125
0.5764539735524458,0.8529635258358662,0.5758964879852125
0.5764539735524458,0.853125593767813,0.5758964879852125
0.5763255873667993,0.8530976814899278,0.5758964879852125
0.5763255873667993,0.8532598365329785,0.5758964879852125
0.5763255873667993,0.8534220532319392,0.5758964879852125
0.5763255873667993,0.8535843316219813,0.5758964879852125
0.5761972011811529,0.8535564853556485,0.5758964879852125
0.5760688149955064,0.8535286284953395,0.5758964879852125
0.5759404288098601,0.8535007610350076,0.5758964879852125
0.5759404288098601,0.8536631779257849,0.5758964879852125
0.5759404288098601,0.853825656642558,0.5758964879852125
0.5759404288098601,0.8539881972206358,0.5758964879852125
0.5758120426242136,0.8539603960396039,0.5758964879852125
0.5756836564385672,0.8539325842696629,0.5758964879852125
0.5755552702529207,0.8539047619047619,0.5758964879852125
0.5755552702529207,0.8540674414174129,0.5758964879852125
0.5754268840672744,0.8540396341463414,0.5758964879852125
0.5754268840672744,0.8542024013722127,0.5758964879852125
0.5752984978816279,0.854174609226077,0.5758964879852125
0.5751701116959815,0.8541468064823642,0.5758964879852125
0.5751701116959815,0.8543096872616324,0.5758964879852125
0.5751701116959815,0.8544726301735648,0.5758964879852125
0.5750417255103351,0.8544448683708509,0.5758964879852125
0.5749133393246887,0.8544170959740508,0.5758964879852125
0.5747849531390422,0.8543893129770992,0.5758964879852125
0.5746565669533958,0.8543615193739263,0.5758964879852125
0.5745281807677494,0.8543337151584575,0.5758964879852125
0.5745281807677494,0.8544968493412259,0.5758964879852125
0.574399794582103,0.8544690603514133,0.5758964879852125
0.574399794582103,0.8546322827125119,0.5758964879852125
0.5742714083964565,0.8546045089797478,0.5758964879852125
0.5742714083964565,0.8547678196063444,0.5758964879852125
0.5742714083964565,0.8549311926605505,0.5758964879852125
0.5742714083964565,0.8550946281781686,0.5758964879852125
0.5742714083964565,0.8552581261950287,0.5758964879852125
0.5742714083964565,0.8554216867469879,0.5758964879852125
0.5741430222108101,0.8553940321346595,0.5758964879852125
0.5741430222108101,0.8555576812703272,0.5758964879852125
0.5741430222108101,0.8557213930348259,0.5758964879852125
0.5740146360251637,0.8556937799043062,0.5758964879852125
0.5738862498395173,0.8556661562021439,0.5758964879852125
0.5738862498395173,0.8558299827685238,0.5758964879852125
0.5737578636538708,0.8558023745691306,0.5758964879852125
0.5736294774682245,0.8557747557939092,0.5758964879852125
0.573501091282578,0.8557471264367816,0.5758964879852125
0.5733727050969316,0.8557194864916651,0.5758964879852125
0.5732443189112851,0.8556918359524722,0.5758964879852125
0.5731159327256388,0.855664174813111,0.5758964879852125
0.5731159327256388,0.8558282208588958,0.5758964879852125
0.5731159327256388,0.8559923298178331,0.5758964879852125
0.5729875465399923,0.8559647103950901,0.5758964879852125
0.5729875465399923,0.8561289084979858,0.5758964879852125
0.5729875465399923,0.8562931696085956,0.5758964879852125
0.5729875465399923,0.8564574937631932,0.5758964879852125
0.5728591603543459,0.8564299424184261,0.5758964879852125
0.5728591603543459,0.8565943559224419,0.5758964879852125
0.5727307741686994,0.8565668202764977,0.5758964879852125
0.5727307741686994,0.856731323218744,0.5758964879852125
0.5726023879830531,0.8567038033038802,0.5758964879852125
0.5724740017974066,0.8566762728146013,0.5758964879852125
0.5723456156117602,0.8566487317448117,0.5758964879852125
0.5723456156117602,0.8568133768979435,0.5758964879852125
0.5723456156117602,0.8569780853517878,0.5758964879852125
0.5723456156117602,0.8571428571428571,0.5758964879852125
0.5723456156117602,0.8573076923076923,0.5758964879852125
0.5723456156117602,0.8574725908828621,0.5758964879852125
0.5722172294261137,0.8574451712196999,0.5758964879852125
0.5722172294261137,0.8576101597075235,0.5758964879852125
0.5720888432404673,0.8575827559661278,0.5758964879852125
0.5720888432404673,0.857747834456208,0.5758964879852125
0.5719604570548209,0.8577204466692337,0.5758964879852125
0.5718320708691744,0.8576930483342962,0.5758964879852125
0.5718320708691744,0.8578582434514638,0.5758964879852125
0.5718320708691744,0.8580235022153727,0.5758964879852125
0.5718320708691744,0.8581888246628131,0.5758964879852125
0.5718320708691744,0.8583542108306031,0.5758964879852125
0.5717036846835281,0.8583269082498073,0.5758964879852125
0.5715752984978816,0.8582995951417004,0.5758964879852125
0.5714469123122352,0.8582722715001928,0.5758964879852125
0.5713185261265887,0.8582449373191899,0.5758964879852125
0.5713185261265887,0.8584104938271605,0.5758964879852125
0.5711901399409424,0.8583831757669304,0.5758964879852125
0.5711901399409424,0.8585488228483211,0.5758964879852125
0.5710617537552959,0.8585215209419031,0.5758964879852125
0.5709333675696495,0.8584942084942085,0.5758964879852125
0.5709333675696495,0.8586599729677544,0.5758964879852125
0.570804981384003,0.8586326767091541,0.5758964879852125
0.5706765951983567,0.8586053699053506,0.5758964879852125
0.5705482090127102,0.8585780525502318,0.5758964879852125
0.5704198228270638,0.8585507246376811,0.5758964879852125
0.5704198228270638,0.8587166602241979,0.5758964879852125
0.5702914366414173,0.8586893485404987,0.5758964879852125
0.570163050455771,0.858662026295437,0.5758964879852125
0.570163050455771,0.8588280796751112,0.5758964879852125
0.5700346642701245,0.8588007736943907,0.5758964879852125
0.5699062780844781,0.8587734571483846,0.5758964879852125
0.5699062780844781,0.8589396284829721,0.5758964879852125
0.5699062780844781,0.8591058641377975,0.5758964879852125
0.5697778918988317,0.8590785907859079,0.5758964879852125
0.5697778918988317,0.859244917715392,0.5758964879852125
0.5697778918988317,0.8594113090627421,0.5758964879852125
0.5697778918988317,0.8595777648653884,0.5758964879852125
0.5697778918988317,0.8597442851607904,0.5758964879852125
0.5697778918988317,0.8599108699864367,0.5758964879852125
0.5696495057131853,0.8598837209302326,0.5758964879852125
0.5695211195275388,0.8598565613490987,0.5758964879852125
0.5693927333418924,0.8598293912369135,0.5758964879852125
0.5693927333418924,0.8599961217762265,0.5758964879852125
0.5693927333418924,0.8601629169899146,0.5758964879852125
0.569264347156246,0.8601357904946654,0.5758964879852125
0.569264347156246,0.860302677532014,0.5758964879852125
0.569264347156246,0.8606366459627329,0.5758964879852125
0.569264347156246,0.8608037274315666,0.5758964879852125
0.569264347156246,0.8609708737864078,0.5758964879852125
0.5691359609705996,0.8609438725966208,0.5758964879852125
0.5691359609705996,0.8611111111111112,0.5758964879852125
0.5690075747849531,0.8610841266757334,0.5758964879852125
0.5688791885993068,0.8610571317528177,0.5758964879852125
0.5687508024136603,0.8610301263362488,0.5758964879852125
0.5686224162280139,0.8610031104199067,0.5758964879852125
0.5686224162280139,0.8611705230410266,0.5758964879852125
0.5684940300423674,0.8611435239206534,0.5758964879852125
0.5684940300423674,0.8613110289826882,0.5758964879852125
0.5683656438567211,0.861284046692607,0.5758964879852125
0.5681088714854282,0.8612300506033476,0.5758964879852125
0.5681088714854282,0.8613977029394588,0.5758964879852125
0.5679804852997817,0.8613707165109035,0.5758964879852125
0.5679804852997817,0.8615384615384616,0.5758964879852125
0.5679804852997817,0.8617062719127386,0.5758964879852125
0.5679804852997817,0.8618741476719267,0.5758964879852125
0.5679804852997817,0.8620420888542478,0.5758964879852125
0.5678520991141354,0.8620152017150653,0.5758964879852125
0.5677237129284889,0.8619883040935673,0.5758964879852125
0.5677237129284889,0.8621563657633067,0.5758964879852125
0.5675953267428425,0.8621294851794071,0.5758964879852125
0.5675953267428425,0.8622976399453872,0.5758964879852125
0.5675953267428425,0.8624658603199375,0.5758964879852125
0.5675953267428425,0.8626341463414634,0.5758964879852125
0.567466940557196,0.862607338017174,0.5758964879852125
0.567466940557196,0.8627757173531134,0.5758964879852125
0.567466940557196,0.8629441624365483,0.5758964879852125
0.5673385543715497,0.8629173989455184,0.5758964879852125
0.5673385543715497,0.8630859375,0.5758964879852125
0.5672101681859032,0.8630591912482907,0.5758964879852125
0.5672101681859032,0.8632278233685033,0.5758964879852125
0.5670817820002567,0.8632010943912448,0.5758964879852125
0.5670817820002567,0.8633698201720094,0.5758964879852125
0.5669533958146104,0.8633431085043989,0.5758964879852125
0.5669533958146104,0.8635119280406727,0.5758964879852125
0.5669533958146104,0.8636808136123606,0.5758964879852125
0.5668250096289639,0.8636541471048513,0.5758964879852125
0.5666966234433175,0.8636274701623948,0.5758964879852125
0.566568237257671,0.863600782778865,0.5758964879852125
0.5664398510720247,0.8635740849481307,0.5758964879852125
0.5663114648863782,0.8635473766640563,0.5758964879852125
0.5661830787007318,0.8635206579205013,0.5758964879852125
0.5661830787007318,0.863689776733255,0.5758964879852125
0.5660546925150853,0.8636630754162585,0.5758964879852125
0.5660546925150853,0.8638322884012539,0.5758964879852125
0.5660546925150853,0.8640015677052714,0.5758964879852125
0.5660546925150853,0.864340325426387,0.5758964879852125
0.5660546925150853,0.8645098039215686,0.5758964879852125
0.5660546925150853,0.8646793488919396,0.5758964879852125
0.565926306329439,0.864652805021577,0.5758964879852125
0.5657979201437925,0.8646262507357269,0.5758964879852125
0.5657979201437925,0.8647959183673469,0.5758964879852125
0.5657979201437925,0.8649656526005888,0.5758964879852125
0.5656695339581461,0.8649391440910875,0.5758964879852125
0.5655411477724996,0.8649126251718045,0.5758964879852125
0.5654127615868533,0.8648860958366065,0.5758964879852125
0.5652843754012068,0.8648595560793557,0.5758964879852125
0.5651559892155604,0.8648330058939097,0.5758964879852125
0.565027603029914,0.8648064452741206,0.5758964879852125
0.5648992168442676,0.8647798742138365,0.5758964879852125
0.5647708306586211,0.8647532927068999,0.5758964879852125
0.5647708306586211,0.8649233189146677,0.5758964879852125
0.5646424444729747,0.8648967551622418,0.5758964879852125
0.5645140582873283,0.8648701809598741,0.5758964879852125
0.5643856721016819,0.8648435963013968,0.5758964879852125
0.5642572859160354,0.8648170011806375,0.5758964879852125
0.564128899730389,0.864790395591419,0.5758964879852125
0.5640005135447426,0.864763779527559,0.5758964879852125
0.5638721273590962,0.8647371529828707,0.5758964879852125
0.5637437411734497,0.8647105159511619,0.5758964879852125
0.5636153549878034,0.864683868426236,0.5758964879852125
0.5634869688021569,0.8646572104018913,0.5758964879852125
0.5633585826165105,0.8646305418719212,0.5758964879852125
0.563230196430864,0.8646038628301143,0.5758964879852125
0.5631018102452177,0.8645771732702543,0.5758964879852125
0.5629734240595712,0.8645504731861199,0.5758964879852125
0.5628450378739248,0.8645237625714849,0.5758964879852125
0.5627166516882783,0.8644970414201183,0.5758964879852125
0.5627166516882783,0.8646675872953246,0.5758964879852125
0.5627166516882783,0.8648382004735596,0.5758964879852125
0.562588265502632,0.8648115255575292,0.5758964879852125
0.562588265502632,0.86498223450454,0.5758964879852125
0.5624598793169855,0.8649555774925962,0.5758964879852125
0.5624598793169855,0.8651263823064771,0.5758964879852125
0.5623314931313391,0.865099743235236,0.5758964879852125
0.5622031069456926,0.865073093638878,0.5758964879852125
0.5622031069456926,0.8652440229203715,0.5758964879852125
0.5620747207600462,0.8652173913043478,0.5758964879852125
0.5619463345743998,0.865190749159913,0.5758964879852125
0.5619463345743998,0.8653618030842231,0.5758964879852125
0.5619463345743998,0.8655329246588886,0.5758964879852125
0.5619463345743998,0.8657041139240507,0.5758964879852125
0.5619463345743998,0.8658753709198813,0.5758964879852125
0.5619463345743998,0.8660466956865849,0.5758964879852125
0.5618179483887533,0.8660201860281022,0.5758964879852125
0.561689562203107,0.865993665874901,0.5758964879852125
0.561689562203107,0.8661651158186497,0.5758964879852125
0.5615611760174605,0.8661386138613861,0.5758964879852125
0.5614327898318141,0.8661121014062191,0.5758964879852125
0.5613044036461676,0.8660855784469097,0.5758964879852125
0.5611760174605213,0.8660590449772142,0.5758964879852125
0.5610476312748748,0.8660325009908839,0.5758964879852125
0.5610476312748748,0.8662041625371655,0.5758964879852125
0.5609192450892284,0.8661776367961935,0.5758964879852125
0.5609192450892284,0.8663493952012691,0.5758964879852125
0.5607908589035819,0.8663228877429592,0.5758964879852125
0.5606624727179356,0.8662963697679031,0.5758964879852125
0.5604057003466427,0.8662433022425085,0.5758964879852125
0.5604057003466427,0.8664152441445018,0.5758964879852125
0.5602773141609962,0.866388723446496,0.5758964879852125
0.5602773141609962,0.8665607625099285,0.5758964879852125
0.5601489279753499,0.8665342601787488,0.5758964879852125
0.5601489279753499,0.8667063965037743,0.5758964879852125
0.5600205417897034,0.8666799125769918,0.5758964879852125
0.559892155604057,0.8666534181240063,0.5758964879852125
0.5597637694184106,0.866626913138541,0.5758964879852125
0.5597637694184106,0.8667992047713717,0.5758964879852125
0.5597637694184106,0.8669715649234441,0.5758964879852125
0.5596353832327642,0.866945107398568,0.5758964879852125
0.5595069970471177,0.8669186393475233,0.5758964879852125
0.5595069970471177,0.8670911261440509,0.5758964879852125
0.5593786108614713,0.8670646766169154,0.5758964879852125
0.5592502246758249,0.8670382165605095,0.5758964879852125
0.5591218384901785,0.8670117459685447,0.5758964879852125
0.558993452304532,0.8669852648347272,0.5758964879852125
0.558993452304532,0.8671579366660028,0.5758964879852125
0.558993452304532,0.8673306772908367,0.5758964879852125
0.5588650661188856,0.8673042438732815,0.5758964879852125
0.5587366799332392,0.867277799920287,0.5758964879852125
0.5587366799332392,0.8674506677297189,0.5758964879852125
0.5586082937475928,0.8674242424242424,0.5758964879852125
0.5584799075619463,0.8673978065802592,0.5758964879852125
0.5583515213763,0.8673713601914639,0.5758964879852125
0.5583515213763,0.8675443846000399,0.5758964879852125
0.5582231351906535,0.8675179569034318,0.5758964879852125
0.5580947490050071,0.8674915186589504,0.5758964879852125
0.5580947490050071,0.8676646706586826,0.5758964879852125
0.5579663628193606,0.8676382511479337,0.5758964879852125
0.5578379766337143,0.867611821086262,0.5758964879852125
0.5577095904480678,0.8675853804673457,0.5758964879852125
0.5575812042624214,0.8675589292848581,0.5758964879852125
0.5573244318911286,0.867505995203837,0.5758964879852125
0.5573244318911286,0.8676793923645812,0.5758964879852125
0.5571960457054821,0.8676529388244703,0.5758964879852125
0.5570676595198356,0.8676264747050589,0.5758964879852125
0.5570676595198356,0.8678,0.5758964879852125
0.5569392733341892,0.8677735547109422,0.5758964879852125
0.5569392733341892,0.8679471788715486,0.5758964879852125
0.5568108871485428,0.8679207524514709,0.5758964879852125
0.5566825009628964,0.8678943154523618,0.5758964879852125
0.5565541147772499,0.8678678678678678,0.5758964879852125
0.5564257285916036,0.8678414096916299,0.5758964879852125
0.5564257285916036,0.8680152213098338,0.5758964879852125
0.5562973424059571,0.867988782051282,0.5758964879852125
0.5562973424059571,0.8681626928471248,0.5758964879852125
0.5561689562203107,0.8681362725450902,0.5758964879852125
0.5560405700346642,0.8682838813151563,0.5758964879852125
0.5560405700346642,0.8684579907760176,0.5758964879852125
0.5559121838490179,0.8684316085038106,0.5758964879852125
0.5557837976633714,0.8684052156469408,0.5758964879852125
0.5557837976633714,0.8685794542536116,0.5758964879852125
0.5557837976633714,0.8687537627934979,0.5758964879852125
0.5557837976633714,0.8689281413087113,0.5758964879852125
0.555655411477725,0.868901826942381,0.5758964879852125
0.5555270252920785,0.8688755020080321,0.5758964879852125
0.5553986391064322,0.868849166499297,0.5758964879852125
0.5552702529207857,0.8688228204098032,0.5758964879852125
0.5552702529207857,0.8689973879847298,0.5758964879852125
0.5551418667351393,0.8689710610932476,0.5758964879852125
0.5550134805494928,0.8689447236180905,0.5758964879852125
0.5550134805494928,0.8691194209891435,0.5758964879852125
0.5548850943638465,0.8690931027548763,0.5758964879852125
0.5548850943638465,0.8692679002413516,0.5758964879852125
0.5547567081782,0.8694164989939638,0.5758964879852125
0.5547567081782,0.8695914670959952,0.5758964879852125
0.5546283219925536,0.8695652173913043,0.5758964879852125
0.5544999358069072,0.869538957116972,0.5758964879852125
0.5544999358069072,0.8697140555779299,0.5758964879852125
0.5544999358069072,0.869889224572004,0.5758964879852125
0.5543715496212608,0.8698630136986302,0.5758964879852125
0.5542431634356143,0.8698367922627444,0.5758964879852125
0.5541147772499679,0.8698105602579606,0.5758964879852125
0.5541147772499679,0.869985889941544,0.5758964879852125
0.5539863910643215,0.8699596774193549,0.5758964879852125
0.5538580048786751,0.8699334543254689,0.5758964879852125
0.5537296186930286,0.8700827113173291,0.5758964879852125
0.5537296186930286,0.8702582728006457,0.5758964879852125
0.5537296186930286,0.8704339051463168,0.5758964879852125
0.5536012325073822,0.870407751312071,0.5758964879852125
0.5534728463217358,0.87038158691702,0.5758964879852125
0.5533444601360894,0.8703554119547657,0.5758964879852125
0.5532160739504429,0.8703292264189053,0.5758964879852125
0.5532160739504429,0.8705050505050506,0.5758964879852125
0.5530876877647966,0.8704788846231561,0.5758964879852125
0.5530876877647966,0.8706548100242523,0.5758964879852125
0.5529593015791501,0.8706286638366687,0.5758964879852125
0.5529593015791501,0.8708046906591185,0.5758964879852125
0.5529593015791501,0.8709807886754297,0.5758964879852125
0.5529593015791501,0.8711569579288025,0.5758964879852125
0.5529593015791501,0.8713331984624721,0.5758964879852125
0.5529593015791501,0.8715095103197086,0.5758964879852125
0.5529593015791501,0.8716858935438171,0.5758964879852125
0.5529593015791501,0.8718623481781377,0.5758964879852125
0.5529593015791501,0.8720388742660458,0.5758964879852125
0.5528309153935037,0.8720129607128392,0.5758964879852125
0.5527025292078572,0.872163695299838,0.5758964879852125
0.5524457568365644,0.872111876773409,0.5758964879852125
0.5524457568365644,0.8722886681532536,0.5758964879852125
0.5524457568365644,0.8724655312246553,0.5758964879852125
0.552317370650918,0.8724396674102616,0.5758964879852125
0.552317370650918,0.8726166328600405,0.5758964879852125
0.552317370650918,0.8727936701156421,0.5758964879852125
0.5521889844652715,0.8727678571428571,0.5758964879852125
0.5521889844652715,0.8729449969555511,0.5758964879852125
0.5520605982796251,0.8729192042224929,0.5758964879852125
0.5520605982796251,0.8730964467005076,0.5758964879852125
0.5519322120939787,0.8730706742485784,0.5758964879852125
0.5518038259083322,0.8730448913264269,0.5758964879852125
0.5518038259083322,0.8732222673709874,0.5758964879852125
0.5516754397226858,0.8731965047754522,0.5758964879852125
0.5515470535370394,0.8731707317073171,0.5758964879852125
0.5515470535370394,0.8733482415125026,0.5758964879852125
0.551418667351393,0.8733224888165921,0.5758964879852125
0.5512902811657465,0.8732967256457189,0.5758964879852125
0.5512902811657465,0.8734743694060212,0.5758964879852125
0.5512902811657465,0.8736520854526958,0.5758964879852125
0.5512902811657465,0.8738298738298739,0.5758964879852125
0.5512902811657465,0.874007734581722,0.5758964879852125
0.5512902811657465,0.874185667752443,0.5758964879852125
0.5512902811657465,0.8743636733862757,0.5758964879852125
0.5512902811657465,0.8745417515274949,0.5758964879852125
0.5512902811657465,0.8747199022204115,0.5758964879852125
0.5512902811657465,0.8748981255093724,0.5758964879852125
0.5512902811657465,0.875076421438761,0.5758964879852125
0.5512902811657465,0.8752547900529963,0.5758964879852125
0.5511618949801002,0.8752293577981651,0.5758964879852125
0.5510335087944537,0.8752039151712887,0.5758964879852125
0.5510335087944537,0.8753824189271875,0.5758964879852125
0.5509051226088073,0.8753569971440228,0.5758964879852125
0.5509051226088073,0.8755356049785759,0.5758964879852125
0.5509051226088073,0.8757142857142857,0.5758964879852125
0.5507767364231608,0.8756889161053276,0.5758964879852125
0.5506483502375145,0.8756635361371988,0.5758964879852125
0.5506483502375145,0.8758423524606902,0.5758964879852125
0.5506483502375145,0.8760212418300654,0.5758964879852125
0.5506483502375145,0.8762002042900919,0.5758964879852125
0.550519964051868,0.8761749080506743,0.5758964879852125
0.550519964051868,0.8763539750664214,0.5758964879852125
0.5503915778662216,0.8763286999182338,0.5758964879852125
0.5502631916805751,0.876303414434676,0.5758964879852125
0.5501348054949288,0.876278118609407,0.5758964879852125
0.5500064193092823,0.876252812436081,0.5758964879852125
0.5498780331236359,0.8762274959083469,0.5758964879852125
0.5497496469379894,0.8762021690198486,0.5758964879852125
0.5496212607523431,0.8761768317642243,0.5758964879852125
0.5494928745666966,0.8761514841351075,0.5758964879852125
0.5494928745666966,0.8763308763308764,0.5758964879852125
0.5494928745666966,0.876510342002867,0.5758964879852125
0.5493644883810502,0.8764850471118394,0.5758964879852125
0.5493644883810502,0.8766646179061668,0.5758964879852125
0.5492361021954038,0.8766393442622951,0.5758964879852125
0.5492361021954038,0.8768190202910432,0.5758964879852125
0.5491077160097574,0.8767937679376794,0.5758964879852125
0.5489793298241109,0.8767685052286242,0.5758964879852125
0.5488509436384645,0.8767432321575062,0.5758964879852125
0.5488509436384645,0.8769230769230769,0.5758964879852125
0.5487225574528181,0.8768978251949118,0.5758964879852125
0.5485941712671717,0.8768725631028114,0.5758964879852125
0.5483373988958788,0.8768220078012728,0.5758964879852125
0.5483373988958788,0.8770020533880903,0.5758964879852125
0.5483373988958788,0.8771821729307866,0.5758964879852125
0.5483373988958788,0.8773623664749384,0.5758964879852125
0.5482090127102324,0.8773371686870762,0.5758964879852125
0.548080626524586,0.8773119605425401,0.5758964879852125
0.5479522403389395,0.8772867420349435,0.5758964879852125
0.5479522403389395,0.8774671052631579,0.5758964879852125
0.5479522403389395,0.8776475426691343,0.5758964879852125
0.5479522403389395,0.8778280542986425,0.5758964879852125
0.5478238541532932,0.8778029212096277,0.5758964879852125
0.5476954679676467,0.8777777777777778,0.5758964879852125
0.5476954679676467,0.8779584276600123,0.5758964879852125
0.5476954679676467,0.8781391519143681,0.5758964879852125
0.5476954679676467,0.8783199505867819,0.5758964879852125
0.5475670817820003,0.8782948929159803,0.5758964879852125
0.5474386955963538,0.8784507622579316,0.5758964879852125
0.5474386955963538,0.8786317741603132,0.5758964879852125
0.5473103094107075,0.8786067600989282,0.5758964879852125
0.547181923225061,0.8785817357245929,0.5758964879852125
0.547181923225061,0.8787628865979381,0.5758964879852125
0.547181923225061,0.87894411218808,0.5758964879852125
0.5470535370394145,0.8789191419141914,0.5758964879852125
0.5467967646681217,0.8788691704498556,0.5758964879852125
0.5465399922968288,0.8788191577208918,0.5758964879852125
0.5465399922968288,0.8790006194507537,0.5758964879852125
0.5464116061111824,0.8789756299049979,0.5758964879852125
0.5464116061111824,0.8791571989258418,0.5758964879852125
0.546283219925536,0.8791322314049587,0.5758964879852125
0.5461548337398896,0.8791072535647861,0.5758964879852125
0.5460264475542431,0.8790822653989252,0.5758964879852125
0.5460264475542431,0.8792640066156708,0.5758964879852125
0.5458980613685968,0.8794208893485005,0.5758964879852125
0.5456412889973039,0.8795529801324503,0.5758964879852125
0.5456412889973039,0.8799171842650103,0.5758964879852125
0.5455129028116574,0.8798923172499482,0.5758964879852125
0.5455129028116574,0.8800745650372825,0.5758964879852125
0.5453845166260111,0.8800497203231821,0.5758964879852125
0.5452561304403646,0.8800248653128885,0.5758964879852125
0.5451277442547182,0.88,0.5758964879852125
0.5451277442547182,0.8801824212271974,0.5758964879852125
0.5451277442547182,0.8803649181007671,0.5758964879852125
0.5451277442547182,0.8805474906677727,0.5758964879852125
0.5451277442547182,0.8807301389753164,0.5758964879852125
0.5451277442547182,0.8809128630705394,0.5758964879852125
0.5449993580690717,0.8810709838107098,0.5758964879852125
0.5448709718834254,0.8810462943740918,0.5758964879852125
0.5448709718834254,0.8812292358803987,0.5758964879852125
0.5447425856977789,0.8812045690550363,0.5758964879852125
0.5447425856977789,0.8813876194432904,0.5758964879852125
0.5447425856977789,0.8815707458965303,0.5758964879852125
0.5447425856977789,0.8817539484621779,0.5758964879852125
0.5447425856977789,0.8819372271876948,0.5758964879852125
0.5446141995121325,0.8819126819126819,0.5758964879852125
0.544485813326486,0.8818881264296111,0.5758964879852125
0.544485813326486,0.882071547420965,0.5758964879852125
0.5443574271408397,0.8820470147701269,0.5758964879852125
0.5442290409551932,0.8820224719101124,0.5758964879852125
0.5442290409551932,0.8822060353798127,0.5758964879852125
0.5441006547695468,0.8821815154038302,0.5758964879852125
0.5441006547695468,0.8823651884239018,0.5758964879852125
0.5441006547695468,0.882548937942524,0.5758964879852125
0.5439722685839004,0.8825244740679026,0.5758964879852125
0.543843882398254,0.8825,0.5758964879852125
0.5437154962126075,0.8824755157324442,0.5758964879852125
0.5437154962126075,0.8826594414339308,0.5758964879852125
0.5435871100269611,0.8826349801959558,0.5758964879852125
0.5435871100269611,0.8828190158465388,0.5758964879852125
0.5434587238413147,0.8827945776850886,0.5758964879852125
0.5434587238413147,0.8829787234042553,0.5758964879852125
0.5433303376556683,0.8829543083663676,0.5758964879852125
0.5432019514700218,0.8829298831385642,0.5758964879852125
0.5430735652843754,0.8829054477144647,0.5758964879852125
0.5430735652843754,0.8830897703549061,0.5758964879852125
0.542945179098729,0.8830653581123408,0.5758964879852125
0.5428167929130826,0.8830409356725146,0.5758964879852125
0.5426884067274361,0.883016503029037,0.5758964879852125
0.5426884067274361,0.8832010029251985,0.5758964879852125
0.5425600205417898,0.8831765935214211,0.5758964879852125
0.5425600205417898,0.8833612040133779,0.5758964879852125
0.5424316343561433,0.8833368178967176,0.5758964879852125
0.5424316343561433,0.883521539104977,0.5758964879852125
0.5424316343561433,0.883706337586279,0.5758964879852125
0.5424316343561433,0.8838912133891214,0.5758964879852125
0.5423032481704969,0.8838669177652229,0.5758964879852125
0.5423032481704969,0.8840519045625785,0.5758964879852125
0.5421748619848504,0.8840276324052753,0.5758964879852125
0.542046475799204,0.8840033500837521,0.5758964879852125
0.5419180896135576,0.883979057591623,0.5758964879852125
0.5419180896135576,0.8841642228739003,0.5758964879852125
0.5417897034279111,0.8841399539073957,0.5758964879852125
0.5416613172422647,0.8841156747694887,0.5758964879852125
0.5416613172422647,0.8843009851184238,0.5758964879852125
0.5415329310566183,0.8842767295597485,0.5758964879852125
0.5414045448709719,0.884252463828895,0.5758964879852125
0.5412761586853254,0.8842281879194631,0.5758964879852125
0.541147772499679,0.8842039018250472,0.5758964879852125
0.5410193863140326,0.8841796055392362,0.5758964879852125
0.5408910001283862,0.8841552990556139,0.5758964879852125
0.5408910001283862,0.8843408900083963,0.5758964879852125
0.5408910001283862,0.8845265588914549,0.5758964879852125
0.5407626139427397,0.884502309953801,0.5758964879852125
0.5406342277570934,0.8844780508296576,0.5758964879852125
0.5405058415714469,0.884453781512605,0.5758964879852125
0.5403774553858005,0.8844295019962177,0.5758964879852125
0.540249069200154,0.8844052122740648,0.5758964879852125
0.540249069200154,0.8845911288627286,0.5758964879852125
0.5401206830145077,0.8845668629100084,0.5758964879852125
0.5401206830145077,0.8847528916929548,0.5758964879852125
0.5401206830145077,0.8849389987379049,0.5758964879852125
0.5399922968288612,0.8849147906585314,0.5758964879852125
0.5399922968288612,0.88510101010101,0.5758964879852125
0.5399922968288612,0.8852873079351715,0.5758964879852125
0.5398639106432148,0.8852631578947369,0.5758964879852125
0.5398639106432148,0.8854495683301747,0.5758964879852125
0.5397355244575683,0.8854254422914911,0.5758964879852125
0.539607138271922,0.8854013060880556,0.5758964879852125
0.539607138271922,0.8855878634639697,0.5758964879852125
0.5394787520862755,0.885563751317176,0.5758964879852125
0.5393503659006291,0.885539629005059,0.5758964879852125
0.5393503659006291,0.8857263335441704,0.5758964879852125
0.5392219797149826,0.8857022353437368,0.5758964879852125
0.5392219797149826,0.8858890529424173,0.5758964879852125
0.5390935935293363,0.8858649789029536,0.5758964879852125
0.5390935935293363,0.8860519096855877,0.5758964879852125
0.5389652073436898,0.8860278598564796,0.5758964879852125
0.5389652073436898,0.8862149039476462,0.5758964879852125
0.5389652073436898,0.886402027027027,0.5758964879852125
0.5388368211580434,0.8863780359028511,0.5758964879852125
0.5388368211580434,0.8865652724968315,0.5758964879852125
0.5388368211580434,0.8867525882104373,0.5758964879852125
0.538708434972397,0.8867286559594252,0.5758964879852125
0.538708434972397,0.8869160853942084,0.5758964879852125
0.538708434972397,0.8871035940803382,0.5758964879852125
0.5385800487867506,0.8870797208712201,0.5758964879852125
0.5384516626011041,0.8870558375634517,0.5758964879852125
0.5384516626011041,0.8872434948170087,0.5758964879852125
0.5384516626011041,0.8874312314853999,0.5758964879852125
0.5384516626011041,0.8876190476190476,0.5758964879852125
0.5383232764154577,0.8875952582557155,0.5758964879852125
0.5383232764154577,0.8877831886512809,0.5758964879852125
0.5381948902298113,0.8877594239728929,0.5758964879852125
0.5380665040441649,0.8877356492268588,0.5758964879852125
0.5380665040441649,0.8879237288135593,0.5758964879852125
0.5379381178585184,0.8878999788090697,0.5758964879852125
0.537809731672872,0.8878762187367528,0.5758964879852125
0.5376813454872256,0.8878524485902056,0.5758964879852125
0.5376813454872256,0.8880407124681934,0.5758964879852125
0.5375529593015792,0.888016967126193,0.5758964879852125
0.5375529593015792,0.888205345778532,0.5758964879852125
0.5375529593015792,0.888393804370889,0.5758964879852125
0.5375529593015792,0.8885823429541596,0.5758964879852125
0.5374245731159327,0.888558692421991,0.5758964879852125
0.5374245731159327,0.8887473460721869,0.5758964879852125
0.5372961869302862,0.8887237205351455,0.5758964879852125
0.5371678007446399,0.8887000849617672,0.5758964879852125
0.5370394145589934,0.8886764393456554,0.5758964879852125
0.5370394145589934,0.8888652783680407,0.5758964879852125
0.5370394145589934,0.8890541976620616,0.5758964879852125
0.5370394145589934,0.8892431972789115,0.5758964879852125
0.536911028373347,0.8892196470338082,0.5758964879852125
0.5367826421877006,0.8891960867715866,0.5758964879852125
0.5366542560020542,0.889172516485854,0.5758964879852125
0.5365258698164077,0.8891489361702127,0.5758964879852125
0.5363974836307613,0.8891253458182592,0.5758964879852125
0.5363974836307613,0.8893146019582802,0.5758964879852125
0.5362690974451149,0.8892910368320205,0.5758964879852125
0.5361407112594685,0.889267461669506,0.5758964879852125
0.536012325073822,0.8892438764643238,0.5758964879852125
0.5358839388881756,0.8892202812100554,0.5758964879852125
0.5358839388881756,0.8894097592158534,0.5758964879852125
0.5357555527025292,0.889386189258312,0.5758964879852125
0.5356271665168828,0.8893626092517587,0.5758964879852125
0.5354987803312363,0.8893390191897654,0.5758964879852125
0.53537039414559,0.889315419065899,0.5758964879852125
0.5351136217742971,0.8892681886067847,0.5758964879852125
0.5349852355886506,0.8892445582586428,0.5758964879852125
0.5348568494030043,0.8892209178228389,0.5758964879852125
0.5347284632173578,0.889197267292912,0.5758964879852125
0.5346000770317114,0.8891736066623959,0.5758964879852125
0.5344716908460649,0.8891499359248185,0.5758964879852125
0.5343433046604186,0.8891262550737022,0.5758964879852125
0.5342149184747721,0.889102564102564,0.5758964879852125
0.5340865322891257,0.8890788630049156,0.5758964879852125
0.5339581461034792,0.8890551517742625,0.5758964879852125
0.5339581461034792,0.8892452426769296,0.5758964879852125
0.5339581461034792,0.8894354148845167,0.5758964879852125
0.5338297599178329,0.8894117647058823,0.5758964879852125
0.5337013737321864,0.8893881044073598,0.5758964879852125
0.53357298754654,0.8893644339824524,0.5758964879852125
0.53357298754654,0.889554794520548,0.5758964879852125
0.5334446013608936,0.8897216274089935,0.5758964879852125
0.5334446013608936,0.8899121867637609,0.5758964879852125
0.5333162151752472,0.8898886032562126,0.5758964879852125
0.5331878289896007,0.8898650096421684,0.5758964879852125
0.5331878289896007,0.8900557222460351,0.5758964879852125
0.5330594428039543,0.890032154340836,0.5758964879852125
0.5329310566183079,0.8900085763293311,0.5758964879852125
0.5328026704326615,0.8899849882050183,0.5758964879852125
0.532674284247015,0.88996138996139,0.5758964879852125
0.5325458980613686,0.889937781591933,0.5758964879852125
0.5324175118757222,0.8899141630901287,0.5758964879852125
0.5322891256900757,0.8898905344494527,0.5758964879852125
0.5321607395044293,0.8898668956633748,0.5758964879852125
0.5321607395044293,0.8900579772385656,0.5758964879852125
0.5320323533187828,0.8900343642611683,0.5758964879852125
0.5319039671331365,0.8900107411385607,0.5758964879852125
0.53177558094749,0.8899871078642029,0.5758964879852125
0.5316471947618436,0.8899634644315495,0.5758964879852125
0.5315188085761972,0.8899398108340498,0.5758964879852125
0.5315188085761972,0.8901311545904107,0.5758964879852125
0.5313904223905508,0.8901075268817205,0.5758964879852125
0.5312620362049043,0.8900838890083889,0.5758964879852125
0.5311336500192579,0.8900602409638554,0.5758964879852125
0.5310052638336115,0.8900365827415537,0.5758964879852125
0.5308768776479651,0.8900129143349117,0.5758964879852125
0.5307484914623186,0.889989235737352,0.5758964879852125
0.5306201052766722,0.8899655469422911,0.5758964879852125
0.5304917190910258,0.8899418479431402,0.5758964879852125
0.5302349467197329,0.889894419306184,0.5758964879852125
0.5301065605340866,0.8898706896551725,0.5758964879852125
0.5299781743484401,0.8898469497736581,0.5758964879852125
0.5298497881627937,0.8898231996550238,0.5758964879852125
0.5297214019771472,0.8897994392926462,0.5758964879852125
0.5295930157915009,0.8897756686798964,0.5758964879852125
0.5294646296058544,0.8897518878101403,0.5758964879852125
0.529336243420208,0.8897280966767371,0.5758964879852125
0.5292078572345615,0.8897042952730412,0.5758964879852125
0.5290794710489152,0.8896804835924007,0.5758964879852125
0.5290794710489152,0.8898725977110775,0.5758964879852125
0.5289510848632687,0.8898488120950324,0.5758964879852125
0.5288226986776223,0.8898250162022034,0.5758964879852125
0.5286943124919758,0.8898012100259292,0.5758964879852125
0.5286943124919758,0.8899935163172682,0.5758964879852125
0.5286943124919758,0.890185905750108,0.5758964879852125
0.5286943124919758,0.8903783783783784,0.5758964879852125
0.5285659263063295,0.8903546712802768,0.5758964879852125
0.5283091539350366,0.8903072263089572,0.5758964879852125
0.5281807677493902,0.8902834884224194,0.5758964879852125
0.5280523815637438,0.8902597402597403,0.5758964879852125
0.5279239953780973,0.8902359818142455,0.5758964879852125
0.5277956091924509,0.8902122130792551,0.5758964879852125
0.5276672230068045,0.8901884340480831,0.5758964879852125
0.5275388368211581,0.8901646447140381,0.5758964879852125
0.5274104506355116,0.8901408450704226,0.5758964879852125
0.5272820644498651,0.8901170351105332,0.5758964879852125
0.5271536782642188,0.8900932148276609,0.5758964879852125
0.5270252920785723,0.8900693842150911,0.5758964879852125
0.5268969058929259,0.8900455432661027,0.5758964879852125
0.5267685197072794,0.8900216919739696,0.5758964879852125
0.5266401335216331,0.8899978303319592,0.5758964879852125
0.5265117473359866,0.8899739583333334,0.5758964879852125
0.5263833611503402,0.8899500759713479,0.5758964879852125
0.5262549749646938,0.8899261832392531,0.5758964879852125
0.5261265887790474,0.8899022801302932,0.5758964879852125
0.5261265887790474,0.8900955690703736,0.5758964879852125
0.5259982025934009,0.8900716923745383,0.5758964879852125
0.5258698164077545,0.8900478053020426,0.5758964879852125
0.5257414302221081,0.8900239078461204,0.5758964879852125
0.5256130440364617,0.89,0.5758964879852125
0.5256130440364617,0.8901935203305066,0.5758964879852125
0.5254846578508152,0.8901696389734667,0.5758964879852125
0.5253562716651689,0.890145747226452,0.5758964879852125
0.5252278854795224,0.8901218450826806,0.5758964879852125
0.525099499293876,0.8900979325353645,0.5758964879852125
0.5249711131082295,0.8900740095777101,0.5758964879852125
0.5248427269225832,0.8900500762029174,0.5758964879852125
0.5247143407369367,0.8900261324041812,0.5758964879852125
0.5247143407369367,0.8902199956436506,0.5758964879852125
0.5245859545512903,0.8901960784313725,0.5758964879852125
0.5244575683656438,0.8901721507953803,0.5758964879852125
0.5244575683656438,0.8903661726242371,0.5758964879852125
0.5243291821799975,0.8903422716372357,0.5758964879852125
0.524200795994351,0.8903183602267771,0.5758964879852125
0.5240724098087046,0.8902944383860414,0.5758964879852125
0.5239440236230581,0.8902705061082025,0.5758964879852125
0.5238156374374118,0.8902465633864282,0.5758964879852125
0.5236872512517653,0.8902226102138804,0.5758964879852125
0.5235588650661189,0.8901986465837154,0.5758964879852125
0.5234304788804724,0.890174672489083,0.5758964879852125
0.5234304788804724,0.8903690762175147,0.5758964879852125
0.5233020926948261,0.8903451288772389,0.5758964879852125
0.5231737065091796,0.8903211710727551,0.5758964879852125
0.5230453203235332,0.8902972027972028,0.5758964879852125
0.5229169341378868,0.8902732240437159,0.5758964879852125
0.5227885479522404,0.890249234805422,0.5758964879852125
0.5226601617665939,0.8902252350754428,0.5758964879852125
0.5225317755809475,0.8902012248468941,0.5758964879852125
0.5224033893953011,0.8901772041128856,0.5758964879852125
0.5222750032096546,0.8901531728665207,0.5758964879852125
0.5222750032096546,0.8903479973736047,0.5758964879852125
0.5221466170240082,0.8903239929947461,0.5758964879852125
0.5220182308383617,0.890299978103788,0.5758964879852125
0.5220182308383617,0.8904949627682873,0.5758964879852125
0.5220182308383617,0.8906900328587075,0.5758964879852125
0.5220182308383617,0.8908851884312007,0.5758964879852125
0.5218898446527154,0.89086127547666,0.5758964879852125
0.5217614584670689,0.8908373520385796,0.5758964879852125
0.5217614584670689,0.8910326682745012,0.5758964879852125
0.5216330722814225,0.8910087719298245,0.5758964879852125
0.521504686095776,0.890984865101996,0.5758964879852125
0.521504686095776,0.8911803422553751,0.5758964879852125
0.5213762999101297,0.891156462585034,0.5758964879852125
0.5212479137244832,0.8911325724319579,0.5758964879852125
0.5211195275388368,0.8911086717892426,0.5758964879852125
0.5209911413531904,0.891084760649978,0.5758964879852125
0.5209911413531904,0.8912804744124753,0.5758964879852125
0.5209911413531904,0.8914762741652021,0.5758964879852125
0.520862755167544,0.8914524280377939,0.5758964879852125
0.5207343689818975,0.8914285714285715,0.5758964879852125
0.5206059827962511,0.8914047043306221,0.5758964879852125
0.5204775966106047,0.8913808267370272,0.5758964879852125
0.5204775966106047,0.8915768638662854,0.5758964879852125
0.5203492104249583,0.8915530136383634,0.5758964879852125
0.5203492104249583,0.8917491749174917,0.5758964879852125
0.5202208242393118,0.891725352112676,0.5758964879852125
0.5200924380536655,0.8917015188201629,0.5758964879852125
0.519964051868019,0.8916776750330251,0.5758964879852125
0.5198356656823726,0.8916538207443294,0.5758964879852125
0.5197072794967261,0.8916299559471366,0.5758964879852125
0.5197072794967261,0.8918263934787398,0.5758964879852125
0.5195788933110798,0.8918025561921551,0.5758964879852125
0.5194505071254333,0.8917787083976195,0.5758964879852125
0.5193221209397869,0.8917548500881834,0.5758964879852125
0.5191937347541404,0.8917309812568909,0.5758964879852125
0.5191937347541404,0.8919276576973975,0.5758964879852125
0.5190653485684941,0.8919038164570924,0.5758964879852125
0.5190653485684941,0.8921006178287731,0.5758964879852125
0.5189369623828476,0.8920768042374752,0.5758964879852125
0.5188085761972012,0.8920529801324504,0.5758964879852125
0.5186801900115547,0.8920291455067344,0.5758964879852125
0.5185518038259084,0.8920053003533569,0.5758964879852125
0.5184234176402619,0.8919814446653412,0.5758964879852125
0.5182950314546155,0.8919575784357048,0.5758964879852125
0.518166645268969,0.8919337016574586,0.5758964879852125
0.5180382590833227,0.8919098143236074,0.5758964879852125
0.5179098728976762,0.8918859164271501,0.5758964879852125
0.5179098728976762,0.8920831490490934,0.5758964879852125
0.5179098728976762,0.8922804689228047,0.5758964879852125
0.5177814867120298,0.8922566371681416,0.5758964879852125
0.5176531005263834,0.8922327948661208,0.5758964879852125
0.517524714340737,0.8922089420097388,0.5758964879852125
0.5173963281550905,0.8921850785919858,0.5758964879852125
0.517267941969444,0.8921612046058459,0.5758964879852125
0.5171395557837977,0.8921373200442968,0.5758964879852125
0.5170111695981512,0.8921134249003101,0.5758964879852125
0.5170111695981512,0.8923111012630179,0.5758964879852125
0.5168827834125048,0.8922872340425532,0.5758964879852125
0.5168827834125048,0.8924850365772556,0.5758964879852125
0.5167543972268583,0.8924611973392461,0.5758964879852125
0.5167543972268583,0.8926591261920603,0.5758964879852125
0.5167543972268583,0.8928571428571429,0.5758964879852125
0.516626011041212,0.8928333703128467,0.5758964879852125
0.5164976248555655,0.892809587217044,0.5758964879852125
0.5163692386699191,0.8927857935627082,0.5758964879852125
0.5162408524842726,0.8927619893428064,0.5758964879852125
0.5161124662986263,0.8927381745502998,0.5758964879852125
0.5159840801129798,0.8927143491781431,0.5758964879852125
0.5159840801129798,0.8929126860697623,0.5758964879852125
0.5158556939273334,0.8928888888888888,0.5758964879852125
0.515727307741687,0.8928650811291398,0.5758964879852125
0.5155989215560406,0.8928412627834593,0.5758964879852125
0.5154705353703941,0.8928174338447854,0.5758964879852125
0.5153421491847477,0.8927935943060499,0.5758964879852125
0.5152137629991013,0.892769744160178,0.5758964879852125
0.5150853768134549,0.892745883400089,0.5758964879852125
0.5149569906278084,0.8927220120186957,0.5758964879852125
0.514828604442162,0.8926981300089047,0.5758964879852125
0.5147002182565156,0.8926742373636162,0.5758964879852125
0.5145718320708692,0.8926503340757238,0.5758964879852125
0.5144434458852227,0.8926264201381154,0.5758964879852125
0.5143150596995764,0.892602495543672,0.5758964879852125
0.5141866735139299,0.8925785602852686,0.5758964879852125
0.5140582873282835,0.8925546143557735,0.5758964879852125
0.513929901142637,0.8925306577480491,0.5758964879852125
0.5138015149569907,0.8925066904549509,0.5758964879852125
0.5136731287713442,0.8924827124693285,0.5758964879852125
0.5136731287713442,0.892681838464971,0.5758964879852125
0.5135447425856978,0.8926578888640928,0.5758964879852125
0.5135447425856978,0.8928571428571429,0.5758964879852125
0.5134163564000513,0.8928332217012726,0.5758964879852125
0.513287970214405,0.8928092898615453,0.5758964879852125
0.5131595840287585,0.8927853473308018,0.5758964879852125
0.5131595840287585,0.8929848078641645,0.5758964879852125
0.5130311978431121,0.8929608938547486,0.5758964879852125
0.5130311978431121,0.8931604827894501,0.5758964879852125
0.5129028116574657,0.8931365973619495,0.5758964879852125
0.5127744254718193,0.8931127012522362,0.5758964879852125
0.5127744254718193,0.8933124580630731,0.5758964879852125
0.5127744254718193,0.8935123042505593,0.5758964879852125
0.5126460392861728,0.8934884761691654,0.5758964879852125
0.5125176531005264,0.8934646374216652,0.5758964879852125
0.51238926691488,0.8934407880008954,0.5758964879852125
0.5122608807292335,0.8934169278996865,0.5758964879852125
0.5121324945435871,0.8933930571108623,0.5758964879852125
0.5121324945435871,0.8935931899641577,0.5758964879852125
0.5120041083579406,0.893569347972216,0.5758964879852125
0.5120041083579406,0.8937696100403406,0.5758964879852125
0.5120041083579406,0.8939699618919524,0.5758964879852125
0.5118757221722943,0.8939461883408072,0.5758964879852125
0.5117473359866478,0.8939224041264857,0.5758964879852125
0.5116189498010014,0.8938986092418125,0.5758964879852125
0.5114905636153549,0.8938748036796051,0.5758964879852125
0.5113621774297086,0.893850987432675,0.5758964879852125
0.5112337912440621,0.8938271604938272,0.5758964879852125
0.5111054050584157,0.89380332285586,0.5758964879852125
0.5111054050584157,0.894004042218729,0.5758964879852125
0.5111054050584157,0.8942048517520216,0.5758964879852125
0.5109770188727693,0.8941810829027185,0.5758964879852125
0.5108486326871229,0.8941573033707865,0.5758964879852125
0.5107202465014764,0.8941335131490222,0.5758964879852125
0.51059186031583,0.8941097122302158,0.5758964879852125
0.5104634741301836,0.8940859006071509,0.5758964879852125
0.5103350879445372,0.8940620782726046,0.5758964879852125
0.5102067017588907,0.8940382452193476,0.5758964879852125
0.5100783155732443,0.894014401440144,0.5758964879852125
0.5100783155732443,0.8942156200765249,0.5758964879852125
0.5099499293875979,0.8941918054930211,0.5758964879852125
0.5098215432019515,0.894167980184643,0.5758964879852125
0.5098215432019515,0.8943693693693694,0.5758964879852125
0.5098215432019515,0.8945708492903807,0.5758964879852125
0.509693157016305,0.8945470932852636,0.5758964879852125
0.5095647708306587,0.8945233265720081,0.5758964879852125
0.5094363846450122,0.8944995491433724,0.5758964879852125
0.5093079984593658,0.8944757609921082,0.5758964879852125
0.5091796122737193,0.8944519621109608,0.5758964879852125
0.509051226088073,0.8944281524926686,0.5758964879852125
0.5089228399024265,0.894404332129964,0.5758964879852125
0.5087944537167801,0.8943805010155721,0.5758964879852125
0.5086660675311336,0.8943566591422122,0.5758964879852125
0.5085376813454873,0.8943328065025965,0.5758964879852125
0.5084092951598408,0.8943089430894309,0.5758964879852125
0.5082809089741944,0.8942850688954145,0.5758964879852125
0.508152522788548,0.8942611839132399,0.5758964879852125
0.5080241366029016,0.8942372881355932,0.5758964879852125
0.5078957504172551,0.8942133815551537,0.5758964879852125
0.5077673642316087,0.8941894641645942,0.5758964879852125
0.5076389780459623,0.8941655359565808,0.5758964879852125
0.5075105918603159,0.8941415969237729,0.5758964879852125
0.5073822056746694,0.8941176470588236,0.5758964879852125
0.5072538194890229,0.8940936863543788,0.5758964879852125
0.5071254333033766,0.8940697148030783,0.5758964879852125
0.5069970471177301,0.8940457323975549,0.5758964879852125
0.5069970471177301,0.8942481884057971,0.5758964879852125
0.5068686609320837,0.8942242355605889,0.5758964879852125
0.5068686609320837,0.894426823742637,0.5758964879852125
0.5067402747464372,0.8944029005211874,0.5758964879852125
0.5067402747464372,0.8946056210335449,0.5758964879852125
0.5067402747464372,0.8948084334618001,0.5758964879852125
0.5066118885607909,0.8947845804988662,0.5758964879852125
0.5064835023751444,0.8947607167158086,0.5758964879852125
0.506355116189498,0.8947368421052632,0.5758964879852125
0.5062267300038515,0.8947129566598593,0.5758964879852125
0.5060983438182052,0.8946890603722197,0.5758964879852125
0.5058415714469123,0.8946412352406903,0.5758964879852125
0.5057131852612659,0.8946173063820123,0.5758964879852125
0.5055847990756195,0.894593366651522,0.5758964879852125
0.505456412889973,0.8945694160418087,0.5758964879852125
0.5053280267043266,0.8945454545454545,0.5758964879852125
0.5051996405186802,0.8945214821550352,0.5758964879852125
0.5050712543330338,0.8944974988631196,0.5758964879852125
0.5049428681473873,0.8944735046622697,0.5758964879852125
0.504814481961741,0.8944494995450409,0.5758964879852125
0.5045577095904481,0.894401456531634,0.5758964879852125
0.5044293234048016,0.8943774186205327,0.5758964879852125
0.5043009372191553,0.8943533697632058,0.5758964879852125
0.5041725510335088,0.8943293099521749,0.5758964879852125
0.5040441648478624,0.8943052391799544,0.5758964879852125
0.5039157786622159,0.8942811574390521,0.5758964879852125
0.5037873924765696,0.894257064721969,0.5758964879852125
0.5036590062909231,0.894232961021199,0.5758964879852125
0.5035306201052767,0.8942088463292294,0.5758964879852125
0.5035306201052767,0.8944127708095782,0.5758964879852125
0.5034022339196302,0.8943886861313869,0.5758964879852125
0.5032738477339839,0.8943645904631531,0.5758964879852125
0.5031454615483374,0.8943404837973528,0.5758964879852125
0.503017075362691,0.8943163661264552,0.5758964879852125
0.5028886891770445,0.8942922374429224,0.5758964879852125
0.5028886891770445,0.894496460379082,0.5758964879852125
0.5027603029913982,0.8944723618090452,0.5758964879852125
0.5026319168057517,0.8944482522275531,0.5758964879852125
0.5025035306201053,0.8944241316270567,0.5758964879852125
0.5023751444344589,0.8944,0.5758964879852125
0.5022467582488124,0.8943758573388203,0.5758964879852125
0.5022467582488124,0.8945803796021038,0.5758964879852125
0.502118372063166,0.8947609242736216,0.5758964879852125
0.5019899858775195,0.8947368421052632,0.5758964879852125
0.5018615996918732,0.8947127489127947,0.5758964879852125
0.5017332135062267,0.8946886446886447,0.5758964879852125
0.5016048273205803,0.8946645294252347,0.5758964879852125
0.5014764411349338,0.8946404031149794,0.5758964879852125
0.5014764411349338,0.8948453608247423,0.5758964879852125
0.5013480549492875,0.8948212648945921,0.5758964879852125
0.5013480549492875,0.8950263580105432,0.5758964879852125
0.5013480549492875,0.8952315451627694,0.5758964879852125
0.501219668763641,0.8952075212107314,0.5758964879852125
0.5010912825779946,0.8951834862385321,0.5758964879852125
0.5009628963923481,0.8951594402385868,0.5758964879852125
0.5009628963923481,0.8953648462597522,0.5758964879852125
0.5009628963923481,0.8955703465687399,0.5758964879852125
0.5008345102067018,0.8955463728191001,0.5758964879852125
0.5007061240210553,0.8955223880597015,0.5758964879852125
0.5005777378354089,0.8954983922829582,0.5758964879852125
0.5004493516497625,0.8954743854812773,0.5758964879852125
0.5004493516497625,0.8956801470588235,0.5758964879852125
0.5003209654641161,0.8956561709951735,0.5758964879852125
0.5001925792784696,0.895632183908046,0.5758964879852125
0.5000641930928232,0.8956081857898367,0.5758964879852125
0.49993580690717676,0.8955841766329347,0.5758964879852125
0.49980742072153034,0.8955601564297216,0.5758964879852125
0.4996790345358839,0.8955361251725725,0.5758964879852125
0.4995506483502375,0.895512082853855,0.5758964879852125
0.49942226216459107,0.89548802946593,0.5758964879852125
0.49929387597894465,0.8954639650011513,0.5758964879852125
0.4991654897932982,0.8954398894518655,0.5758964879852125
0.4990371036076518,0.8954158028104123,0.5758964879852125
0.4989087174220054,0.8953917050691245,0.5758964879852125
0.49878033123635895,0.8953675962203272,0.5758964879852125
0.49865194505071253,0.8953434762563394,0.5758964879852125
0.49865194505071253,0.8955499192990547,0.5758964879852125
0.4985235588650661,0.8957324106113034,0.5758964879852125
0.4985235588650661,0.8959390862944162,0.5758964879852125
0.49826678649377326,0.8958910433979687,0.5758964879852125
0.49813840030812684,0.8958670053105519,0.5758964879852125
0.49813840030812684,0.8960739030023095,0.5758964879852125
0.49813840030812684,0.8962808962808962,0.5758964879852125
0.4980100141224804,0.8962569316081331,0.5758964879852125
0.497881627936834,0.8962329558585626,0.5758964879852125
0.49775324175118757,0.896208969024503,0.5758964879852125
0.49775324175118757,0.8964161849710983,0.5758964879852125
0.49762485556554115,0.8963922294172063,0.5758964879852125
0.4974964693798947,0.8963682627804765,0.5758964879852125
0.4973680831942483,0.8963442850532161,0.5758964879852125
0.4972396970086019,0.896320296227725,0.5758964879852125
0.4972396970086019,0.8965277777777778,0.5758964879852125
0.49711131082295545,0.8965038203287798,0.5758964879852125
0.49698292463730903,0.896479851783233,0.5758964879852125
0.4968545384516626,0.896455872133426,0.5758964879852125
0.4967261522660162,0.8964318813716404,0.5758964879852125
0.49659776608036976,0.8964078794901507,0.5758964879852125
0.49646937989472334,0.8963838664812239,0.5758964879852125
0.4963409937090769,0.8963598423371203,0.5758964879852125
0.4963409937090769,0.8965677179962894,0.5758964879852125
0.4963409937090769,0.8967756900951055,0.5758964879852125
0.4962126075234305,0.8967517401392111,0.5758964879852125
0.49608422133778407,0.8967277790670689,0.5758964879852125
0.49595583515213765,0.8967038068709378,0.5758964879852125
0.4958274489664912,0.8966798235430694,0.5758964879852125
0.4955706765951984,0.8966318234610917,0.5758964879852125
0.49544229040955196,0.8966078066914498,0.5758964879852125
0.49531390422390553,0.8965837787590053,0.5758964879852125
0.49531390422390553,0.8967921896792189,0.5758964879852125
0.4951855180382591,0.8967681934433852,0.5758964879852125
0.4950571318526127,0.8967441860465116,0.5758964879852125
0.4950571318526127,0.8969527797162131,0.5758964879852125
0.4949287456669662,0.8969288040949279,0.5758964879852125
0.4948003594813198,0.8969048173144054,0.5758964879852125
0.49467197329567336,0.8968808193668529,0.5758964879852125
0.49454358711002694,0.8968568102444703,0.5758964879852125
0.49454358711002694,0.8970656730321379,0.5758964879852125
0.4944152009243805,0.8970416957838342,0.5758964879852125
0.4942868147387341,0.8970177073625349,0.5758964879852125
0.49415842855308767,0.8969937077604287,0.5758964879852125
0.49403004236744125,0.896969696969697,0.5758964879852125
0.4937732699961484,0.8969216417910447,0.5758964879852125
0.4937732699961484,0.8971308607417775,0.5758964879852125
0.493644883810502,0.8971068595426972,0.5758964879852125
0.493644883810502,0.897316219369895,0.5758964879852125
0.493644883810502,0.8975256769374417,0.5758964879852125
0.49351649762485555,0.8975017511090357,0.5758964879852125
0.49338811143920913,0.8974778141055582,0.5758964879852125
0.4932597252535627,0.8974538659191778,0.5758964879852125
0.49300295288226986,0.8974059359663473,0.5758964879852125
0.49287456669662344,0.8973819541841982,0.5758964879852125
0.492746180510977,0.8973579611877485,0.5758964879852125
0.4926177943253306,0.89733395696913,0.5758964879852125
0.49248940813968417,0.8973099415204678,0.5758964879852125
0.49236102195403775,0.8972859148338793,0.5758964879852125
0.4922326357683913,0.8972618769014744,0.5758964879852125
0.4921042495827449,0.8972378277153558,0.5758964879852125
0.4919758633970985,0.8972137672676188,0.5758964879852125
0.49184747721145206,0.8971896955503513,0.5758964879852125
0.49171909102580563,0.8971656125556337,0.5758964879852125
0.4915907048401592,0.8973517693930162,0.5758964879852125
0.4914623186545128,0.8973277074542897,0.5758964879852125
0.49133393246886636,0.8973036342321219,0.5758964879852125
0.49120554628321994,0.8972795497185742,0.5758964879852125
0.49120554628321994,0.8974900304949566,0.5758964879852125
0.49120554628321994,0.8977006100422337,0.5758964879852125
0.4910771600975735,0.8976766017366815,0.5758964879852125
0.4909487739119271,0.8976525821596244,0.5758964879852125
0.49082038772628067,0.8976285513031228,0.5758964879852125
0.49082038772628067,0.8978393612024425,0.5758964879852125
0.49069200154063425,0.897815362931642,0.5758964879852125
0.4905636153549878,0.8977913533834586,0.5758964879852125
0.4905636153549878,0.8980023501762632,0.5758964879852125
0.4904352291693414,0.8979783732957217,0.5758964879852125
0.4904352291693414,0.8981895132847402,0.5758964879852125
0.490306842983695,0.8981655691439323,0.5758964879852125
0.49017845679804856,0.898141613737944,0.5758964879852125
0.49005007061240213,0.8981176470588236,0.5758964879852125
0.48992168442675565,0.8980936690986114,0.5758964879852125
0.48979329824110923,0.8980696798493408,0.5758964879852125
0.48979329824110923,0.8982811396279727,0.5758964879852125
0.4896649120554628,0.8984687868080095,0.5758964879852125
0.4895365258698164,0.898444863336475,0.5758964879852125
0.48940813968416996,0.8984209285882631,0.5758964879852125
0.48927975349852354,0.8983969825553983,0.5758964879852125
0.4890229811272307,0.8983490566037736,0.5758964879852125
0.4890229811272307,0.8985609813635291,0.5758964879852125
0.48889459494158427,0.8985370457763096,0.5758964879852125
0.48876620875593785,0.8985130988907246,0.5758964879852125
0.4886378225702914,0.8984891406987724,0.5758964879852125
0.488509436384645,0.898465171192444,0.5758964879852125
0.4883810501989986,0.8984411903637223,0.5758964879852125
0.48825266401335216,0.898417198204583,0.5758964879852125
0.48812427782770573,0.8983931947069943,0.5758964879852125
0.4879958916420593,0.8983691798629165,0.5758964879852125
0.4878675054564129,0.8983451536643026,0.5758964879852125
0.48773911927076646,0.8983211161030976,0.5758964879852125
0.48761073308512004,0.8982970671712394,0.5758964879852125
0.4874823468994736,0.8982730068606577,0.5758964879852125
0.4873539607138272,0.898248935163275,0.5758964879852125
0.4873539607138272,0.8984615384615384,0.5758964879852125
0.48722557452818077,0.8984375,0.5758964879852125
0.48709718834253435,0.898413450153919,0.5758964879852125
0.4869688021568879,0.898389388915206,0.5758964879852125
0.4868404159712415,0.898365316275764,0.5758964879852125
0.4868404159712415,0.8985781990521327,0.5758964879852125
0.4868404159712415,0.8987911827447262,0.5758964879852125
0.4868404159712415,0.89900426742532,0.5758964879852125
0.4867120297855951,0.8989803177614418,0.5758964879852125
0.48658364359994866,0.8989563567362429,0.5758964879852125
0.48645525741430223,0.898932384341637,0.5758964879852125
0.4861984850430094,0.8988844054118206,0.5758964879852125
0.48607009885736296,0.8988603988603988,0.5758964879852125
0.48594171267171654,0.8988363809071479,0.5758964879852125
0.4858133264860701,0.898812351543943,0.5758964879852125
0.4858133264860701,0.8990258968876218,0.5758964879852125
0.4856849403004237,0.8990019011406845,0.5758964879852125
0.4855565541147773,0.8989778939862134,0.5758964879852125
0.48542816792913085,0.8989538754160723,0.5758964879852125
0.4852997817434844,0.8989298454221165,0.5758964879852125
0.485171395557838,0.8989058039961941,0.5758964879852125
0.4850430093721915,0.8990956687291766,0.5758964879852125
0.4849146231865451,0.8990716496072364,0.5758964879852125
0.4847862370008987,0.8990476190476191,0.5758964879852125
0.4847862370008987,0.8992617289830912,0.5758964879852125
0.4847862370008987,0.8994759409242497,0.5758964879852125
0.4847862370008987,0.8996902549440077,0.5758964879852125
0.48465785081525226,0.8996663489037178,0.5758964879852125
0.48452946462960583,0.899642431466031,0.5758964879852125
0.4844010784439594,0.8996185026227944,0.5758964879852125
0.4844010784439594,0.8998330550918197,0.5758964879852125
0.48401591988702014,0.8997613365155132,0.5758964879852125
0.4838875337013737,0.8999522445081184,0.5758964879852125
0.4837591475157273,0.89992834965369,0.5758964879852125
0.4837591475157273,0.9001433349259437,0.5758964879852125
0.48363076133008087,0.9001194743130227,0.5758964879852125
0.48350237514443445,0.9000956022944551,0.5758964879852125
0.483373988958788,0.9000717188620607,0.5758964879852125
0.483373988958788,0.900286944045911,0.5758964879852125
0.4832456027731416,0.9002630949533604,0.5758964879852125
0.4831172165874952,0.9002392344497607,0.5758964879852125
0.4831172165874952,0.9004546542234985,0.5758964879852125
0.48286044421620233,0.9004069906631553,0.5758964879852125
0.4826036718449095,0.9003592814371257,0.5758964879852125
0.48247528565926306,0.900335409678965,0.5758964879852125
0.48234689947361664,0.9003115264797508,0.5758964879852125
0.48234689947361664,0.9005273250239694,0.5758964879852125
0.48234689947361664,0.9007432270438743,0.5758964879852125
0.4822185132879702,0.9007194244604316,0.5758964879852125
0.4820901271023238,0.9006956104581434,0.5758964879852125
0.4819617409166774,0.9006717850287908,0.5758964879852125
0.48183335473103095,0.9006479481641468,0.5758964879852125
0.4817049685453845,0.9006240998559769,0.5758964879852125
0.4815765823597381,0.9006002400960385,0.5758964879852125
0.4814481961740917,0.900792697573865,0.5758964879852125
0.48131980998844526,0.9007688611244594,0.5758964879852125
0.48119142380279883,0.9007450132179764,0.5758964879852125
0.4810630376171524,0.9007211538461538,0.5758964879852125
0.480934651431506,0.9006972830007214,0.5758964879852125
0.48080626524585957,0.9006734006734006,0.5758964879852125
0.48080626524585957,0.9008900649506856,0.5758964879852125
0.48080626524585957,0.901106833493744,0.5758964879852125
0.48067787906021314,0.9010830324909748,0.5758964879852125
0.4805494928745667,0.9010592200288878,0.5758964879852125
0.4804211066889203,0.9010353960992054,0.5758964879852125
0.4802927205032739,0.9010115606936416,0.5758964879852125
0.48016433431762745,0.9009877138039026,0.5758964879852125
0.48016433431762745,0.9012048192771084,0.5758964879852125
0.48003594813198097,0.90118100747168,0.5758964879852125
0.47990756194633455,0.9011571841851495,0.5758964879852125
0.47990756194633455,0.9013744875813842,0.5758964879852125
0.4797791757606881,0.9013506994693681,0.5758964879852125
0.4796507895750417,0.9013268998793728,0.5758964879852125
0.4795224033893953,0.9013030888030888,0.5758964879852125
0.47939401720374886,0.9012792662321989,0.5758964879852125
0.47939401720374886,0.9014968614196041,0.5758964879852125
0.47926563101810243,0.901473074136682,0.5758964879852125
0.479137244832456,0.9014492753623189,0.5758964879852125
0.4790088586468096,0.9014254650881856,0.5758964879852125
0.47888047246116316,0.9014016433059449,0.5758964879852125
0.47875208627551674,0.9013778100072516,0.5758964879852125
0.4786237000898703,0.9015719467956469,0.5758964879852125
0.4784953139042239,0.901548137397194,0.5758964879852125
0.4784953139042239,0.901766271473506,0.5758964879852125
0.4783669277185775,0.9017424975798645,0.5758964879852125
0.47823854153293105,0.9017187121762286,0.5758964879852125
0.4781101553472846,0.9016949152542373,0.5758964879852125
0.4779817691616382,0.9016711068055219,0.5758964879852125
0.4778533829759918,0.9016472868217055,0.5758964879852125
0.47759661060469893,0.9015996122152206,0.5758964879852125
0.4774682244190525,0.9015757575757576,0.5758964879852125
0.4773398382334061,0.9015518913676043,0.5758964879852125
0.4773398382334061,0.9017705554208101,0.5758964879852125
0.47721145204775967,0.9017467248908297,0.5758964879852125
0.47708306586211324,0.901722882795438,0.5758964879852125
0.47708306586211324,0.9019417475728155,0.5758964879852125
0.4769546796764668,0.9019179412478757,0.5758964879852125
0.4768262934908204,0.9018941233608548,0.5758964879852125
0.4768262934908204,0.9021131892154481,0.5758964879852125
0.4768262934908204,0.902332361516035,0.5758964879852125
0.4768262934908204,0.9025516403402187,0.5758964879852125
0.476697907305174,0.9025279533300924,0.5758964879852125
0.476697907305174,0.9027473863360078,0.5758964879852125
0.47656952111952755,0.9027237354085603,0.5758964879852125
0.47656952111952755,0.9029433227925079,0.5758964879852125
0.4764411349338811,0.9029197080291971,0.5758964879852125
0.4763127487482347,0.9028960817717206,0.5758964879852125
0.4761843625625883,0.9030922814706599,0.5758964879852125
0.47605597637694186,0.9030686799805163,0.5758964879852125
0.47605597637694186,0.9032886723507917,0.5758964879852125
0.47605597637694186,0.9035087719298246,0.5758964879852125
0.47592759019129544,0.903485254691689,0.5758964879852125
0.475799204005649,0.9034617259873232,0.5758964879852125
0.47554243163435617,0.9034146341463415,0.5758964879852125
0.47541404544870974,0.9033910709929251,0.5758964879852125
0.4752856592630633,0.9033674963396779,0.5758964879852125
0.4751572730774169,0.9033439101781792,0.5758964879852125
0.4751572730774169,0.903564453125,0.5758964879852125
0.4750288868917704,0.9035409035409036,0.5758964879852125
0.4750288868917704,0.903761602344895,0.5758964879852125
0.4750288868917704,0.9039824089909602,0.5758964879852125
0.474900500706124,0.9039589442815249,0.5758964879852125
0.4747721145204776,0.9039354681007089,0.5758964879852125
0.47464372833483115,0.9039119804400978,0.5758964879852125
0.4745153421491847,0.9038884812912693,0.5758964879852125
0.4743869559635383,0.9038649706457925,0.5758964879852125
0.4743869559635383,0.9040861267433326,0.5758964879852125
0.4743869559635383,0.904307391091532,0.5758964879852125
0.4742585697778919,0.9042839657282742,0.5758964879852125
0.47413018359224546,0.9042605288932419,0.5758964879852125
0.47413018359224546,0.9044819985304923,0.5758964879852125
0.47400179740659903,0.9044585987261147,0.5758964879852125
0.47400179740659903,0.9046802254349424,0.5758964879852125
0.4738734112209526,0.904656862745098,0.5758964879852125
0.4737450250353062,0.9046334886001471,0.5758964879852125
0.47361663884965977,0.9046101029916626,0.5758964879852125
0.47348825266401334,0.9045867059112093,0.5758964879852125
0.4733598664783669,0.9045632973503435,0.5758964879852125
0.4732314802927205,0.9045398773006135,0.5758964879852125
0.4731030941070741,0.9045164457535592,0.5758964879852125
0.47297470792142765,0.904493002700712,0.5758964879852125
0.4728463217357812,0.9044695481335953,0.5758964879852125
0.4727179355501348,0.9044460820437239,0.5758964879852125
0.4725895493644884,0.9044226044226045,0.5758964879852125
0.47246116317884196,0.9043991152617351,0.5758964879852125
0.47233277699319554,0.9043756145526057,0.5758964879852125
0.4722043908075491,0.9043521022866978,0.5758964879852125
0.4720760046219027,0.9043285784554845,0.5758964879852125
0.47194761843625627,0.9043050430504305,0.5758964879852125
0.47181923225060984,0.9042814960629921,0.5758964879852125
0.4716908460649634,0.9042579374846172,0.5758964879852125
0.4716908460649634,0.9044805514524865,0.5758964879852125
0.4716908460649634,0.904703275055405,0.5758964879852125
0.4716908460649634,0.9049261083743843,0.5758964879852125
0.471562459879317,0.9049026853904902,0.5758964879852125
0.47130568750802415,0.9048558047818586,0.5758964879852125
0.47117730132237773,0.9048323471400395,0.5758964879852125
0.4710489151367313,0.9048088779284833,0.5758964879852125
0.4709205289510849,0.9047853971386285,0.5758964879852125
0.47079214276543846,0.9047619047619048,0.5758964879852125
0.47066375657979204,0.9047384007897334,0.5758964879852125
0.4705353703941456,0.9047148852135275,0.5758964879852125
0.4704069842084992,0.9046913580246914,0.5758964879852125
0.47027859802285277,0.9046678192146209,0.5758964879852125
0.47027859802285277,0.904891304347826,0.5758964879852125
0.47002182565155987,0.9048442906574394,0.5758964879852125
0.46989343946591344,0.9048207663782447,0.5758964879852125
0.469765053280267,0.9047972304648862,0.5758964879852125
0.4696366670946206,0.9047736829087312,0.5758964879852125
0.4695082809089742,0.904750123701138,0.5758964879852125
0.46937989472332775,0.904726552833457,0.5758964879852125
0.4692515085376813,0.9047029702970297,0.5758964879852125
0.4689947361663885,0.904655770183259,0.5758964879852125
0.4686095776094492,0.9045848822800495,0.5758964879852125
0.4684811914238028,0.9045612295488349,0.5758964879852125
0.4684811914238028,0.9047855194644185,0.5758964879852125
0.46835280523815637,0.9047619047619048,0.5758964879852125
0.46822441905250994,0.9047382783428429,0.5758964879852125
0.4680960328668635,0.9047146401985111,0.5758964879852125
0.4679676466812171,0.9046909903201787,0.5758964879852125
0.4678392604955707,0.9046673286991063,0.5758964879852125
0.46771087430992425,0.9046436553265458,0.5758964879852125
0.4674541019386314,0.9045962732919255,0.5758964879852125
0.467325715752985,0.904572564612326,0.5758964879852125
0.467325715752985,0.9047974148645289,0.5758964879852125
0.46719732956733856,0.9049987565282268,0.5758964879852125
0.46706894338169214,0.9049751243781095,0.5758964879852125
0.4669405571960457,0.9049514804677781,0.5758964879852125
0.4668121710103993,0.904927824788452,0.5758964879852125
0.46668378482475287,0.9049041573313418,0.5758964879852125
0.46668378482475287,0.9051294820717132,0.5758964879852125
0.46668378482475287,0.9053549190535491,0.5758964879852125
0.46655539863910644,0.9053313403089188,0.5758964879852125
0.46642701245346,0.9053077498131074,0.5758964879852125
0.4662986262678136,0.905284147557328,0.5758964879852125
0.4661702400821672,0.9052605335327848,0.5758964879852125
0.46604185389652075,0.9052369077306733,0.5758964879852125
0.46591346771087433,0.9052132701421801,0.5758964879852125
0.4657850815252279,0.9051896207584831,0.5758964879852125
0.4656566953395815,0.9051659595707512,0.5758964879852125
0.46552830915393506,0.9051422865701447,0.5758964879852125
0.46539992296828864,0.9051186017478152,0.5758964879852125
0.46539992296828864,0.9053446553446554,0.5758964879852125
0.4652715367826422,0.9053210092430677,0.5758964879852125
0.46514315059699574,0.9052973513243379,0.5758964879852125
0.4648863782257029,0.90525,0.5758964879852125
0.46475799204005647,0.9052263065766442,0.5758964879852125
0.46462960585441004,0.9052026013006503,0.5758964879852125
0.4645012196687636,0.9051788841631223,0.5758964879852125
0.4645012196687636,0.9054054054054054,0.5758964879852125
0.4645012196687636,0.9056320400500626,0.5758964879852125
0.4643728334831172,0.9056084126189284,0.5758964879852125
0.4643728334831172,0.9058352116203355,0.5758964879852125
0.4642444472974708,0.905811623246493,0.5758964879852125
0.46411606111182435,0.9057880230518667,0.5758964879852125
0.46398767492617793,0.9057644110275689,0.5758964879852125
0.4638592887405315,0.905740787164703,0.5758964879852125
0.4637309025548851,0.905717151454363,0.5758964879852125
0.46360251636923866,0.9056935038876348,0.5758964879852125
0.4633457439979458,0.90564617314931,0.5758964879852125
0.4633457439979458,0.9058734939759037,0.5758964879852125
0.4632173578122994,0.9058498619131308,0.5758964879852125
0.46308897162665297,0.9058262179809141,0.5758964879852125
0.46296058544100654,0.905802562170309,0.5758964879852125
0.4627038130697137,0.9057552148781101,0.5758964879852125
0.4627038130697137,0.905982905982906,0.5758964879852125
0.4627038130697137,0.906210711591652,0.5758964879852125
0.4627038130697137,0.9064386317907445,0.5758964879852125
0.4625754268840673,0.9064150943396226,0.5758964879852125
0.46244704069842085,0.9063915450427781,0.5758964879852125
0.46231865451277443,0.906367983891266,0.5758964879852125
0.462190268327128,0.9063444108761329,0.5758964879852125
0.4620618821414816,0.906320825988416,0.5758964879852125
0.4620618821414816,0.9065491183879093,0.5758964879852125
0.46193349595583516,0.9065255731922398,0.5758964879852125
0.46180510977018874,0.9065020161290323,0.5758964879852125
0.4616767235845423,0.9064784471893118,0.5758964879852125
0.46129156502760305,0.9064076690211907,0.5758964879852125
0.4611631788419566,0.9063840524854908,0.5758964879852125
0.4610347926563102,0.9063604240282686,0.5758964879852125
0.4609064064706638,0.9063367836404949,0.5758964879852125
0.46077802028501735,0.9063131313131313,0.5758964879852125
0.46064963409937093,0.9062894670371305,0.5758964879852125
0.4605212479137245,0.906265790803436,0.5758964879852125
0.4603928617280781,0.9062421026029821,0.5758964879852125
0.4601360893567852,0.9061946902654867,0.5758964879852125
0.46000770317113876,0.906170966110268,0.5758964879852125
0.46000770317113876,0.9064002023779408,0.5758964879852125
0.45987931698549234,0.9063765182186235,0.5758964879852125
0.4597509307998459,0.9063528220703619,0.5758964879852125
0.4596225446141995,0.9063291139240506,0.5758964879852125
0.45949415842855307,0.9063053937705748,0.5758964879852125
0.45936577224290664,0.9062816616008106,0.5758964879852125
0.4592373860572602,0.9062579174056246,0.5758964879852125
0.4591089998716138,0.9062341611758743,0.5758964879852125
0.4589806136859674,0.9062103929024081,0.5758964879852125
0.45885222750032095,0.9061866125760649,0.5758964879852125
0.45885222750032095,0.9064164341871671,0.5758964879852125
0.45885222750032095,0.9066463723997971,0.5758964879852125
0.45872384131467453,0.9066226845978178,0.5758964879852125
0.4585954551290281,0.9065989847715736,0.5758964879852125
0.4584670689433817,0.9065752729119065,0.5758964879852125
0.45833868275773526,0.9065515490096495,0.5758964879852125
0.45821029657208884,0.9065278130556261,0.5758964879852125
0.4580819103864424,0.9065040650406504,0.5758964879852125
0.457953524200796,0.9069412662090007,0.5758964879852125
0.45782513801514957,0.9069175991861648,0.5758964879852125
0.45769675182950315,0.9068939201221063,0.5758964879852125
0.45769675182950315,0.9071246819338422,0.5758964879852125
0.4575683656438567,0.9071010435225249,0.5758964879852125
0.4574399794582103,0.9070773930753564,0.5758964879852125
0.4573115932725639,0.9070537305831423,0.5758964879852125
0.45718320708691745,0.9070300560366785,0.5758964879852125
0.45705482090127103,0.9070063694267516,0.5758964879852125
0.4569264347156246,0.9069826707441386,0.5758964879852125
0.4567980485299782,0.9069589599796074,0.5758964879852125
0.4567980485299782,0.9071902090770015,0.5758964879852125
0.45666966234433176,0.9071665391481765,0.5758964879852125
0.45654127615868534,0.9071428571428571,0.5758964879852125
0.4564128899730389,0.907119163051799,0.5758964879852125
0.4562845037873925,0.9070954568657479,0.5758964879852125
0.45615611760174607,0.9070717385754404,0.5758964879852125
0.45602773141609965,0.9070480081716037,0.5758964879852125
0.4558993452304532,0.9070242656449553,0.5758964879852125
0.4557709590448068,0.9070005109862034,0.5758964879852125
0.4556425728591604,0.9072085889570553,0.5758964879852125
0.45551418667351395,0.9071848632063411,0.5758964879852125
0.45551418667351395,0.9074168797953964,0.5758964879852125
0.45551418667351395,0.9076490150933743,0.5758964879852125
0.45538580048786753,0.907625383828045,0.5758964879852125
0.4552574143022211,0.9076017404658305,0.5758964879852125
0.45512902811657463,0.9075780849974399,0.5758964879852125
0.4550006419309282,0.9075544174135723,0.5758964879852125
0.4548722557452818,0.907530737704918,0.5758964879852125
0.45474386955963536,0.9075070458621574,0.5758964879852125
0.45461548337398894,0.907483341875961,0.5758964879852125
0.4544870971883425,0.9074596257369905,0.5758964879852125
0.4543587110026961,0.9074358974358975,0.5758964879852125
0.45423032481704967,0.9074121569633239,0.5758964879852125
0.45410193863140325,0.9073884043099025,0.5758964879852125
0.4539735524457568,0.9073646394662561,0.5758964879852125
0.4538451662601104,0.9073408624229979,0.5758964879852125
0.453716780074464,0.9073170731707317,0.5758964879852125
0.45358839388881755,0.9072932717000514,0.5758964879852125
0.45358839388881755,0.9075263293090162,0.5758964879852125
0.4533316215175247,0.9074787972243639,0.5758964879852125
0.4532032353318783,0.9074550128534704,0.5758964879852125
0.45307484914623186,0.9074312162509642,0.5758964879852125
0.45294646296058544,0.9074074074074074,0.5758964879852125
0.452818076774939,0.9073835863133523,0.5758964879852125
0.4526896905892926,0.9073597529593412,0.5758964879852125
0.45256130440364617,0.9073359073359073,0.5758964879852125
0.45256130440364617,0.9075695159629248,0.5758964879852125
0.45256130440364617,0.9078032449137265,0.5758964879852125
0.45243291821799975,0.9077794951056156,0.5758964879852125
0.4523045320323533,0.9077557330584901,0.5758964879852125
0.4523045320323533,0.9079896907216495,0.5758964879852125
0.4521761458467069,0.9079659706109822,0.5758964879852125
0.4521761458467069,0.9082001031459516,0.5758964879852125
0.4520477596610605,0.9081764250709311,0.5758964879852125
0.45191937347541405,0.9081527347781218,0.5758964879852125
0.45179098728976763,0.9081290322580645,0.5758964879852125
0.4516626011041212,0.9081053175012906,0.5758964879852125
0.4515342149184748,0.9080815904983217,0.5758964879852125
0.4515342149184748,0.9083161157024794,0.5758964879852125
0.45140582873282836,0.9082924308964092,0.5758964879852125
0.45127744254718194,0.9082687338501292,0.5758964879852125
0.4511490563615355,0.9082450245541484,0.5758964879852125
0.45089228399024267,0.9081975691750711,0.5758964879852125
0.45076389780459625,0.9081738230729436,0.5758964879852125
0.4506355116189498,0.908150064683053,0.5758964879852125
0.4505071254333034,0.9083613771680041,0.5758964879852125
0.4505071254333034,0.9085965820818229,0.5758964879852125
0.450378739247657,0.9085729085729086,0.5758964879852125
0.45025035306201056,0.9085492227979275,0.5758964879852125
0.4501219668763641,0.9085255247473438,0.5758964879852125
0.44999358069071765,0.9085018144116123,0.5758964879852125
0.44986519450507123,0.9084780917811771,0.5758964879852125
0.4497368083194248,0.908454356846473,0.5758964879852125
0.4496084221337784,0.9084306095979248,0.5758964879852125
0.44948003594813196,0.9084068500259471,0.5758964879852125
0.4492232635768391,0.9083592938733126,0.5758964879852125
0.4490948773911927,0.9083354972734354,0.5758964879852125
0.44896649120554627,0.9083116883116883,0.5758964879852125
0.44896649120554627,0.9085476747207066,0.5758964879852125
0.44883810501989985,0.9085239085239085,0.5758964879852125
0.4487097188342534,0.9085001299714063,0.5758964879852125
0.448581332648607,0.9084763390535622,0.5758964879852125
0.4484529464629606,0.9084525357607283,0.5758964879852125
0.44832456027731415,0.9084287200832466,0.5758964879852125
0.44819617409166773,0.9084048920114494,0.5758964879852125
0.44819617409166773,0.9086413326392504,0.5758964879852125
0.44819617409166773,0.9088778963811508,0.5758964879852125
0.4480677879060213,0.9088541666666666,0.5758964879852125
0.4479394017203749,0.908830424589737,0.5758964879852125
0.44781101553472846,0.9088066701406983,0.5758964879852125
0.44781101553472846,0.909043523586135,0.5758964879852125
0.44768262934908204,0.9090198123044838,0.5758964879852125
0.4475542431634356,0.9089960886571056,0.5758964879852125
0.4475542431634356,0.9092331768388107,0.5758964879852125
0.4474258569777892,0.9092094964779546,0.5758964879852125
0.44729747079214277,0.9091858037578288,0.5758964879852125
0.44716908460649635,0.9091620986687549,0.5758964879852125
0.4470406984208499,0.9091383812010444,0.5758964879852125
0.4469123122352035,0.9091146513449987,0.5758964879852125
0.4467839260495571,0.9090909090909091,0.5758964879852125
0.44665553986391066,0.9090671544290567,0.5758964879852125
0.44652715367826423,0.9090433873497125,0.5758964879852125
0.4463987674926178,0.9090196078431373,0.5758964879852125
0.4462703813069714,0.9089958158995816,0.5758964879852125
0.44614199512132496,0.9089720115092859,0.5758964879852125
0.4458852227500321,0.908924365349385,0.5758964879852125
0.4457568365643857,0.9089005235602095,0.5758964879852125
0.44562845037873927,0.9088766692851532,0.5758964879852125
0.44550006419309285,0.9088528025144055,0.5758964879852125
0.4453716780074464,0.9088289232381451,0.5758964879852125
0.44524329182179995,0.9088050314465409,0.5758964879852125
0.44524329182179995,0.909043250327654,0.5758964879852125
0.4451149056361535,0.9090194022024122,0.5758964879852125
0.4449865194505071,0.9089955415683189,0.5758964879852125
0.4448581332648607,0.9089716684155299,0.5758964879852125
0.44460136089356783,0.9089238845144357,0.5758964879852125
0.4444729747079214,0.9088999737463901,0.5758964879852125
0.444344588522275,0.9088760504201681,0.5758964879852125
0.44421620233662856,0.9088521145258734,0.5758964879852125
0.44408781615098214,0.9088281660535996,0.5758964879852125
0.44408781615098214,0.9090670170827858,0.5758964879852125
0.4438310437796893,0.9090191953720747,0.5758964879852125
0.44370265759404287,0.908995265649658,0.5758964879852125
0.44357427140839645,0.9089713233359642,0.5758964879852125
0.44344588522275,0.9089473684210526,0.5758964879852125
0.4433174990371036,0.9089234008949724,0.5758964879852125
0.4431891128514572,0.908899420747762,0.5758964879852125
0.44306072666581076,0.9088754279694495,0.5758964879852125
0.44293234048016433,0.9088514225500527,0.5758964879852125
0.4428039542945179,0.9088274044795784,0.5758964879852125
0.4426755681088715,0.9088033737480232,0.5758964879852125
0.44254718192322506,0.9087793303453731,0.5758964879852125
0.44241879573757864,0.9087552742616034,0.5758964879852125
0.4422904095519322,0.908731205486679,0.5758964879852125
0.4421620233662858,0.9087071240105541,0.5758964879852125
0.44203363718063937,0.9086830298231724,0.5758964879852125
0.44190525099499295,0.9086589229144667,0.5758964879852125
0.44190525099499295,0.9088988645365725,0.5758964879852125
0.4417768648093465,0.9088748019017433,0.5758964879852125
0.4417768648093465,0.909114927344782,0.5758964879852125
0.4416484786237001,0.9090909090909091,0.5758964879852125
0.4415200924380537,0.9090668781390431,0.5758964879852125
0.44139170625240726,0.9090428344791116,0.5758964879852125
0.44126332006676083,0.9090187781010315,0.5758964879852125
0.44126332006676083,0.9092592592592592,0.5758964879852125
0.441006547695468,0.9092112228692429,0.5758964879852125
0.44087816150982156,0.9091871855970347,0.5758964879852125
0.44074977532417514,0.9091631355932204,0.5758964879852125
0.44074977532417514,0.9094039735099337,0.5758964879852125
0.44074977532417514,0.9096449390567037,0.5758964879852125
0.4406213891385287,0.9096209912536443,0.5758964879852125
0.4404930029528823,0.9095970307529162,0.5758964879852125
0.4403646167672359,0.909573057544418,0.5758964879852125
0.4403646167672359,0.9098143236074271,0.5758964879852125
0.4402362305815894,0.9097903953303264,0.5758964879852125
0.4402362305815894,0.910031847133758,0.5758964879852125
0.44010784439594297,0.9100079638970002,0.5758964879852125
0.43997945821029655,0.909984067976633,0.5758964879852125
0.4398510720246501,0.9099601593625498,0.5758964879852125
0.4397226858390037,0.9099362380446334,0.5758964879852125
0.4395942996533573,0.9099123040127558,0.5758964879852125
0.43946591346771086,0.9098883572567783,0.5758964879852125
0.43933752728206443,0.9098643977665515,0.5758964879852125
0.439209141096418,0.9098404255319149,0.5758964879852125
0.4390807549107716,0.9098164405426975,0.5758964879852125
0.4390807549107716,0.9100585417775412,0.5758964879852125
0.43895236872512516,0.9100346020761245,0.5758964879852125
0.43882398253947874,0.9100106496272631,0.5758964879852125
0.4386955963538323,0.9099866844207724,0.5758964879852125
0.4385672101681859,0.9099627064464572,0.5758964879852125
0.4385672101681859,0.910205169197975,0.5758964879852125
0.43843882398253947,0.910181236673774,0.5758964879852125
0.43831043779689305,0.910157291388963,0.5758964879852125
0.4381820516112466,0.9101333333333333,0.5758964879852125
0.4380536654256002,0.9101093624966657,0.5758964879852125
0.4379252792399538,0.91008537886873,0.5758964879852125
0.43779689305430736,0.9100613824392848,0.5758964879852125
0.43766850686866093,0.910037373198078,0.5758964879852125
0.4375401206830145,0.9100133511348465,0.5758964879852125
0.4374117344973681,0.9099893162393162,0.5758964879852125
0.43728334831172166,0.9099652685012023,0.5758964879852125
0.43715496212607524,0.9099412079102085,0.5758964879852125
0.43715496212607524,0.9101844426623897,0.5758964879852125
0.4370265759404288,0.9101604278074866,0.5758964879852125
0.4368981897547824,0.9101364001069805,0.5758964879852125
0.436769803569136,0.9101123595505618,0.5758964879852125
0.43664141738348955,0.9100883061279101,0.5758964879852125
0.4365130311978431,0.9100642398286938,0.5758964879852125
0.4363846450121967,0.9100401606425703,0.5758964879852125
0.4362562588265503,0.9100160685591858,0.5758964879852125
0.43599948645525743,0.909967845659164,0.5758964879852125
0.435871100269611,0.9099437148217636,0.5758964879852125
0.435871100269611,0.9101876675603218,0.5758964879852125
0.4357427140839646,0.9101635827299545,0.5758964879852125
0.43561432789831817,0.9101394849785408,0.5758964879852125
0.43548594171267174,0.9101153742956801,0.5758964879852125
0.4353575555270253,0.9100912506709609,0.5758964879852125
0.43522916934137884,0.9100671140939597,0.5758964879852125
0.43522916934137884,0.91031149301826,0.5758964879852125
0.43522916934137884,0.9105560032232071,0.5758964879852125
0.434972396970086,0.9105079279763505,0.5758964879852125
0.434972396970086,0.910752688172043,0.5758964879852125
0.43484401078443957,0.9107286905082012,0.5758964879852125
0.43471562459879315,0.9107046799354491,0.5758964879852125
0.4345872384131467,0.9106806564433683,0.5758964879852125
0.4344588522275003,0.9106566200215285,0.5758964879852125
0.4343304660418539,0.9106325706594885,0.5758964879852125
0.4343304660418539,0.910877759827679,0.5758964879852125
0.43420207985620746,0.9108537570697549,0.5758964879852125
0.43407369367056103,0.9108297413793104,0.5758964879852125
0.4339453074849146,0.9108057127458906,0.5758964879852125
0.4339453074849146,0.9110512129380054,0.5758964879852125
0.4339453074849146,0.9112968455109194,0.5758964879852125
0.4338169212992682,0.9112729234088457,0.5758964879852125
0.43368853511362176,0.9112489884003238,0.5758964879852125
0.43368853511362176,0.9114948731786292,0.5758964879852125
0.43356014892797534,0.9114709851551956,0.5758964879852125
0.4334317627423289,0.9114470842332614,0.5758964879852125
0.4333033765566825,0.9114231704023764,0.5758964879852125
0.4331749903710361,0.9113992436520799,0.5758964879852125
0.43304660418538965,0.9113753039718995,0.5758964879852125
0.4327898318140968,0.9113273857799405,0.5758964879852125
0.4327898318140968,0.9115738236884803,0.5758964879852125
0.4327898318140968,0.9118203949147958,0.5758964879852125
0.4326614456284504,0.9117965367965368,0.5758964879852125
0.43253305944280396,0.9117726657645466,0.5758964879852125
0.43240467325715753,0.9117487818083378,0.5758964879852125
0.4322762870715111,0.9117248849174113,0.5758964879852125
0.43201951470021827,0.9119241192411924,0.5758964879852125
0.43189112851457184,0.9119002439685552,0.5758964879852125
0.4317627423289254,0.9118763557483731,0.5758964879852125
0.431634356143279,0.9118524545701112,0.5758964879852125
0.4315059699576326,0.911828540423223,0.5758964879852125
0.43137758377198615,0.9118046132971506,0.5758964879852125
0.4312491975863397,0.9117806731813246,0.5758964879852125
0.4312491975863397,0.9120282378495791,0.5758964879852125
0.4311208114006933,0.9120043454644216,0.5758964879852125
0.4309924252150469,0.9119804400977995,0.5758964879852125
0.4306072666581076,0.9119086460032626,0.5758964879852125
0.4304788804724612,0.911884688604841,0.5758964879852125
0.4304788804724612,0.9121327529923831,0.5758964879852125
0.43035049428681477,0.912108843537415,0.5758964879852125
0.43035049428681477,0.9123571039738705,0.5758964879852125
0.4302221081011683,0.9125816993464052,0.5758964879852125
0.43009372191552186,0.9125578861345682,0.5758964879852125
0.43009372191552186,0.9128065395095368,0.5758964879852125
0.429836949544229,0.9127589967284624,0.5758964879852125
0.4297085633585826,0.9127352058903736,0.5758964879852125
0.4295801771729362,0.9127114020731042,0.5758964879852125
0.4295801771729362,0.9129604365620737,0.5758964879852125
0.42945179098728975,0.9129366812227074,0.5758964879852125
0.4293234048016433,0.9129129129129129,0.5758964879852125
0.4291950186159969,0.9128891316220644,0.5758964879852125
0.4290666324303505,0.9128653373395247,0.5758964879852125
0.42893824624470406,0.9128415300546449,0.5758964879852125
0.42880986005905763,0.9128177097567641,0.5758964879852125
0.42880986005905763,0.9130672498633133,0.5758964879852125
0.4286814738734112,0.9130434782608695,0.5758964879852125
0.4285530876877648,0.9130196936542669,0.5758964879852125
0.42829631531647194,0.9129720853858785,0.5758964879852125
0.4281679291308255,0.9129482617027102,0.5758964879852125
0.4280395429451791,0.9129244249726177,0.5758964879852125
0.4280395429451791,0.9131744727471925,0.5758964879852125
0.4279111567595327,0.9131506849315069,0.5758964879852125
0.42778277057388625,0.9131268840778295,0.5758964879852125
0.4276543843882398,0.9131030701754386,0.5758964879852125
0.4275259982025934,0.9130792432136002,0.5758964879852125
0.427397612016947,0.9130554031815689,0.5758964879852125
0.42726922583130056,0.9130315500685872,0.5758964879852125
0.42714083964565414,0.9130076838638859,0.5758964879852125
0.4270124534600077,0.912983804556684,0.5758964879852125
0.4268840672743613,0.9129599121361889,0.5758964879852125
0.42662729490306844,0.9129120879120879,0.5758964879852125
0.426498908717422,0.912888156086837,0.5758964879852125
0.4263705225317756,0.9128642111050027,0.5758964879852125
0.4262421363461292,0.9128402529557328,0.5758964879852125
0.42611375016048275,0.9128162816281629,0.5758964879852125
0.42598536397483633,0.9127922971114167,0.5758964879852125
0.4258569777891899,0.9127682993946065,0.5758964879852125
0.4257285916035435,0.9127442884668319,0.5758964879852125
0.42560020541789706,0.9127202643171806,0.5758964879852125
0.42547181923225064,0.9129476584022038,0.5758964879852125
0.42534343304660416,0.9129236704326261,0.5758964879852125
0.42521504686095773,0.9128996692392503,0.5758964879852125
0.4250866606753113,0.9128756548111386,0.5758964879852125
0.4249582744896649,0.9128516271373415,0.5758964879852125
0.42482988830401847,0.9128275862068965,0.5758964879852125
0.42470150211837204,0.91280353200883,0.5758964879852125
0.4245731159327256,0.9127794645321556,0.5758964879852125
0.4244447297470792,0.9127553837658752,0.5758964879852125
0.4243163435614328,0.9127312896989782,0.5758964879852125
0.4243163435614328,0.9129834254143646,0.5758964879852125
0.42418795737578635,0.9129593810444874,0.5758964879852125
0.42418795737578635,0.9132117191818684,0.5758964879852125
0.42405957119013993,0.9131877246336744,0.5758964879852125
0.4239311850044935,0.9131637168141593,0.5758964879852125
0.4238027988188471,0.9131396957123098,0.5758964879852125
0.42367441263320066,0.9131156613171002,0.5758964879852125
0.42354602644755424,0.9130916136174924,0.5758964879852125
0.4234176402619078,0.9130675526024363,0.5758964879852125
0.4232892540762614,0.9130434782608695,0.5758964879852125
0.42316086789061497,0.9130193905817174,0.5758964879852125
0.42303248170496854,0.9129952895538931,0.5758964879852125
0.4229040955193221,0.9129711751662971,0.5758964879852125
0.4229040955193221,0.913224286110341,0.5758964879852125
0.4227757093336757,0.9132002218524681,0.5758964879852125
0.4226473231480293,0.9131761442441054,0.5758964879852125
0.4226473231480293,0.9134295227524972,0.5758964879852125
0.42251893696238285,0.9134054954204829,0.5758964879852125
0.42251893696238285,0.9136590782898389,0.5758964879852125
0.42239055077673643,0.9136351013607331,0.5758964879852125
0.42226216459109,0.9136111111111112,0.5758964879852125
0.4221337784054436,0.9135871075298694,0.5758964879852125
0.42200539221979716,0.9135630906058921,0.5758964879852125
0.4217486198485043,0.9135150166852057,0.5758964879852125
0.4216202336628579,0.9134909596662031,0.5758964879852125
0.42149184747721147,0.9134668892598776,0.5758964879852125
0.42149184747721147,0.9137211244085722,0.5758964879852125
0.42136346129156504,0.9136971046770601,0.5758964879852125
0.4212350751059186,0.9136730715678084,0.5758964879852125
0.4209783027346258,0.9136249651713569,0.5758964879852125
0.42084991654897935,0.9136008918617614,0.5758964879852125
0.42072153036333293,0.9135768051296348,0.5758964879852125
0.4205931441776865,0.913552704963748,0.5758964879852125
0.4204647579920401,0.9135285913528591,0.5758964879852125
0.4203363718063936,0.9135044642857143,0.5758964879852125
0.4202079856207472,0.9134803237510466,0.5758964879852125
0.42007959943510076,0.9134561697375768,0.5758964879852125
0.41995121324945434,0.9134320022340129,0.5758964879852125
0.41995121324945434,0.9136871508379888,0.5758964879852125
0.4198228270638079,0.9136630343671417,0.5758964879852125
0.41956605469251507,0.9136147609728823,0.5758964879852125
0.41943766850686864,0.9135906040268457,0.5758964879852125
0.41943766850686864,0.9138461538461539,0.5758964879852125
0.4193092823212222,0.9138220481253497,0.5758964879852125
0.4191808961355758,0.9137979289112791,0.5758964879852125
0.4190525099499294,0.9137737961926092,0.5758964879852125
0.41892412376428295,0.913749649957995,0.5758964879852125
0.41879573757863653,0.9137254901960784,0.5758964879852125
0.4186673513929901,0.913701316895489,0.5758964879852125
0.41828219283605084,0.9136287156477846,0.5758964879852125
0.41828219283605084,0.9138849929873772,0.5758964879852125
0.4181538066504044,0.9138608305274972,0.5758964879852125
0.418025420464758,0.9138366545046309,0.5758964879852125
0.41789703427911157,0.9138124649073555,0.5758964879852125
0.41776864809346514,0.9137882617242348,0.5758964879852125
0.4176402619078187,0.9137640449438202,0.5758964879852125
0.4175118757221723,0.9137398145546501,0.5758964879852125
0.4173834895365259,0.9137155705452501,0.5758964879852125
0.41725510335087945,0.9136913129041327,0.5758964879852125
0.41712671716523303,0.9136670416197975,0.5758964879852125
0.4169983309795866,0.9136427566807314,0.5758964879852125
0.4168699447939402,0.913618458075408,0.5758964879852125
0.4168699447939402,0.9138755980861244,0.5758964879852125
0.41674155860829376,0.9138513513513513,0.5758964879852125
0.41661317242264734,0.9138270909602929,0.5758964879852125
0.4164847862370009,0.9138028169014084,0.5758964879852125
0.4163564000513545,0.9140360766629086,0.5758964879852125
0.41622801386570807,0.914011840992388,0.5758964879852125
0.4159712414944152,0.9139633286318759,0.5758964879852125
0.4158428553087688,0.9139390519187359,0.5758964879852125
0.4157144691231224,0.9139147615015524,0.5758964879852125
0.41558608293747595,0.9138904573687182,0.5758964879852125
0.41545769675182953,0.9138661395086134,0.5758964879852125
0.41532931056618305,0.9138418079096046,0.5758964879852125
0.41520092438053663,0.9138174625600453,0.5758964879852125
0.41520092438053663,0.9140757490107405,0.5758964879852125
0.4150725381948902,0.9140514560361889,0.5758964879852125
0.4149441520092438,0.9140271493212669,0.5758964879852125
0.41481576582359736,0.914002828854314,0.5758964879852125
0.41481576582359736,0.9142614601018676,0.5758964879852125
0.41468737963795094,0.9142371921879423,0.5758964879852125
0.4145589934523045,0.9142129105322764,0.5758964879852125
0.4144306072666581,0.9141886151231946,0.5758964879852125
0.4144306072666581,0.9144475920679886,0.5758964879852125
0.41430222108101167,0.9144233493907623,0.5758964879852125
0.41430222108101167,0.9146825396825397,0.5758964879852125
0.4140454487097188,0.9146341463414634,0.5758964879852125
0.413788676338426,0.9148453022991768,0.5758964879852125
0.41366029015277955,0.9148211243611585,0.5758964879852125
0.41366029015277955,0.9150809429139449,0.5758964879852125
0.41353190396713313,0.9150568181818182,0.5758964879852125
0.4134035177814867,0.9150326797385621,0.5758964879852125
0.4132751315958403,0.9150085275724844,0.5758964879852125
0.41314674541019386,0.9149843616718795,0.5758964879852125
0.41301835922454744,0.9149601820250285,0.5758964879852125
0.41301835922454744,0.9152204836415363,0.5758964879852125
0.412889973038901,0.9151963574274331,0.5758964879852125
0.4127615868532546,0.9151722174779391,0.5758964879852125
0.41263320066760817,0.9151480637813212,0.5758964879852125
0.41250481448196175,0.9151238963258331,0.5758964879852125
0.4123764282963153,0.9150997150997151,0.5758964879852125
0.4122480421106689,0.9150755200911941,0.5758964879852125
0.4121196559250225,0.9150513112884835,0.5758964879852125
0.41199126973937605,0.9150270886797833,0.5758964879852125
0.41186288355372963,0.91500285225328,0.5758964879852125
0.4117344973680832,0.914978601997147,0.5758964879852125
0.41147772499679036,0.9149300599486154,0.5758964879852125
0.41134933881114394,0.9149057681324957,0.5758964879852125
0.41134933881114394,0.9151670951156813,0.5758964879852125
0.4112209526254975,0.9151428571428571,0.5758964879852125
0.4110925664398511,0.9151186053158045,0.5758964879852125
0.41096418025420467,0.9150943396226415,0.5758964879852125
0.41083579406855825,0.9150700600514727,0.5758964879852125
0.4107074078829118,0.915045766590389,0.5758964879852125
0.4107074078829118,0.915307582260372,0.5758964879852125
0.4105790216972654,0.9152833428734974,0.5758964879852125
0.410450635511619,0.915259089607787,0.5758964879852125
0.4103222493259725,0.9152348224513173,0.5758964879852125
0.41006547695467965,0.9151862464183381,0.5758964879852125
0.40993709076903323,0.9151619375179134,0.5758964879852125
0.40993709076903323,0.9154243119266054,0.5758964879852125
0.4098087045833868,0.9154000573558934,0.5758964879852125
0.4096803183977404,0.9153757888697648,0.5758964879852125
0.40955193221209396,0.9153515064562411,0.5758964879852125
0.40903838746950827,0.9152542372881356,0.5758964879852125
0.40891000128386185,0.9152298850574713,0.5758964879852125
0.4087816150982154,0.9152055188272492,0.5758964879852125
0.408653228912569,0.9151811385853938,0.5758964879852125
0.4085248427269226,0.915156744319816,0.5758964879852125
0.40839645654127615,0.9151323360184119,0.5758964879852125
0.40826807035562973,0.9151079136690647,0.5758964879852125
0.4081396841699833,0.915083477259643,0.5758964879852125
0.4080112979843369,0.9150590267780018,0.5758964879852125
0.40788291179869046,0.9150345622119815,0.5758964879852125
0.40775452561304404,0.9150100835494094,0.5758964879852125
0.4076261394273976,0.9149855907780979,0.5758964879852125
0.4076261394273976,0.9152493513980975,0.5758964879852125
0.4074977532417512,0.9152249134948097,0.5758964879852125
0.40736936705610477,0.9152004614940871,0.5758964879852125
0.40724098087045835,0.9151759953837276,0.5758964879852125
0.4071125946848119,0.9151515151515152,0.5758964879852125
0.4069842084991655,0.9151270207852193,0.5758964879852125
0.4069842084991655,0.9153912792376552,0.5758964879852125
0.4068558223135191,0.9153668399768919,0.5758964879852125
0.40672743612787265,0.9153423865934701,0.5758964879852125
0.40659904994222623,0.9153179190751445,0.5758964879852125
0.4064706637565798,0.915293437409656,0.5758964879852125
0.4063422775709334,0.915268941584731,0.5758964879852125
0.40621389138528696,0.9152444315880821,0.5758964879852125
0.4059571190139941,0.9151953690303908,0.5758964879852125
0.4058287328283477,0.9151708164447018,0.5758964879852125
0.40570034664270127,0.915146249637996,0.5758964879852125
0.40557196045705485,0.9151216685979142,0.5758964879852125
0.40544357427140837,0.9150970733120835,0.5758964879852125
0.40531518808576195,0.9150724637681159,0.5758964879852125
0.4051868019001155,0.9150478399536097,0.5758964879852125
0.4050584157144691,0.9150232018561485,0.5758964879852125
0.4049300295288227,0.9149985494633014,0.5758964879852125
0.40480164334317625,0.9149738827626234,0.5758964879852125
0.40467325715752983,0.9149492017416546,0.5758964879852125
0.40467325715752983,0.9152148664343787,0.5758964879852125
0.40467325715752983,0.9154806854487366,0.5758964879852125
0.40467325715752983,0.915746658919233,0.5758964879852125
0.40467325715752983,0.9160127869805289,0.5758964879852125
0.4045448709718834,0.9162547252108171,0.5758964879852125
0.40428809860059056,0.916205993599069,0.5758964879852125
0.40428809860059056,0.9164726426076834,0.5758964879852125
0.40415971241494414,0.9164483260553129,0.5758964879852125
0.4040313262292977,0.9164239953407105,0.5758964879852125
0.4039029400436513,0.9163996504515002,0.5758964879852125
0.40377455385800487,0.9163752913752914,0.5758964879852125
0.40364616767235845,0.9163509180996794,0.5758964879852125
0.4033893953010656,0.9163021289005541,0.5758964879852125
0.4032610091154192,0.9162777129521587,0.5758964879852125
0.40313262292977275,0.9162532827545958,0.5758964879852125
0.40313262292977275,0.9165207238762405,0.5758964879852125
0.40313262292977275,0.9167883211678832,0.5758964879852125
0.40313262292977275,0.9170560747663551,0.5758964879852125
0.40300423674412633,0.9170318434122116,0.5758964879852125
0.4028758505584799,0.9170075978959673,0.5758964879852125
0.4027474643728335,0.9169833382052032,0.5758964879852125
0.4027474643728335,0.9172514619883041,0.5758964879852125
0.4023623058158942,0.9171788118232368,0.5758964879852125
0.4022339196302478,0.9171545667447307,0.5758964879852125
0.40210553344460137,0.9173989455184535,0.5758964879852125
0.40197714725895495,0.9173747436273073,0.5758964879852125
0.4018487610733085,0.9173505275498242,0.5758964879852125
0.4017203748876621,0.9173262972735268,0.5758964879852125
0.4015919887020157,0.9178403755868545,0.5758964879852125
0.40146360251636926,0.9178162606398591,0.5758964879852125
0.40133521633072283,0.9177921315325895,0.5758964879852125
0.40133521633072283,0.9180616740088106,0.5758964879852125
0.40133521633072283,0.918331374853114,0.5758964879852125
0.40133521633072283,0.9186012342051131,0.5758964879852125
0.4012068301450764,0.9185773074661964,0.5758964879852125
0.40107844395943,0.9185533666568656,0.5758964879852125
0.40095005777378356,0.9185294117647059,0.5758964879852125
0.40082167158813714,0.9185054427772874,0.5758964879852125
0.4006932854024907,0.918481459682166,0.5758964879852125
0.4005648992168443,0.9184574624668825,0.5758964879852125
0.4004365130311978,0.9184334511189635,0.5758964879852125
0.4003081268455514,0.9184094256259204,0.5758964879852125
0.40017974065990497,0.9183853859752504,0.5758964879852125
0.40005135447425855,0.9183613321544356,0.5758964879852125
0.40005135447425855,0.9186320754716981,0.5758964879852125
0.3999229682886121,0.9186080802123268,0.5758964879852125
0.3999229682886121,0.9188790560471977,0.5758964879852125
0.3997945821029657,0.9188551195042786,0.5758964879852125
0.3996661959173193,0.9188311688311688,0.5758964879852125
0.39953780973167285,0.9188072040153529,0.5758964879852125
0.39940942354602643,0.9187832250443001,0.5758964879852125
0.39928103736038,0.9187592319054653,0.5758964879852125
0.3991526511747336,0.9187352245862884,0.5758964879852125
0.39902426498908716,0.9187112030741945,0.5758964879852125
0.39889587880344074,0.9186871673565937,0.5758964879852125
0.39889587880344074,0.9189588879029873,0.5758964879852125
0.3986391064321479,0.9189109203906481,0.5758964879852125
0.39851072024650147,0.9188869153345175,0.5758964879852125
0.39838233406085505,0.9188628960615931,0.5758964879852125
0.3982539478752086,0.9188388625592417,0.5758964879852125
0.3981255616895622,0.9188148148148149,0.5758964879852125
0.3979971755039158,0.918790752815649,0.5758964879852125
0.3979971755039158,0.9190631485324637,0.5758964879852125
0.3979971755039158,0.9193357058125742,0.5758964879852125
0.39786878931826936,0.919311776920795,0.5758964879852125
0.39774040313262293,0.9192878338278931,0.5758964879852125
0.39774040313262293,0.9195607005046008,0.5758964879852125
0.3976120169469765,0.9195368171021377,0.5758964879852125
0.3974836307613301,0.9195129195129195,0.5758964879852125
0.39735524457568366,0.9194890077243019,0.5758964879852125
0.39722685839003724,0.9194650817236255,0.5758964879852125
0.3970984722043908,0.9194411414982164,0.5758964879852125
0.3970984722043908,0.91971454058876,0.5758964879852125
0.3970984722043908,0.9199881023200476,0.5758964879852125
0.39684169983309797,0.9199404761904761,0.5758964879852125
0.39671331364745155,0.9199166418576957,0.5758964879852125
0.3965849274618051,0.9198927933293627,0.5758964879852125
0.3964565412761587,0.9198689305927912,0.5758964879852125
0.3963281550905123,0.9198450536352801,0.5758964879852125
0.39619976890486586,0.9198211624441133,0.5758964879852125
0.39619976890486586,0.9200954084675015,0.5758964879852125
0.39619976890486586,0.9203698180733672,0.5758964879852125
0.39607138271921943,0.920346062052506,0.5758964879852125
0.39607138271921943,0.9206207102357505,0.5758964879852125
0.395942996533573,0.9205970149253732,0.5758964879852125
0.3958146103479266,0.9208482676224612,0.5758964879852125
0.39568622416228016,0.9208246190618464,0.5758964879852125
0.39555783797663374,0.9208009563658099,0.5758964879852125
0.39542945179098726,0.9207772795216741,0.5758964879852125
0.39542945179098726,0.9210526315789473,0.5758964879852125
0.39530106560534084,0.9210290158540233,0.5758964879852125
0.39530106560534084,0.9213046080191503,0.5758964879852125
0.3951726794196944,0.9212810535767734,0.5758964879852125
0.395044293234048,0.9212574850299401,0.5758964879852125
0.39491590704840157,0.9212339023659778,0.5758964879852125
0.39491590704840157,0.9215098861593769,0.5758964879852125
0.39478752086275515,0.9214863649985017,0.5758964879852125
0.3946591346771087,0.9214628297362111,0.5758964879852125
0.3945307484914623,0.9214392803598201,0.5758964879852125
0.3944023623058159,0.9214157168566287,0.5758964879852125
0.39427397612016946,0.9213921392139214,0.5758964879852125
0.39427397612016946,0.9216686674669868,0.5758964879852125
0.39414558993452303,0.9216451516061243,0.5758964879852125
0.3940172037488766,0.9216216216216216,0.5758964879852125
0.3940172037488766,0.9218984680084109,0.5758964879852125
0.3938888175632302,0.921875,0.5758964879852125
0.39376043137758376,0.9218515178839796,0.5758964879852125
0.39376043137758376,0.9221286831028263,0.5758964879852125
0.39363204519193734,0.9223826714801444,0.5758964879852125
0.3935036590062909,0.9223593138730063,0.5758964879852125
0.39324688663499807,0.9225903614457831,0.5758964879852125
0.39311850044935165,0.9225670382645376,0.5758964879852125
0.3929901142637052,0.9225437010247137,0.5758964879852125
0.3929901142637052,0.9228218269520652,0.5758964879852125
0.3928617280780588,0.9227985524728589,0.5758964879852125
0.3927333418924124,0.9227752639517346,0.5758964879852125
0.3927333418924124,0.9230537115268558,0.5758964879852125
0.39247656952111953,0.9230072463768116,0.5758964879852125
0.3923481833354731,0.9229839927514346,0.5758964879852125
0.3922197971498267,0.9229607250755287,0.5758964879852125
0.39209141096418026,0.9229374433363554,0.5758964879852125
0.3918346385928874,0.9228908376171757,0.5758964879852125
0.391706252407241,0.9228675136116152,0.5758964879852125
0.3915778662215946,0.9228441754916793,0.5758964879852125
0.39144948003594815,0.9228208232445521,0.5758964879852125
0.3913210938503017,0.9227974568574023,0.5758964879852125
0.3913210938503017,0.9230769230769231,0.5758964879852125
0.3913210938503017,0.9233565586186004,0.5758964879852125
0.3911927076646553,0.9233333333333333,0.5758964879852125
0.3910643214790089,0.9235900545785325,0.5758964879852125
0.39093593529336246,0.9235668789808917,0.5758964879852125
0.39080754910771603,0.9235436893203883,0.5758964879852125
0.3906791629220696,0.9235204855842185,0.5758964879852125
0.3905507767364232,0.9234972677595629,0.5758964879852125
0.3902940043651303,0.9234507897934386,0.5758964879852125
0.39016561817948386,0.9234275296262534,0.5758964879852125
0.39003723199383744,0.9234042553191489,0.5758964879852125
0.3897804596225446,0.9233576642335767,0.5758964879852125
0.38965207343689817,0.9233343474292668,0.5758964879852125
0.38952368725125175,0.9233110164333537,0.5758964879852125
0.3893953010656053,0.9232876712328767,0.5758964879852125
0.3891385286943125,0.9232409381663113,0.5758964879852125
0.38901014250866606,0.923217550274223,0.5758964879852125
0.38888175632301963,0.9234756097560975,0.5758964879852125
0.3887533701373732,0.9234522720341568,0.5758964879852125
0.3887533701373732,0.9237339841366687,0.5758964879852125
0.3887533701373732,0.9240158681721087,0.5758964879852125
0.3886249839517268,0.923992673992674,0.5758964879852125
0.38849659776608036,0.923969465648855,0.5758964879852125
0.38836821158043394,0.9239462431276726,0.5758964879852125
0.3882398253947875,0.923923006416132,0.5758964879852125
0.3881114392091411,0.9238997555012225,0.5758964879852125
0.3879830530234947,0.9238764903699175,0.5758964879852125
0.38785466683784825,0.9238532110091743,0.5758964879852125
0.38785466683784825,0.9241358213520955,0.5758964879852125
0.3877262806522018,0.9241126070991432,0.5758964879852125
0.3877262806522018,0.9243954698500153,0.5758964879852125
0.3875978944665554,0.9243723208818126,0.5758964879852125
0.387469508280909,0.9243491577335375,0.5758964879852125
0.38734112209526256,0.9243259803921569,0.5758964879852125
0.38721273590961613,0.9243027888446215,0.5758964879852125
0.3870843497239697,0.9242795830778663,0.5758964879852125
0.3869559635383233,0.9245398773006135,0.5758964879852125
0.38682757735267687,0.9245167229211415,0.5758964879852125
0.38669919116703044,0.9244935543278084,0.5758964879852125
0.386570804981384,0.9244703715075223,0.5758964879852125
0.3864424187957376,0.9244471744471745,0.5758964879852125
0.3863140326100912,0.9244239631336405,0.5758964879852125
0.38618564642444475,0.9244007375537799,0.5758964879852125
0.3860572602387983,0.9243774976944359,0.5758964879852125
0.3859288740531519,0.9243542435424354,0.5758964879852125
0.3858004878675055,0.9243309750845894,0.5758964879852125
0.3858004878675055,0.9246153846153846,0.5758964879852125
0.38567210168185906,0.9245921822099108,0.5758964879852125
0.3855437154962126,0.9245689655172413,0.5758964879852125
0.38541532931056616,0.9245457345241762,0.5758964879852125
0.38528694312491973,0.9245224892174985,0.5758964879852125
0.3851585569392733,0.9244992295839753,0.5758964879852125
0.3851585569392733,0.9247842170160296,0.5758964879852125
0.3851585569392733,0.9250693802035153,0.5758964879852125
0.3850301707536269,0.9250462677359654,0.5758964879852125
0.38490178456798047,0.9250231410058624,0.5758964879852125
0.38477339838233404,0.925,0.5758964879852125
0.3846450121966876,0.924976844705156,0.5758964879852125
0.3845166260110412,0.9249536751080915,0.5758964879852125
0.3843882398253948,0.9249304911955515,0.5758964879852125
0.38425985363974835,0.9249072929542645,0.5758964879852125
0.3841314674541019,0.9248840803709428,0.5758964879852125
0.3840030812684555,0.924860853432282,0.5758964879852125
0.3840030812684555,0.9251469223631302,0.5758964879852125
0.3838746950828091,0.9251237623762376,0.5758964879852125
0.3838746950828091,0.9254100897554937,0.5758964879852125
0.38374630889716266,0.9253869969040248,0.5758964879852125
0.38361792271151623,0.9253638897491483,0.5758964879852125
0.3834895365258698,0.9253407682775713,0.5758964879852125
0.3834895365258698,0.9256275178184072,0.5758964879852125
0.3834895365258698,0.925914445133292,0.5758964879852125
0.3833611503402234,0.925891472868217,0.5758964879852125
0.38323276415457697,0.9258684863523573,0.5758964879852125
0.38310437796893054,0.9258454855724481,0.5758964879852125
0.38310437796893054,0.9261328367473619,0.5758964879852125
0.38310437796893054,0.9264203663458553,0.5758964879852125
0.3829759917832841,0.9263975155279504,0.5758964879852125
0.3828476055976377,0.9263746505125815,0.5758964879852125
0.3827192194119913,0.9263517712865134,0.5758964879852125
0.38259083322634485,0.9263288778364936,0.5758964879852125
0.38246244704069843,0.9263059701492538,0.5758964879852125
0.38246244704069843,0.9265940902021773,0.5758964879852125
0.38246244704069843,0.9268823895457374,0.5758964879852125
0.38246244704069843,0.927170868347339,0.5758964879852125
0.382334060855052,0.927148194271482,0.5758964879852125
0.38207728848375916,0.9271028037383178,0.5758964879852125
0.3818205161124663,0.9270573566084788,0.5758964879852125
0.3818205161124663,0.927346429685064,0.5758964879852125
0.3816921299268199,0.9273237679351216,0.5758964879852125
0.38156374374117347,0.9273010920436817,0.5758964879852125
0.38156374374117347,0.9275905118601748,0.5758964879852125
0.38156374374117347,0.9278801123946301,0.5758964879852125
0.38143535755552704,0.9278575890068707,0.5758964879852125
0.3813069713698806,0.9278350515463918,0.5758964879852125
0.3811785851842342,0.9278125,0.5758964879852125
0.3811785851842342,0.9281025320412629,0.5758964879852125
0.3811785851842342,0.9283927454659162,0.5758964879852125
0.3810501989985878,0.9283703472005005,0.5758964879852125
0.38092181281294135,0.9283479349186483,0.5758964879852125
0.38079342662729493,0.9283255086071988,0.5758964879852125
0.3806650404416485,0.9283030682529744,0.5758964879852125
0.380536654256002,0.928280613842781,0.5758964879852125
0.3804082680703556,0.9282581453634086,0.5758964879852125
0.3802798818847092,0.9282356628016296,0.5758964879852125
0.38015149569906276,0.9282131661442006,0.5758964879852125
0.38002310951341634,0.9281906553778614,0.5758964879852125
0.38002310951341634,0.9284818067754078,0.5758964879852125
0.38002310951341634,0.9287731408848446,0.5758964879852125
0.3798947233277699,0.9287507846829881,0.5758964879852125
0.3797663371421235,0.9287284144427002,0.5758964879852125
0.3797663371421235,0.9290201005025126,0.5758964879852125
0.3797663371421235,0.9293119698397738,0.5758964879852125
0.37963795095647707,0.9292897548711502,0.5758964879852125
0.37963795095647707,0.9295818924866395,0.5758964879852125
0.37950956477083064,0.929559748427673,0.5758964879852125
0.3792527923995378,0.9295154185022027,0.5758964879852125
0.3791244062138914,0.9294932326093799,0.5758964879852125
0.3791244062138914,0.9297858942065491,0.5758964879852125
0.37899602002824495,0.9297637795275591,0.5758964879852125
0.37886763384259853,0.9297416509136736,0.5758964879852125
0.3787392476569521,0.9297195083517176,0.5758964879852125
0.3786108614713057,0.9296973518284993,0.5758964879852125
0.37848247528565926,0.9296751813308105,0.5758964879852125
0.37835408910001284,0.9296529968454259,0.5758964879852125
0.3782257029143664,0.9296307983591038,0.5758964879852125
0.3782257029143664,0.9299242424242424,0.5758964879852125
0.37809731672872,0.9299021155667825,0.5758964879852125
0.37796893054307357,0.9298799747315224,0.5758964879852125
0.37784054435742714,0.9298578199052133,0.5758964879852125
0.3777121581717807,0.9298356510745891,0.5758964879852125
0.3775837719861343,0.9298134682263673,0.5758964879852125
0.3774553858004879,0.9297912713472486,0.5758964879852125
0.37732699961484145,0.9297690604239165,0.5758964879852125
0.3770702272435486,0.929724596391263,0.5758964879852125
0.3769418410579022,0.9297023432552248,0.5758964879852125
0.37681345487225576,0.9296800760215395,0.5758964879852125
0.37668506868660934,0.9296577946768061,0.5758964879852125
0.3765566825009629,0.929635499207607,0.5758964879852125
0.3765566825009629,0.9299302473050095,0.5758964879852125
0.3764282963153165,0.929908024104028,0.5758964879852125
0.37629991012967007,0.9301808949539828,0.5758964879852125
0.37617152394402364,0.9301587301587302,0.5758964879852125
0.3760431377583772,0.9301365512861226,0.5758964879852125
0.3759147515727308,0.9301143583227446,0.5758964879852125
0.3757863653870844,0.9300921512551636,0.5758964879852125
0.3757863653870844,0.9303877940241576,0.5758964879852125
0.37565797920143795,0.9303656597774245,0.5758964879852125
0.3755295930157915,0.9303435114503816,0.5758964879852125
0.37540120683014505,0.9303213490295895,0.5758964879852125
0.37527282064449863,0.9302991725015913,0.5758964879852125
0.3751444344588522,0.9302769818529131,0.5758964879852125
0.3750160482732058,0.9302547770700637,0.5758964879852125
0.37488766208755936,0.9302325581395349,0.5758964879852125
0.37475927590191294,0.9302103250478011,0.5758964879852125
0.3746308897162665,0.9301880777813197,0.5758964879852125
0.3745025035306201,0.9301658163265306,0.5758964879852125
0.3745025035306201,0.9304625199362041,0.5758964879852125
0.37437411734497367,0.9304403318442884,0.5758964879852125
0.3741173449736808,0.9303959131545338,0.5758964879852125
0.3739889587880344,0.9303736825295432,0.5758964879852125
0.373860572602388,0.9303514376996805,0.5758964879852125
0.37373218641674155,0.9303291786513262,0.5758964879852125
0.37360380023109513,0.930306905370844,0.5758964879852125
0.37360380023109513,0.9306044131755676,0.5758964879852125
0.3734754140454487,0.9305822136916186,0.5758964879852125
0.3733470278598023,0.93056,0.5758964879852125
0.37321864167415586,0.9305377720870679,0.5758964879852125
0.37309025548850944,0.9305155299391611,0.5758964879852125
0.3728334831172166,0.9304710028836911,0.5758964879852125
0.37270509693157017,0.930448717948718,0.5758964879852125
0.37257671074592374,0.9304264187239499,0.5758964879852125
0.3724483245602773,0.9304041051956382,0.5758964879852125
0.3723199383746309,0.930381777350016,0.5758964879852125
0.3723199383746309,0.9306803594351734,0.5758964879852125
0.3721915521889845,0.9306581059390048,0.5758964879852125
0.37193477981769163,0.9306135560552522,0.5758964879852125
0.3718063936320452,0.9305912596401028,0.5758964879852125
0.3716780074463988,0.9305689488910318,0.5758964879852125
0.37154962126075236,0.930845931167578,0.5758964879852125
0.37142123507510594,0.9308236808236808,0.5758964879852125
0.3712928488894595,0.9308014161570647,0.5758964879852125
0.3711644627038131,0.9307791371538957,0.5758964879852125
0.37103607651816667,0.9307568438003221,0.5758964879852125
0.37090769033252025,0.9307345360824743,0.5758964879852125
0.37090769033252025,0.9310344827586207,0.5758964879852125
0.3706509179612274,0.9309900032247662,0.5758964879852125
0.3706509179612274,0.9312903225806451,0.5758964879852125
0.3705225317755809,0.9312681510164569,0.5758964879852125
0.3703941455899345,0.9312459651387992,0.5758964879852125
0.3702657594042881,0.9312237649338069,0.5758964879852125
0.37013737321864165,0.9312015503875969,0.5758964879852125
0.37013737321864165,0.931502423263328,0.5758964879852125
0.37013737321864165,0.9318034906270201,0.5758964879852125
0.37000898703299523,0.9317814419657291,0.5758964879852125
0.37000898703299523,0.9320827943078913,0.5758964879852125
0.37000898703299523,0.9323843416370107,0.5758964879852125
0.36962382847605596,0.9323186528497409,0.5758964879852125
0.36962382847605596,0.9326206673145448,0.5758964879852125
0.36949544229040954,0.932598833441348,0.5758964879852125
0.36949544229040954,0.9329011345218801,0.5758964879852125
0.3693670561047631,0.9328793774319066,0.5758964879852125
0.3693670561047631,0.9331819656179047,0.5758964879852125
0.36911028373347027,0.9331385913664395,0.5758964879852125
0.36898189754782384,0.9331168831168831,0.5758964879852125
0.3688535113621774,0.9330951607664826,0.5758964879852125
0.368725125176531,0.9330734243014944,0.5758964879852125
0.3685967389908846,0.9330516737081573,0.5758964879852125
0.36846835280523815,0.9333333333333333,0.5758964879852125
0.36846835280523815,0.933636955107352,0.5758964879852125
0.36833996661959173,0.933615359583469,0.5758964879852125
0.3682115804339453,0.93359375,0.5758964879852125
0.3680831942482989,0.9335721263432106,0.5758964879852125
0.36795480806265246,0.9335504885993485,0.5758964879852125
0.36782642187700604,0.9335288367546432,0.5758964879852125
0.3676980356913596,0.9335071707953064,0.5758964879852125
0.3675696495057132,0.9334854907075318,0.5758964879852125
0.36744126332006677,0.9334637964774951,0.5758964879852125
0.36731287713442035,0.933442088091354,0.5758964879852125
0.3671844909487739,0.933420365535248,0.5758964879852125
0.3670561047631275,0.9333986287952988,0.5758964879852125
0.3669277185774811,0.9333768778576094,0.5758964879852125
0.36679933239183465,0.9333551127082653,0.5758964879852125
0.36667094620618823,0.9333333333333333,0.5758964879852125
0.3665425600205418,0.9333115397188624,0.5758964879852125
0.3665425600205418,0.933616742969261,0.5758964879852125
0.3664141738348954,0.9335950278050377,0.5758964879852125
0.3664141738348954,0.9339005235602095,0.5758964879852125
0.3664141738348954,0.9342062193126023,0.5758964879852125
0.36628578764924896,0.9341846758349706,0.5758964879852125
0.36628578764924896,0.9344906649197511,0.5758964879852125
0.36615740146360254,0.9344692005242464,0.5758964879852125
0.3660290152779561,0.9344477220583415,0.5758964879852125
0.3659006290923097,0.9347326992456543,0.5758964879852125
0.36577224290666327,0.9347112860892388,0.5758964879852125
0.36551547053537037,0.9346684175968484,0.5758964879852125
0.36551547053537037,0.9349753694581281,0.5758964879852125
0.3652586981640775,0.9349326322707854,0.5758964879852125
0.3651303119784311,0.9349112426035503,0.5758964879852125
0.3651303119784311,0.9352186780664256,0.5758964879852125
0.3650019257927847,0.9351973684210526,0.5758964879852125
0.36487353960713825,0.9354838709677419,0.5758964879852125
0.36474515342149183,0.9354626275930195,0.5758964879852125
0.3646167672358454,0.9354413702239789,0.5758964879852125
0.364488381050199,0.9354200988467875,0.5758964879852125
0.36435999486455256,0.9353988134475939,0.5758964879852125
0.36435999486455256,0.9357072205736894,0.5758964879852125
0.36423160867890614,0.9356860158311345,0.5758964879852125
0.3641032224932597,0.9356647970966677,0.5758964879852125
0.36384645012196687,0.9356223175965666,0.5758964879852125
0.36384645012196687,0.9359313077939234,0.5758964879852125
0.36371806393632045,0.9359101420548398,0.5758964879852125
0.363589677750674,0.9358889623265036,0.5758964879852125
0.363589677750674,0.936198347107438,0.5758964879852125
0.3634612915650276,0.9361772486772487,0.5758964879852125
0.3633329053793812,0.9361561362884552,0.5758964879852125
0.36320451919373475,0.9361350099272006,0.5758964879852125
0.36320451919373475,0.9364448857994042,0.5758964879852125
0.36320451919373475,0.9367549668874172,0.5758964879852125
0.36307613300808833,0.9367340178867175,0.5758964879852125
0.3629477468224419,0.9367130550033135,0.5758964879852125
0.3629477468224419,0.9370235333112363,0.5758964879852125
0.3628193606367955,0.9370026525198939,0.5758964879852125
0.36269097445114906,0.9369817578772802,0.5758964879852125
0.36256258826550264,0.9369608493696084,0.5758964879852125
0.36256258826550264,0.9372718221042151,0.5758964879852125
0.3624342020798562,0.9372509960159362,0.5758964879852125
0.3623058158942098,0.9375415282392027,0.5758964879852125
0.3623058158942098,0.9378531073446328,0.5758964879852125
0.36217742970856337,0.9381443298969072,0.5758964879852125
0.36204904352291695,0.93812375249501,0.5758964879852125
0.3619206573372705,0.9381031613976706,0.5758964879852125
0.3617922711516241,0.9380825565912118,0.5758964879852125
0.36153549878033125,0.9380413057961359,0.5758964879852125
0.36140711259468483,0.9380206597800733,0.5758964879852125
0.3612787264090384,0.938,0.5758964879852125
0.361150340223392,0.9379793264421474,0.5758964879852125
0.3607651816664527,0.937917222963952,0.5758964879852125
0.3607651816664527,0.9382303839732888,0.5758964879852125
0.36063679548080624,0.9382097528390113,0.5758964879852125
0.3605084092951598,0.9381891079184764,0.5758964879852125
0.36025163692386697,0.9384615384615385,0.5758964879852125
0.36012325073822055,0.9384409501505521,0.5758964879852125
0.3599948645525741,0.9384203480589023,0.5758964879852125
0.3598664783669277,0.9383997321727485,0.5758964879852125
0.3597380921812813,0.9383791024782318,0.5758964879852125
0.3597380921812813,0.9386934673366835,0.5758964879852125
0.35960970599563485,0.9386729222520107,0.5758964879852125
0.35948131980998843,0.9386523633925579,0.5758964879852125
0.35948131980998843,0.9389671361502347,0.5758964879852125
0.359352933624342,0.9389466621938947,0.5758964879852125
0.3592245474386956,0.9389261744966443,0.5758964879852125
0.35909616125304916,0.9389056730446459,0.5758964879852125
0.35896777506740274,0.938885157824043,0.5758964879852125
0.3588393888817563,0.9388646288209607,0.5758964879852125
0.3587110026961099,0.9388440860215054,0.5758964879852125
0.35858261651046347,0.9388235294117647,0.5758964879852125
0.35858261651046347,0.9391392064559516,0.5758964879852125
0.35845423032481705,0.9391187352842247,0.5758964879852125
0.3581974579535242,0.9390777515987883,0.5758964879852125
0.3580690717678778,0.939057239057239,0.5758964879852125
0.35794068558223135,0.939036712697878,0.5758964879852125
0.35794068558223135,0.9393530997304582,0.5758964879852125
0.35781229939658493,0.9393326592517695,0.5758964879852125
0.3575555270252921,0.93929173693086,0.5758964879852125
0.35742714083964566,0.9392712550607287,0.5758964879852125
0.35729875465399924,0.939250759365508,0.5758964879852125
0.3571703684683528,0.9392302498311952,0.5758964879852125
0.3570419822827064,0.939209726443769,0.5758964879852125
0.35691359609705997,0.9391891891891891,0.5758964879852125
0.35691359609705997,0.9395065900642109,0.5758964879852125
0.35678520991141355,0.9394861392832995,0.5758964879852125
0.3566568237257671,0.939465674670274,0.5758964879852125
0.3565284375401207,0.9394451962110961,0.5758964879852125
0.35614327898318143,0.9393836776159837,0.5758964879852125
0.35614327898318143,0.9397018970189702,0.5758964879852125
0.356014892797535,0.9396814639105388,0.5758964879852125
0.3558865066118886,0.9396610169491525,0.5758964879852125
0.35575812042624216,0.9396405561207188,0.5758964879852125
0.3556297342405957,0.9396200814111262,0.5758964879852125
0.35550134805494926,0.9395995928062436,0.5758964879852125
0.35537296186930284,0.9395790902919212,0.5758964879852125
0.3552445756836564,0.9395585738539898,0.5758964879852125
0.35511618949801,0.9395380434782609,0.5758964879852125
0.35511618949801,0.9398572884811417,0.5758964879852125
0.35498780331236357,0.9398368456832087,0.5758964879852125
0.35485941712671715,0.939816388983339,0.5758964879852125
0.3547310309410707,0.939795918367347,0.5758964879852125
0.3546026447554243,0.9397754338210276,0.5758964879852125
0.3544742585697779,0.9397549353301565,0.5758964879852125
0.35434587238413146,0.9397344228804902,0.5758964879852125
0.35421748619848503,0.9397138964577657,0.5758964879852125
0.3540891000128386,0.9396933560477002,0.5758964879852125
0.3539607138271922,0.9396728016359919,0.5758964879852125
0.35383232764154576,0.9396522332083191,0.5758964879852125
0.35370394145589934,0.939631650750341,0.5758964879852125
0.3535755552702529,0.9396110542476971,0.5758964879852125
0.3534471690846065,0.9395904436860069,0.5758964879852125
0.35331878289896007,0.9395698190508706,0.5758964879852125
0.35319039671331365,0.9395491803278688,0.5758964879852125
0.35319039671331365,0.939870174239836,0.5758964879852125
0.3530620105276672,0.9398496240601504,0.5758964879852125
0.3529336243420208,0.9398290598290598,0.5758964879852125
0.3528052381563744,0.9398084815321477,0.5758964879852125
0.35267685197072796,0.9397878891549778,0.5758964879852125
0.35254846578508153,0.9397672826830937,0.5758964879852125
0.35254846578508153,0.9400890106128038,0.5758964879852125
0.3524200795994351,0.940068493150685,0.5758964879852125
0.3524200795994351,0.9403905447070915,0.5758964879852125
0.3522916934137887,0.9403701165181632,0.5758964879852125
0.35216330722814226,0.9403496743229345,0.5758964879852125
0.35216330722814226,0.9406721536351166,0.5758964879852125
0.35203492104249584,0.9406518010291596,0.5758964879852125
0.351778148671203,0.9409340659340659,0.5758964879852125
0.35164976248555657,0.9409137753349365,0.5758964879852125
0.35152137629991015,0.940893470790378,0.5758964879852125
0.3513929901142637,0.940873152286009,0.5758964879852125
0.3511362177429709,0.9408324733402132,0.5758964879852125
0.3511362177429709,0.9411562284927736,0.5758964879852125
0.35100783155732446,0.9411359724612737,0.5758964879852125
0.35087944537167803,0.9411157024793388,0.5758964879852125
0.3507510591860316,0.9410954185325525,0.5758964879852125
0.35062267300038513,0.9410751206064782,0.5758964879852125
0.35062267300038513,0.9413995174077904,0.5758964879852125
0.3504942868147387,0.9413793103448276,0.5758964879852125
0.3503659006290923,0.9413590893411521,0.5758964879852125
0.35023751444344586,0.9413388543823327,0.5758964879852125
0.35010912825779944,0.9413186054539179,0.5758964879852125
0.3498523558865066,0.9412780656303973,0.5758964879852125
0.34972396970086017,0.9412577747062889,0.5758964879852125
0.34972396970086017,0.9415831316972001,0.5758964879852125
0.34959558351521375,0.9415629322268326,0.5758964879852125
0.3494671973295673,0.9415427187824282,0.5758964879852125
0.3493388111439209,0.941522491349481,0.5758964879852125
0.3492104249582745,0.9415022499134649,0.5758964879852125
0.3492104249582745,0.9418282548476454,0.5758964879852125
0.34908203877262806,0.941808105299619,0.5758964879852125
0.3488252664013352,0.9420943134535368,0.5758964879852125
0.3486968802156888,0.942074228234478,0.5758964879852125
0.34856849403004236,0.9420541290770298,0.5758964879852125
0.3483117216587495,0.9420138888888889,0.5758964879852125
0.3481833354731031,0.9419937478291073,0.5758964879852125
0.34805494928745667,0.9419735927727588,0.5758964879852125
0.34805494928745667,0.9423010079944386,0.5758964879852125
0.34792656310181025,0.9422809457579973,0.5758964879852125
0.3477981769161638,0.9422608695652174,0.5758964879852125
0.3476697907305174,0.942240779401531,0.5758964879852125
0.347541404544871,0.9422206752523494,0.5758964879852125
0.34728463217357813,0.9425087108013938,0.5758964879852125
0.3471562459879317,0.9424886720111537,0.5758964879852125
0.3471562459879317,0.9428172942817294,0.5758964879852125
0.3470278598022853,0.9427973491454482,0.5758964879852125
0.346642701245346,0.9427374301675978,0.5758964879852125
0.3465143150596996,0.9427174292699965,0.5758964879852125
0.3463859288740532,0.9426974143955276,0.5758964879852125
0.34625754268840675,0.9426773855295352,0.5758964879852125
0.3460007703171139,0.9426372857642532,0.5758964879852125
0.3458723841314675,0.9426172148355494,0.5758964879852125
0.345743997945821,0.9429271708683473,0.5758964879852125
0.3456156117601746,0.942907180385289,0.5758964879852125
0.34548722557452816,0.9428871758934828,0.5758964879852125
0.3452304532032353,0.9428471248246845,0.5758964879852125
0.3451020670175889,0.942827078218169,0.5758964879852125
0.34497368083194246,0.9431379431379432,0.5758964879852125
0.34484529464629604,0.9431179775280899,0.5758964879852125
0.3447169084606496,0.9430979978925185,0.5758964879852125
0.3445885222750032,0.9430780042164442,0.5758964879852125
0.3445885222750032,0.9434094903339192,0.5758964879852125
0.34446013608935677,0.9433895921237694,0.5758964879852125
0.34433174990371035,0.9433696799155822,0.5758964879852125
0.3442033637180639,0.9433497536945813,0.5758964879852125
0.3440749775324175,0.9433298134459698,0.5758964879852125
0.3439465913467711,0.9433098591549296,0.5758964879852125
0.3439465913467711,0.9439746300211417,0.5758964879852125
0.34381820516112466,0.9439548819175185,0.5758964879852125
0.34368981897547823,0.943935119887165,0.5758964879852125
0.3434330466041854,0.9438955539872971,0.5758964879852125
0.34330466041853896,0.9438757500882456,0.5758964879852125
0.34317627423289254,0.9438559322033898,0.5758964879852125
0.3430478880472461,0.9438361003179089,0.5758964879852125
0.3430478880472461,0.9441696113074205,0.5758964879852125
0.3429195018615997,0.9441498762813715,0.5758964879852125
0.3427911156759533,0.9441301272984441,0.5758964879852125
0.34266272949030685,0.9441103643438273,0.5758964879852125
0.3425343433046604,0.9444247787610619,0.5758964879852125
0.342405957119014,0.9444050991501416,0.5758964879852125
0.342405957119014,0.944739638682253,0.5758964879852125
0.342405957119014,0.945074415308292,0.5758964879852125
0.342405957119014,0.9454094292803971,0.5758964879852125
0.342405957119014,0.9457446808510638,0.5758964879852125
0.34214918474772116,0.9457061745919092,0.5758964879852125
0.34202079856207473,0.9456869009584664,0.5758964879852125
0.34202079856207473,0.9460227272727273,0.5758964879852125
0.3417640261907819,0.9459843638948117,0.5758964879852125
0.34163564000513547,0.9459651617490223,0.5758964879852125
0.34150725381948904,0.9459459459459459,0.5758964879852125
0.3413788676338426,0.9459267164710068,0.5758964879852125
0.3412504814481962,0.9459074733096086,0.5758964879852125
0.3412504814481962,0.9462442150231399,0.5758964879852125
0.3411220952625498,0.9462250712250713,0.5758964879852125
0.34099370907690335,0.9462059137869612,0.5758964879852125
0.3408653228912569,0.9461867426942266,0.5758964879852125
0.340608550519964,0.9461483594864479,0.5758964879852125
0.3404801643343176,0.9461291473421334,0.5758964879852125
0.3403517781486712,0.9461099214846538,0.5758964879852125
0.34022339196302476,0.9460906818993217,0.5758964879852125
0.34009500577737833,0.9460714285714286,0.5758964879852125
0.3399666195917319,0.946052161486245,0.5758964879852125
0.3398382334060855,0.9460328806290207,0.5758964879852125
0.33970984722043907,0.9460135859849839,0.5758964879852125
0.33958146103479264,0.945994277539342,0.5758964879852125
0.3394530748491462,0.9459749552772808,0.5758964879852125
0.3393246886634998,0.9459556191839656,0.5758964879852125
0.3391963024778534,0.9459362692445399,0.5758964879852125
0.33906791629220695,0.946255822285919,0.5758964879852125
0.3389395301065605,0.946236559139785,0.5758964879852125
0.3386827577352677,0.9461979913916786,0.5758964879852125
0.33855437154962126,0.946178686759957,0.5758964879852125
0.33842598536397483,0.9461593682699211,0.5758964879852125
0.3382975991783284,0.9461400359066428,0.5758964879852125
0.338169212992682,0.9461206896551724,0.5758964879852125
0.338169212992682,0.9464606539705354,0.5758964879852125
0.33804082680703557,0.9464414090582315,0.5758964879852125
0.33791244062138914,0.9464221503056455,0.5758964879852125
0.3376556682500963,0.9463835912198633,0.5758964879852125
0.3375272820644499,0.9463642908567315,0.5758964879852125
0.33739889587880345,0.9463449765934462,0.5758964879852125
0.33739889587880345,0.946685878962536,0.5758964879852125
0.33739889587880345,0.947027027027027,0.5758964879852125
0.33739889587880345,0.9473684210526315,0.5758964879852125
0.3371421235075106,0.9476723204619271,0.5758964879852125
0.3371421235075106,0.948014440433213,0.5758964879852125
0.3370137373218642,0.9479956663055255,0.5758964879852125
0.33688535113621776,0.9479768786127167,0.5758964879852125
0.33675696495057134,0.9479580773400795,0.5758964879852125
0.33675696495057134,0.9483007953723789,0.5758964879852125
0.33675696495057134,0.9486437613019891,0.5758964879852125
0.3366285787649249,0.9486251808972503,0.5758964879852125
0.3365001925792785,0.9486065870430691,0.5758964879852125
0.33637180639363207,0.9489315465411083,0.5758964879852125
0.33624342020798564,0.9489130434782609,0.5758964879852125
0.3361150340223392,0.9488945270025372,0.5758964879852125
0.3358582616510464,0.9488574537540805,0.5758964879852125
0.3357298754653999,0.9488388969521045,0.5758964879852125
0.3356014892797535,0.9488203266787659,0.5758964879852125
0.33547310309410705,0.94880174291939,0.5758964879852125
0.33547310309410705,0.949146385760988,0.5758964879852125
0.3353447169084606,0.9491279069767442,0.5758964879852125
0.3353447169084606,0.9494729189385678,0.5758964879852125
0.3352163307228142,0.9494545454545454,0.5758964879852125
0.3350879445371678,0.9494361586031284,0.5758964879852125
0.33495955835152136,0.9494177583697234,0.5758964879852125
0.33483117216587494,0.9493993447397161,0.5758964879852125
0.3347027859802285,0.9493809176984706,0.5758964879852125
0.3345743997945821,0.9493624772313297,0.5758964879852125
0.33444601360893567,0.9493440233236151,0.5758964879852125
0.33431762742328924,0.9493255559606271,0.5758964879852125
0.33431762742328924,0.949671772428884,0.5758964879852125
0.33431762742328924,0.9500182415176943,0.5758964879852125
0.3341892412376428,0.95,0.5758964879852125
0.3340608550519964,0.949981745162468,0.5758964879852125
0.33393246886635,0.949963476990504,0.5758964879852125
0.33380408268070355,0.9499451954694922,0.5758964879852125
0.33367569649505713,0.9499269005847953,0.5758964879852125
0.3334189241237643,0.9498902706656913,0.5758964879852125
0.33329053793811786,0.9498719356019026,0.5758964879852125
0.33316215175247144,0.9498535871156661,0.5758964879852125
0.3329053793811786,0.9498168498168498,0.5758964879852125
0.33264860700988574,0.9497800586510264,0.5758964879852125
0.33264860700988574,0.9501283461679502,0.5758964879852125
0.3325202208242393,0.9501100513573001,0.5758964879852125
0.3323918346385929,0.950091743119266,0.5758964879852125
0.3322634484529465,0.9500734214390602,0.5758964879852125
0.33200667608165363,0.9500367376928729,0.5758964879852125
0.3318782898960072,0.9500183755972069,0.5758964879852125
0.3317499037103608,0.9503493931592497,0.5758964879852125
0.33162151752471436,0.9503311258278145,0.5758964879852125
0.33149313133906794,0.9503128450496872,0.5758964879852125
0.33149313133906794,0.9506627393225331,0.5758964879852125
0.33149313133906794,0.951012891344383,0.5758964879852125
0.3313647451534215,0.9509948415622698,0.5758964879852125
0.3312363589677751,0.950976778474014,0.5758964879852125
0.33097958659648224,0.950940612320177,0.5758964879852125
0.3308512004108358,0.9509225092250922,0.5758964879852125
0.3305944280395429,0.9508862629246676,0.5758964879852125
0.3304660418538965,0.9508681196896934,0.5758964879852125
0.3303376556682501,0.950849963045085,0.5758964879852125
0.33020926948260365,0.9508317929759704,0.5758964879852125
0.3299524971113108,0.9507954125046245,0.5758964879852125
0.3298241109256644,0.9507772020725389,0.5758964879852125
0.32969572474001796,0.9507589781562384,0.5758964879852125
0.3294389523687251,0.9507224898110411,0.5758964879852125
0.3293105661830787,0.9507042253521126,0.5758964879852125
0.32918217999743227,0.9506859473489062,0.5758964879852125
0.3289254076261394,0.9510022271714922,0.5758964879852125
0.328797021440493,0.9509840326773116,0.5758964879852125
0.3286686352548466,0.950965824665676,0.5758964879852125
0.32854024906920015,0.9509476031215162,0.5758964879852125
0.32841186288355373,0.9509293680297398,0.5758964879852125
0.32841186288355373,0.951283004834511,0.5758964879852125
0.3282834766979073,0.9512648809523809,0.5758964879852125
0.3281550905122609,0.951246743580201,0.5758964879852125
0.32802670432661446,0.9512285927029039,0.5758964879852125
0.32789831814096804,0.9512104283054004,0.5758964879852125
0.3277699319553216,0.9515467759970183,0.5758964879852125
0.3276415457696752,0.9515287099179717,0.5758964879852125
0.32751315958402877,0.9515106303618053,0.5758964879852125
0.32738477339838234,0.9514925373134329,0.5758964879852125
0.3272563872127359,0.9514744307577454,0.5758964879852125
0.3271280010270895,0.9514563106796117,0.5758964879852125
0.3269996148414431,0.9514381770638775,0.5758964879852125
0.32687122865579665,0.9514200298953662,0.5758964879852125
0.32674284247015023,0.9514018691588785,0.5758964879852125
0.3266144562845038,0.9513836948391923,0.5758964879852125
0.3264860700988574,0.9513655069210625,0.5758964879852125
0.32635768391321096,0.9513473053892215,0.5758964879852125
0.32622929772756454,0.9516853932584269,0.5758964879852125
0.3261009115419181,0.9516672911202697,0.5758964879852125
0.3259725253562717,0.9516491754122939,0.5758964879852125
0.3258441391706252,0.9516310461192351,0.5758964879852125
0.3258441391706252,0.9519879969992499,0.5758964879852125
0.3257157529849788,0.9519699812382739,0.5758964879852125
0.32558736679933237,0.9519519519519519,0.5758964879852125
0.32545898061368594,0.9519339091250469,0.5758964879852125
0.3253305944280395,0.9519158527422991,0.5758964879852125
0.3252022082423931,0.9518977827884254,0.5758964879852125
0.3252022082423931,0.9522556390977444,0.5758964879852125
0.3250738220567467,0.9522376833396013,0.5758964879852125
0.3250738220567467,0.9525959367945824,0.5758964879852125
0.32494543587110025,0.9525780955965375,0.5758964879852125
0.32494543587110025,0.9529367469879518,0.5758964879852125
0.32494543587110025,0.9532956685499059,0.5758964879852125
0.32481704968545383,0.9532780708364732,0.5758964879852125
0.3246886634998074,0.9532604598567659,0.5758964879852125
0.324560277314161,0.9532428355957768,0.5758964879852125
0.32443189112851456,0.953225198038476,0.5758964879852125
0.32430350494286814,0.9532075471698114,0.5758964879852125
0.32430350494286814,0.9535673839184597,0.5758964879852125
0.32430350494286814,0.9539274924471299,0.5758964879852125
0.3241751187572217,0.9539100868908198,0.5758964879852125
0.3240467325715753,0.9546142208774584,0.5758964879852125
0.32391834638592887,0.9545970488081725,0.5758964879852125
0.32378996020028245,0.9545798637395913,0.5758964879852125
0.323661574014636,0.9545626656569481,0.5758964879852125
0.3235331878289896,0.9545454545454546,0.5758964879852125
0.3234048016433432,0.9545282303902993,0.5758964879852125
0.32327641545769675,0.954510993176649,0.5758964879852125
0.32314802927205033,0.9544937428896473,0.5758964879852125
0.3230196430864039,0.9544764795144158,0.5758964879852125
0.3230196430864039,0.9548387096774194,0.5758964879852125
0.3228912569007575,0.9548215641609719,0.5758964879852125
0.32276287071511106,0.9548044056209647,0.5758964879852125
0.32263448452946464,0.9547872340425532,0.5758964879852125
0.3225060983438182,0.9547700494108704,0.5758964879852125
0.3225060983438182,0.9551330798479087,0.5758964879852125
0.3223777121581718,0.9551160136934196,0.5758964879852125
0.32224932597252537,0.9550989345509894,0.5758964879852125
0.32212093978687895,0.9550818424057861,0.5758964879852125
0.3219925536012325,0.955064737242955,0.5758964879852125
0.3218641674155861,0.955047619047619,0.5758964879852125
0.3217357812299397,0.9550304878048781,0.5758964879852125
0.3217357812299397,0.9553945863515059,0.5758964879852125
0.32147900885864683,0.9553605494086227,0.5758964879852125
0.3213506226730004,0.9553435114503817,0.5758964879852125
0.321222236487354,0.9553264604810997,0.5758964879852125
0.32109385030170756,0.9553093964858671,0.5758964879852125
0.32096546411606114,0.9552923194497516,0.5758964879852125
0.32083707793041466,0.9552752293577982,0.5758964879852125
0.32070869174476824,0.9552581261950287,0.5758964879852125
0.32070869174476824,0.9556235654169855,0.5758964879852125
0.3205803055591218,0.9556065824722542,0.5758964879852125
0.3204519193734754,0.9555895865237366,0.5758964879852125
0.32019514700218255,0.9555555555555556,0.5758964879852125
0.3199383746308897,0.9558879938626774,0.5758964879852125
0.3198099884452433,0.9558710667689946,0.5758964879852125
0.31968160225959685,0.9558541266794626,0.5758964879852125
0.31955321607395043,0.955837173579109,0.5758964879852125
0.31955321607395043,0.9562043795620438,0.5758964879852125
0.319424829888304,0.9561875480399693,0.5758964879852125
0.3192964437026576,0.9561707035755479,0.5758964879852125
0.3192964437026576,0.9565384615384616,0.5758964879852125
0.31916805751701116,0.9565217391304348,0.5758964879852125
0.3189112851457183,0.9568567026194145,0.5758964879852125
0.3187828989600719,0.9568400770712909,0.5758964879852125
0.3187828989600719,0.9572089437162683,0.5758964879852125
0.31865451277442547,0.9571924411878133,0.5758964879852125
0.31852612658877905,0.9571759259259259,0.5758964879852125
0.31852612658877905,0.95754534928599,0.5758964879852125
0.31852612658877905,0.9579150579150579,0.5758964879852125
0.3183977404031326,0.9578988026264967,0.5758964879852125
0.3182693542174862,0.9578825347758887,0.5758964879852125
0.3181409680318398,0.9578662543486665,0.5758964879852125
0.31788419566054693,0.958204334365325,0.5758964879852125
0.3177558094749005,0.9581881533101045,0.5758964879852125
0.3176274232892541,0.9581719597211464,0.5758964879852125
0.31749903710360766,0.9581557535838822,0.5758964879852125
0.31737065091796124,0.958139534883721,0.5758964879852125
0.3172422647323148,0.9581233036060488,0.5758964879852125
0.3171138785466684,0.9581070597362297,0.5758964879852125
0.3171138785466684,0.9584788513775708,0.5758964879852125
0.31698549236102197,0.9584627329192547,0.5758964879852125
0.31685710617537555,0.9584466019417476,0.5758964879852125
0.3167287199897291,0.9588029537504859,0.5758964879852125
0.3167287199897291,0.9591757387247278,0.5758964879852125
0.3166003338040827,0.9591598599766628,0.5758964879852125
0.3164719476184363,0.9591439688715954,0.5758964879852125
0.31634356143278985,0.9591280653950953,0.5758964879852125
0.31621517524714343,0.9591121495327103,0.5758964879852125
0.316086789061497,0.959096221269965,0.5758964879852125
0.3159584028758506,0.9590802805923616,0.5758964879852125
0.3158300166902041,0.9590643274853801,0.5758964879852125
0.3157016305045577,0.9590483619344774,0.5758964879852125
0.31557324431891126,0.9590323839250878,0.5758964879852125
0.31544485813326484,0.9590163934426229,0.5758964879852125
0.3153164719476184,0.9590003904724717,0.5758964879852125
0.315188085761972,0.958984375,0.5758964879852125
0.315188085761972,0.9593591246580696,0.5758964879852125
0.31505969957632557,0.9593432369038312,0.5758964879852125
0.31493131339067915,0.959327336722722,0.5758964879852125
0.3148029272050327,0.9593114241001565,0.5758964879852125
0.3146745410193863,0.9592954990215264,0.5758964879852125
0.3145461548337399,0.9592795614722005,0.5758964879852125
0.31441776864809345,0.9592636114375245,0.5758964879852125
0.31428938246244703,0.9592476489028213,0.5758964879852125
0.3141609962768006,0.9592316738533908,0.5758964879852125
0.3140326100911542,0.9592156862745098,0.5758964879852125
0.31377583771986134,0.9591836734693877,0.5758964879852125
0.3136474515342149,0.9591676482135846,0.5758964879852125
0.3136474515342149,0.9595443833464258,0.5758964879852125
0.3135190653485685,0.9595284872298625,0.5758964879852125
0.3131339067916292,0.9594807238394965,0.5758964879852125
0.3130055206059828,0.9594647776465959,0.5758964879852125
0.3128771344203364,0.9594488188976378,0.5758964879852125
0.31274874823468995,0.9594328475777866,0.5758964879852125
0.31262036204904353,0.9597950335041388,0.5758964879852125
0.3124919758633971,0.9597791798107256,0.5758964879852125
0.31223520349210426,0.9597474348855565,0.5758964879852125
0.31223520349210426,0.9601263324121595,0.5758964879852125
0.31210681730645784,0.9601105845181674,0.5758964879852125
0.3119784311208114,0.9600948241801659,0.5758964879852125
0.311850044935165,0.9600790513833992,0.5758964879852125
0.31172165874951857,0.9600632661130882,0.5758964879852125
0.31172165874951857,0.9604430379746836,0.5758964879852125
0.31159327256387215,0.9604273842500989,0.5758964879852125
0.31159327256387215,0.9608076009501187,0.5758964879852125
0.3114648863782257,0.9607920792079208,0.5758964879852125
0.3114648863782257,0.9611727416798732,0.5758964879852125
0.3113365001925793,0.9611573523583036,0.5758964879852125
0.3112081140069329,0.9611419508326725,0.5758964879852125
0.31107972782128646,0.961126537088457,0.5758964879852125
0.31095134163564003,0.9611111111111111,0.5758964879852125
0.31082295544999355,0.9610956728860659,0.5758964879852125
0.31069456926434713,0.9610802223987291,0.5758964879852125
0.3105661830787007,0.9610647596344855,0.5758964879852125
0.3105661830787007,0.9614467408585056,0.5758964879852125
0.31030941070740786,0.9614160700079555,0.5758964879852125
0.31018102452176144,0.961400716275368,0.5758964879852125
0.310052638336115,0.9613853503184714,0.5758964879852125
0.3099242521504686,0.9613699721226603,0.5758964879852125
0.30979586596482217,0.9613545816733068,0.5758964879852125
0.30966747977917575,0.9617224880382775,0.5758964879852125
0.3095390935935293,0.9617072197846032,0.5758964879852125
0.3094107074078829,0.9616919393455706,0.5758964879852125
0.3092823212222365,0.9616766467065868,0.5758964879852125
0.30915393503659006,0.9616613418530351,0.5758964879852125
0.30902554885094363,0.9616460247702757,0.5758964879852125
0.30902554885094363,0.9620303756994405,0.5758964879852125
0.3088971626652972,0.9620151939224311,0.5758964879852125
0.3088971626652972,0.9624,0.5758964879852125
0.3087687764796508,0.9623849539815926,0.5758964879852125
0.30864039029400436,0.9623698959167334,0.5758964879852125
0.30851200410835794,0.9623548257909491,0.5758964879852125
0.3083836179227115,0.9623397435897436,0.5758964879852125
0.30812684555141867,0.9623095429029671,0.5758964879852125
0.30799845936577225,0.9622944243882872,0.5758964879852125
0.3078700731801258,0.9622792937399679,0.5758964879852125
0.3077416869944794,0.9622641509433962,0.5758964879852125
0.307613300808833,0.9622489959839358,0.5758964879852125
0.307613300808833,0.9626355966251506,0.5758964879852125
0.307613300808833,0.9630225080385852,0.5758964879852125
0.30748491462318656,0.9630076397265782,0.5758964879852125
0.30735652843754013,0.9629927594529365,0.5758964879852125
0.3072281422518937,0.9629778672032193,0.5758964879852125
0.3070997560662473,0.9629629629629629,0.5758964879852125
0.3070997560662473,0.9633507853403142,0.5758964879852125
0.30697136988060086,0.9633360193392425,0.5758964879852125
0.30684298369495444,0.9633212414349053,0.5758964879852125
0.306714597509308,0.9633064516129032,0.5758964879852125
0.3065862113236616,0.963291649858814,0.5758964879852125
0.30632943895236875,0.9632620104965685,0.5758964879852125
0.3062010527667223,0.9632471728594507,0.5758964879852125
0.3062010527667223,0.9636363636363636,0.5758964879852125
0.3060726665810759,0.9636216653193209,0.5758964879852125
0.3059442803954294,0.9636069551152446,0.5758964879852125
0.3056875080241366,0.9635774989882638,0.5758964879852125
0.30555912183849016,0.9635627530364372,0.5758964879852125
0.3053023494671973,0.9635332252836305,0.5758964879852125
0.30504557709590446,0.963894523326572,0.5758964879852125
0.30491719091025804,0.9638798701298701,0.5758964879852125
0.3046604185389652,0.9638505280259951,0.5758964879852125
0.30453203235331877,0.9638358390898009,0.5758964879852125
0.3041468737963795,0.9637917005695688,0.5758964879852125
0.3040184876107331,0.9637769637769638,0.5758964879852125
0.30389010142508666,0.9637622149837134,0.5758964879852125
0.3036333290537938,0.9645187601957586,0.5758964879852125
0.30337655668250096,0.9644897959183674,0.5758964879852125
0.30337655668250096,0.9648836259697836,0.5758964879852125
0.30324817049685454,0.9648692810457516,0.5758964879852125
0.3029913981255617,0.9648405560098119,0.5758964879852125
0.3026062395686224,0.9647973802701596,0.5758964879852125
0.302477853382976,0.9651782056534207,0.5758964879852125
0.3023494671973296,0.9651639344262295,0.5758964879852125
0.30222108101168316,0.9659417316372589,0.5758964879852125
0.30222108101168316,0.9663382594417077,0.5758964879852125
0.30209269482603673,0.966721446179129,0.5758964879852125
0.3018359224547439,0.9666940789473685,0.5758964879852125
0.3018359224547439,0.9670917317976141,0.5758964879852125
0.30170753626909746,0.9670781893004116,0.5758964879852125
0.3014507638978046,0.9670510708401977,0.5758964879852125
0.3013223777121582,0.9670374948496085,0.5758964879852125
0.30106560534086535,0.9670103092783505,0.5758964879852125
0.30093721915521887,0.9673957903425505,0.5758964879852125
0.300680446783926,0.9681686647374949,0.5758964879852125
0.3005520605982796,0.9681555004135649,0.5758964879852125
0.30029528822698676,0.9685300207039338,0.5758964879852125
0.30016690204134033,0.9685169842584921,0.5758964879852125
0.30016690204134033,0.9689183588893494,0.5758964879852125
0.30016690204134033,0.9693200663349917,0.5758964879852125
0.2999101296700475,0.9692946058091286,0.5758964879852125
0.29978174348440106,0.9692818596928185,0.5758964879852125
0.2993965849274618,0.9700499168053245,0.5758964879852125
0.2993965849274618,0.9704535996670828,0.5758964879852125
0.2993965849274618,0.9708576186511241,0.5758964879852125
0.29926819874181537,0.9708454810495627,0.5758964879852125
0.29913981255616895,0.9708333333333333,0.5758964879852125
0.2990114263705225,0.9708211754897874,0.5758964879852125
0.2990114263705225,0.9712260216847373,0.5758964879852125
0.2988830401848761,0.9712140175219024,0.5758964879852125
0.2987546539992297,0.9712020033388982,0.5758964879852125
0.29862626781358326,0.9711899791231733,0.5758964879852125
0.29849788162793683,0.9711779448621554,0.5758964879852125
0.29811272307099757,0.9711417816813049,0.5758964879852125
0.29798433688535114,0.9711297071129708,0.5758964879852125
0.29798433688535114,0.9715362076182503,0.5758964879852125
0.2978559506997047,0.9715242881072027,0.5758964879852125
0.2978559506997047,0.9719312945119397,0.5758964879852125
0.2975991783284119,0.9719077568134172,0.5758964879852125
0.297342405957119,0.9718841796055392,0.5758964879852125
0.297342405957119,0.9722921914357683,0.5758964879852125
0.2972140197714726,0.9722805543889123,0.5758964879852125
0.2970856335858262,0.9722689075630252,0.5758964879852125
0.2970856335858262,0.9726775956284153,0.5758964879852125
0.29695724740017976,0.9726661059714046,0.5758964879852125
0.29682886121453333,0.9726546066470341,0.5758964879852125
0.2967004750288869,0.9726430976430976,0.5758964879852125
0.2965720888432405,0.9726315789473684,0.5758964879852125
0.2965720888432405,0.9730412805391744,0.5758964879852125
0.29644370265759407,0.9730299199325748,0.5758964879852125
0.29631531647194764,0.9730185497470489,0.5758964879852125
0.2961869302863012,0.9730071699704765,0.5758964879852125
0.2961869302863012,0.9734177215189873,0.5758964879852125
0.2961869302863012,0.9738286196707472,0.5758964879852125
0.2960585441006548,0.9738175675675675,0.5758964879852125
0.2956733855437155,0.973784355179704,0.5758964879852125
0.2952882269867762,0.9737510584250635,0.5758964879852125
0.2951598408011298,0.9737399407030919,0.5758964879852125
0.29503145461548336,0.9741415854175498,0.5758964879852125
0.29490306842983693,0.9741306191687871,0.5758964879852125
0.2947746822441905,0.9741196436147646,0.5758964879852125
0.2946462960585441,0.9741086587436333,0.5758964879852125
0.2946462960585441,0.9745222929936306,0.5758964879852125
0.29451790987289767,0.9745114698385726,0.5758964879852125
0.29438952368725124,0.9745006374840629,0.5758964879852125
0.2942611375016048,0.9744897959183674,0.5758964879852125
0.2942611375016048,0.9749042960442365,0.5758964879852125
0.2941327513159584,0.9748936170212766,0.5758964879852125
0.294004365130312,0.9748829289059174,0.5758964879852125
0.294004365130312,0.975298126064736,0.5758964879852125
0.29387597894466555,0.9752876011930124,0.5758964879852125
0.2937475927590191,0.9752770673486786,0.5758964879852125
0.2936192065733727,0.9752665245202559,0.5758964879852125
0.2936192065733727,0.9756825938566553,0.5758964879852125
0.2934908203877263,0.9756722151088348,0.5758964879852125
0.29336243420207986,0.9756618274978651,0.5758964879852125
0.29323404801643344,0.9756514310123878,0.5758964879852125
0.293105661830787,0.9756410256410256,0.5758964879852125
0.2929772756451406,0.9756306113723814,0.5758964879852125
0.29284888945949417,0.9756201881950385,0.5758964879852125
0.29272050327384774,0.975609756097561,0.5758964879852125
0.2925921170882013,0.9755993150684932,0.5758964879852125
0.2924637309025549,0.9755888650963598,0.5758964879852125
0.2923353447169085,0.9755784061696658,0.5758964879852125
0.29220695853126205,0.9755679382768967,0.5758964879852125
0.29207857234561563,0.975557461406518,0.5758964879852125
0.2919501861599692,0.9755469755469756,0.5758964879852125
0.2918217999743228,0.9755364806866953,0.5758964879852125
0.29169341378867636,0.9755259768140833,0.5758964879852125
0.2914366414173835,0.975504941985389,0.5758964879852125
0.29105148286044424,0.975473321858864,0.5758964879852125
0.29105148286044424,0.9758932414980629,0.5758964879852125
0.29105148286044424,0.9763135228251507,0.5758964879852125
0.29092309667479777,0.976303317535545,0.5758964879852125
0.2906663243035049,0.9762828805519621,0.5758964879852125
0.2905379381178585,0.9762726488352028,0.5758964879852125
0.2904095519322121,0.9762624082865775,0.5758964879852125
0.29028116574656565,0.9762521588946459,0.5758964879852125
0.2901527795609192,0.9762419006479481,0.5758964879852125
0.2900243933752728,0.9762316335350043,0.5758964879852125
0.2898960071896264,0.9762213575443147,0.5758964879852125
0.2898960071896264,0.976643598615917,0.5758964879852125
0.2895108486326871,0.9766132524902555,0.5758964879852125
0.2893824624470407,0.9766031195840554,0.5758964879852125
0.28925407626139427,0.976592977893368,0.5758964879852125
0.28912569007574784,0.9765828274067649,0.5758964879852125
0.2889973038901014,0.9769965277777778,0.5758964879852125
0.288868917704455,0.9769865392965696,0.5758964879852125
0.2887405315188086,0.9769765421372719,0.5758964879852125
0.28861214533316215,0.9769665362885702,0.5758964879852125
0.28848375914751573,0.9769565217391304,0.5758964879852125
0.28848375914751573,0.9773814702044367,0.5758964879852125
0.2883553729618693,0.9773716275021758,0.5758964879852125
0.2882269867762229,0.9773617762298651,0.5758964879852125
0.28809860059057646,0.9773519163763066,0.5758964879852125
0.28797021440493004,0.9773420479302832,0.5758964879852125
0.2877134420336372,0.9773222852158744,0.5758964879852125
0.28758505584799077,0.9773123909249564,0.5758964879852125
0.28745666966234434,0.9773024879965081,0.5758964879852125
0.2873282834766979,0.9777195281782438,0.5758964879852125
0.2871998972910515,0.9781372977700044,0.5758964879852125
0.2870715111054051,0.9781277340332458,0.5758964879852125
0.28694312491975865,0.9781181619256017,0.5758964879852125
0.28694312491975865,0.9785464098073555,0.5758964879852125
0.28681473873411223,0.9785370127025843,0.5758964879852125
0.2866863525484658,0.9785276073619632,0.5758964879852125
0.2865579663628194,0.9785181937746602,0.5758964879852125
0.28642958017717296,0.9785087719298246,0.5758964879852125
0.28630119399152654,0.9784993418165863,0.5758964879852125
0.2861728078058801,0.9784899034240562,0.5758964879852125
0.28604442162023364,0.9784804567413263,0.5758964879852125
0.2859160354345872,0.9784710017574693,0.5758964879852125
0.28565926306329437,0.9784520668425681,0.5758964879852125
0.28553087687764794,0.9784425868895732,0.5758964879852125
0.28553087687764794,0.9788732394366197,0.5758964879852125
0.2854024906920015,0.9788639365918098,0.5758964879852125
0.2852741045063551,0.9788546255506608,0.5758964879852125
0.2851457183207087,0.9788453063023358,0.5758964879852125
0.28501733213506225,0.9788359788359788,0.5758964879852125
0.28488894594941583,0.9788266431407145,0.5758964879852125
0.2847605597637694,0.9788172992056487,0.5758964879852125
0.284632173578123,0.9788079470198675,0.5758964879852125
0.284632173578123,0.9792402826855123,0.5758964879852125
0.28450378739247656,0.9792311091471498,0.5758964879852125
0.28437540120683014,0.9792219274977896,0.5758964879852125
0.2842470150211837,0.9792127377266696,0.5758964879852125
0.2842470150211837,0.9796460176991151,0.5758964879852125
0.28399024264989087,0.9796279893711249,0.5758964879852125
0.28386185646424444,0.9796189632255206,0.5758964879852125
0.283733470278598,0.9796099290780141,0.5758964879852125
0.2836050840929516,0.9796008869179601,0.5758964879852125
0.2834766979073052,0.9795918367346939,0.5758964879852125
0.28334831172165875,0.9795827785175322,0.5758964879852125
0.28321992553601233,0.9795737122557726,0.5758964879852125
0.28321992553601233,0.9800088849400267,0.5758964879852125
0.2830915393503659,0.9804357492218764,0.5758964879852125
0.28283476697907306,0.9804183355585224,0.5758964879852125
0.28283476697907306,0.9808548530721283,0.5758964879852125
0.28270638079342664,0.9808463251670378,0.5758964879852125
0.2825779946077802,0.9808377896613191,0.5758964879852125
0.2824496084221338,0.9808292465448061,0.5758964879852125
0.28232122223648737,0.9808206958073149,0.5758964879852125
0.28219283605084095,0.9808121374386435,0.5758964879852125
0.2820644498651945,0.9808035714285714,0.5758964879852125
0.2819360636795481,0.9807949977668602,0.5758964879852125
0.2818076774939017,0.9807864164432529,0.5758964879852125
0.28167929130825525,0.9807778274474743,0.5758964879852125
0.28155090512260883,0.9807692307692307,0.5758964879852125
0.2814225189369624,0.9807606263982103,0.5758964879852125
0.281294132751316,0.9807520143240823,0.5758964879852125
0.281294132751316,0.9811912225705329,0.5758964879852125
0.28116574656566956,0.9816225907664724,0.5758964879852125
0.28116574656566956,0.9820627802690582,0.5758964879852125
0.2810373603800231,0.9820547330641544,0.5758964879852125
0.28078058800873024,0.9820386169735069,0.5758964879852125
0.2806522018230838,0.9824719101123596,0.5758964879852125
0.2805238156374374,0.9824640287769785,0.5758964879852125
0.28039542945179097,0.9824561403508771,0.5758964879852125
0.28026704326614454,0.9824482448244825,0.5758964879852125
0.28026704326614454,0.9828905898244035,0.5758964879852125
0.2801386570804981,0.9828828828828828,0.5758964879852125
0.2800102708948517,0.9828751689950428,0.5758964879852125
0.2798818847092053,0.9828674481514879,0.5758964879852125
0.2798818847092053,0.9833107803337844,0.5758964879852125
0.27975349852355885,0.9833032490974729,0.5758964879852125
0.27975349852355885,0.9837471783295711,0.5758964879852125
0.27962511233791243,0.983739837398374,0.5758964879852125
0.2793683399666196,0.9837251356238698,0.5758964879852125
0.27923995378097316,0.9837177747625508,0.5758964879852125
0.27923995378097316,0.9841628959276018,0.5758964879852125
0.27911156759532674,0.98415572657311,0.5758964879852125
0.2789831814096803,0.9841485507246377,0.5758964879852125
0.2788547952240339,0.9841413683733575,0.5758964879852125
0.2788547952240339,0.9845874886672711,0.5758964879852125
0.27872640903838747,0.9845804988662131,0.5758964879852125
0.27872640903838747,0.98502722323049,0.5758964879852125
0.27859802285274105,0.9850204266908761,0.5758964879852125
0.2783412504814482,0.9850068150840527,0.5758964879852125
0.2782128642958018,0.985,0.5758964879852125
0.2782128642958018,0.9854479308776717,0.5758964879852125
0.27808447811015535,0.9854413102820746,0.5758964879852125
0.27795609192450893,0.9854346836595357,0.5758964879852125
0.2778277057388625,0.9854280510018215,0.5758964879852125
0.2776993195532161,0.9858705560619873,0.5758964879852125
0.27757093336756966,0.9858641130870953,0.5758964879852125
0.27744254718192324,0.9858576642335767,0.5758964879852125
0.27744254718192324,0.9863076220903697,0.5758964879852125
0.2771857748106304,0.9862951119232526,0.5758964879852125
0.2771857748106304,0.9867458866544789,0.5758964879852125
0.27705738862498397,0.9867398262459991,0.5758964879852125
0.27692900243933755,0.9867337602927722,0.5758964879852125
0.2768006162536911,0.9867276887871853,0.5758964879852125
0.2768006162536911,0.9871794871794872,0.5758964879852125
0.2766722300680447,0.9871736142922584,0.5758964879852125
0.2765438438823983,0.9871677360219981,0.5758964879852125
0.27641545769675185,0.9871618523613022,0.5758964879852125
0.27628707151110543,0.9871559633027523,0.5758964879852125
0.276158685325459,0.987150068838917,0.5758964879852125
0.27603029913981253,0.9871441689623508,0.5758964879852125
0.2757735267685197,0.9871323529411765,0.5758964879852125
0.2757735267685197,0.9875862068965517,0.5758964879852125
0.27564514058287326,0.9875804967801288,0.5758964879852125
0.27551675439722684,0.9875747814081914,0.5758964879852125
0.27551675439722684,0.9880294659300184,0.5758964879852125
0.2753883682115804,0.9880239520958084,0.5758964879852125
0.275259982025934,0.9880184331797235,0.5758964879852125
0.275259982025934,0.9884739511295528,0.5758964879852125
0.27513159584028757,0.9884686346863468,0.5758964879852125
0.27500320965464115,0.9884633133364098,0.5758964879852125
0.2748748234689947,0.9884579870729455,0.5758964879852125
0.2746180510977019,0.9884473197781886,0.5758964879852125
0.27448966491205545,0.9888991674375578,0.5758964879852125
0.27436127872640903,0.9893518518518518,0.5758964879852125
0.2742328925407626,0.9893469198703103,0.5758964879852125
0.2741045063551162,0.9893419833178869,0.5758964879852125
0.27384773398382334,0.9893320964749536,0.5758964879852125
0.27384773398382334,0.9897911832946635,0.5758964879852125
0.2737193477981769,0.9902461681374826,0.5758964879852125
0.27346257542688407,0.9906976744186047,0.5758964879852125
0.2732058030555912,0.9906890130353817,0.5758964879852125
0.2730774168699448,0.9906846762925011,0.5758964879852125
0.27282064449865195,0.9911380597014925,0.5758964879852125
0.27269225831300553,0.9911339244050397,0.5758964879852125
0.27230709975606626,0.9911214953271028,0.5758964879852125
0.27217871357041984,0.9911173445535297,0.5758964879852125
0.2720503273847734,0.9915769770706598,0.5758964879852125
0.271921941199127,0.9915730337078652,0.5758964879852125
0.27179355501348057,0.9915690866510538,0.5758964879852125
0.27166516882783415,0.9915651358950328,0.5758964879852125
0.2715367826421877,0.9920262664165104,0.5758964879852125
0.2714083964565413,0.992022524636321,0.5758964879852125
0.2712800102708949,0.992018779342723,0.5758964879852125
0.27115162408524845,0.9920150305307656,0.5758964879852125
0.271023237899602,0.9920112781954887,0.5758964879852125
0.27089485171395555,0.9920075223319229,0.5758964879852125
0.27076646552830913,0.9920037629350894,0.5758964879852125
0.2706380793426627,0.992,0.5758964879852125
0.2706380793426627,0.992467043314501,0.5758964879852125
0.27038130697136986,0.9924599434495759,0.5758964879852125
0.27025292078572344,0.9924563884959925,0.5758964879852125
0.270124534600077,0.9929211892402077,0.5758964879852125
0.2699961484144306,0.9929178470254958,0.5758964879852125
0.2699961484144306,0.9933868682097308,0.5758964879852125
0.26986776222878417,0.9933837429111532,0.5758964879852125
0.2696109898574913,0.9933774834437086,0.5758964879852125
0.2694826036718449,0.9933743492664459,0.5758964879852125
0.2693542174861985,0.9933712121212122,0.5758964879852125
0.26922583130055205,0.9933680720037896,0.5758964879852125
0.26909744511490563,0.9933649289099526,0.5758964879852125
0.2689690589292592,0.9938330170777988,0.5758964879852125
0.26871228655796636,0.9938271604938271,0.5758964879852125
0.2683271280010271,0.9938183547313362,0.5758964879852125
0.26819874181538067,0.99428843407901,0.5758964879852125
0.26807035562973425,0.9942857142857143,0.5758964879852125
0.2679419694440878,0.9942829919009052,0.5758964879852125
0.2679419694440878,0.9947569113441372,0.5758964879852125
0.2678135832584414,0.9952290076335878,0.5758964879852125
0.267685197072795,0.9952267303102625,0.5758964879852125
0.26755681088714856,0.9961759082217974,0.5758964879852125
0.26704326614456286,0.9966459032103497,0.5758964879852125
0.26678649377327,0.996642685851319,0.5758964879852125
0.26678649377327,0.9971209213051824,0.5758964879852125
0.2666581075876236,0.9971195391262602,0.5758964879852125
0.26652972140197717,0.9975973089860644,0.5758964879852125
0.2662729490306843,0.9975949975949976,0.5758964879852125
0.26614456284503785,0.9975938402309913,0.5758964879852125
0.2660161766593914,0.9975926817525277,0.5758964879852125
0.26563101810245215,0.997589199614272,0.5758964879852125
0.26563101810245215,0.9980704293294742,0.5758964879852125
0.2652458595455129,0.9980676328502416,0.5758964879852125
0.26511747335986646,0.9980666988883519,0.5758964879852125
0.26498908717422004,0.9980657640232108,0.5758964879852125
0.2648607009885736,0.9980648282535075,0.5758964879852125
0.2648607009885736,0.9985479186834463,0.5758964879852125
0.2647323148029272,0.998547215496368,0.5758964879852125
0.26460392861728077,0.998546511627907,0.5758964879852125
0.26447554243163435,0.9985458070770722,0.5758964879852125
0.26447554243163435,0.9990300678952473,0.5758964879852125
0.2643471562459879,0.9990295972828724,0.5758964879852125
0.2642187700603415,0.9990291262135922,0.5758964879852125
0.2642187700603415,0.9995143273433705,0.5758964879852125
0.2642187700603415,1.0,0.5758964879852125
0.2640903838746951,1.0,0.5758964879852125
0.26396199768904866,1.0,0.5758964879852125
0.26383361150340223,1.0,0.5758964879852125
0.2637052253177558,1.0,0.5758964879852125
0.2635768391321094,1.0,0.5758964879852125
0.26344845294646296,1.0,0.5758964879852125
0.26332006676081654,1.0,0.5758964879852125
0.2631916805751701,1.0,0.5758964879852125
0.2630632943895237,1.0,0.5758964879852125
0.26280652201823085,1.0,0.5758964879852125
0.2626781358325844,1.0,0.5758964879852125
0.262549749646938,1.0,0.5758964879852125
0.2624213634612916,1.0,0.5758964879852125
0.26216459108999873,1.0,0.5758964879852125
0.2620362049043523,1.0,0.5758964879852125
0.26177943253305946,1.0,0.5758964879852125
0.26165104634741304,1.0,0.5758964879852125
0.2615226601617666,1.0,0.5758964879852125
0.2613942739761202,1.0,0.5758964879852125
0.26126588779047377,1.0,0.5758964879852125
0.26100911541918087,1.0,0.5758964879852125
0.26088072923353445,1.0,0.5758964879852125
0.260752343047888,1.0,0.5758964879852125
0.2606239568622416,1.0,0.5758964879852125
0.2604955706765952,1.0,0.5758964879852125
0.26036718449094876,1.0,0.5758964879852125
0.26023879830530233,1.0,0.5758964879852125
0.2601104121196559,1.0,0.5758964879852125
0.2599820259340095,1.0,0.5758964879852125
0.25985363974836306,1.0,0.5758964879852125
0.25972525356271664,1.0,0.5758964879852125
0.2595968673770702,1.0,0.5758964879852125
0.2594684811914238,1.0,0.5758964879852125
0.25934009500577737,1.0,0.5758964879852125
0.25921170882013095,1.0,0.5758964879852125
0.2590833226344845,1.0,0.5758964879852125
0.2589549364488381,1.0,0.5758964879852125
0.2588265502631917,1.0,0.5758964879852125
0.25869816407754526,1.0,0.5758964879852125
0.25856977789189883,1.0,0.5758964879852125
0.2584413917062524,1.0,0.5758964879852125
0.258313005520606,1.0,0.5758964879852125
0.25818461933495956,1.0,0.5758964879852125
0.25805623314931314,1.0,0.5758964879852125
0.2579278469636667,1.0,0.5758964879852125
0.2577994607780203,1.0,0.5758964879852125
0.25767107459237387,1.0,0.5758964879852125
0.25754268840672745,1.0,0.5758964879852125
0.257414302221081,1.0,0.5758964879852125
0.2572859160354346,1.0,0.5758964879852125
0.2571575298497882,1.0,0.5758964879852125
0.25702914366414176,1.0,0.5758964879852125
0.25690075747849533,1.0,0.5758964879852125
0.2567723712928489,1.0,0.5758964879852125
0.2566439851072025,1.0,0.5758964879852125
0.25651559892155607,1.0,0.5758964879852125
0.25638721273590964,1.0,0.5758964879852125
0.2562588265502632,1.0,0.5758964879852125
0.25613044036461674,1.0,0.5758964879852125
0.2560020541789703,1.0,0.5758964879852125
0.2558736679933239,1.0,0.5758964879852125
0.25574528180767747,1.0,0.5758964879852125
0.25561689562203105,1.0,0.5758964879852125
0.2554885094363846,1.0,0.5758964879852125
0.2552317370650918,1.0,0.5758964879852125
0.25497496469379893,1.0,0.5758964879852125
0.2548465785081525,1.0,0.5758964879852125
0.2547181923225061,1.0,0.5758964879852125
0.25458980613685966,1.0,0.5758964879852125
0.25446141995121324,1.0,0.5758964879852125
0.2543330337655668,1.0,0.5758964879852125
0.2542046475799204,1.0,0.5758964879852125
0.254076261394274,1.0,0.5758964879852125
0.25394787520862755,1.0,0.5758964879852125
0.2538194890229811,1.0,0.5758964879852125
0.2536911028373347,1.0,0.5758964879852125
0.2535627166516883,1.0,0.5758964879852125
0.25343433046604186,1.0,0.5758964879852125
0.25330594428039543,1.0,0.5758964879852125
0.253177558094749,1.0,0.5758964879852125
0.2530491719091026,1.0,0.5758964879852125
0.25292078572345617,1.0,0.5758964879852125
0.25279239953780974,1.0,0.5758964879852125
0.2526640133521633,1.0,0.5758964879852125
0.2525356271665169,1.0,0.5758964879852125
0.2524072409808705,1.0,0.5758964879852125
0.25227885479522405,1.0,0.5758964879852125
0.2521504686095776,1.0,0.5758964879852125
0.2520220824239312,1.0,0.5758964879852125
0.2518936962382848,1.0,0.5758964879852125
0.25176531005263836,1.0,0.5758964879852125
0.25163692386699194,1.0,0.5758964879852125
0.2515085376813455,1.0,0.5758964879852125
0.2513801514956991,1.0,0.5758964879852125
0.25125176531005267,1.0,0.5758964879852125
0.2511233791244062,1.0,0.5758964879852125
0.25099499293875976,1.0,0.5758964879852125
0.25086660675311334,1.0,0.5758964879852125
0.2507382205674669,1.0,0.5758964879852125
0.2506098343818205,1.0,0.5758964879852125
0.2504814481961741,1.0,0.5758964879852125
0.25035306201052765,1.0,0.5758964879852125
0.2502246758248812,1.0,0.5758964879852125
0.2500962896392348,1.0,0.5758964879852125
0.24996790345358838,1.0,0.5758964879852125
0.24983951726794196,1.0,0.5758964879852125
0.24971113108229553,1.0,0.5758964879852125
0.2495827448966491,1.0,0.5758964879852125
0.2494543587110027,1.0,0.5758964879852125
0.24932597252535627,1.0,0.5758964879852125
0.24919758633970984,1.0,0.5758964879852125
0.24906920015406342,1.0,0.5758964879852125
0.248940813968417,1.0,0.5758964879852125
0.24881242778277057,1.0,0.5758964879852125
0.24868404159712415,1.0,0.5758964879852125
0.24855565541147773,1.0,0.5758964879852125
0.2484272692258313,1.0,0.5758964879852125
0.24829888304018488,1.0,0.5758964879852125
0.24817049685453846,1.0,0.5758964879852125
0.24804211066889204,1.0,0.5758964879852125
0.2479137244832456,1.0,0.5758964879852125
0.2477853382975992,1.0,0.5758964879852125
0.24765695211195277,1.0,0.5758964879852125
0.24752856592630634,1.0,0.5758964879852125
0.2474001797406599,1.0,0.5758964879852125
0.24727179355501347,1.0,0.5758964879852125
0.24714340736936705,1.0,0.5758964879852125
0.24701502118372062,1.0,0.5758964879852125
0.2468866349980742,1.0,0.5758964879852125
0.24675824881242778,1.0,0.5758964879852125
0.24662986262678135,1.0,0.5758964879852125
0.24650147644113493,1.0,0.5758964879852125
0.2463730902554885,1.0,0.5758964879852125
0.24624470406984209,1.0,0.5758964879852125
0.24611631788419566,1.0,0.5758964879852125
0.24598793169854924,1.0,0.5758964879852125
0.24585954551290282,1.0,0.5758964879852125
0.2457311593272564,1.0,0.5758964879852125
0.24560277314160997,1.0,0.5758964879852125
0.24547438695596355,1.0,0.5758964879852125
0.24534600077031712,1.0,0.5758964879852125
0.2452176145846707,1.0,0.5758964879852125
0.24508922839902428,1.0,0.5758964879852125
0.24496084221337783,1.0,0.5758964879852125
0.2448324560277314,1.0,0.5758964879852125
0.24470406984208498,1.0,0.5758964879852125
0.24457568365643856,1.0,0.5758964879852125
0.24444729747079214,1.0,0.5758964879852125
0.2443189112851457,1.0,0.5758964879852125
0.2441905250994993,1.0,0.5758964879852125
0.24406213891385287,1.0,0.5758964879852125
0.24393375272820644,1.0,0.5758964879852125
0.24380536654256002,1.0,0.5758964879852125
0.2436769803569136,1.0,0.5758964879852125
0.24354859417126717,1.0,0.5758964879852125
0.24342020798562075,1.0,0.5758964879852125
0.24329182179997433,1.0,0.5758964879852125
0.2431634356143279,1.0,0.5758964879852125
0.24303504942868148,1.0,0.5758964879852125
0.24290666324303506,1.0,0.5758964879852125
0.24277827705738864,1.0,0.5758964879852125
0.2426498908717422,1.0,0.5758964879852125
0.24252150468609576,1.0,0.5758964879852125
0.24239311850044934,1.0,0.5758964879852125
0.24226473231480292,1.0,0.5758964879852125
0.2421363461291565,1.0,0.5758964879852125
0.24200795994351007,1.0,0.5758964879852125
0.24187957375786365,1.0,0.5758964879852125
0.24175118757221722,1.0,0.5758964879852125
0.2416228013865708,1.0,0.5758964879852125
0.24149441520092438,1.0,0.5758964879852125
0.24136602901527796,1.0,0.5758964879852125
0.24123764282963153,1.0,0.5758964879852125
0.2409808704583387,1.0,0.5758964879852125
0.24085248427269226,1.0,0.5758964879852125
0.24072409808704584,1.0,0.5758964879852125
0.24059571190139942,1.0,0.5758964879852125
0.240467325715753,1.0,0.5758964879852125
0.24033893953010657,1.0,0.5758964879852125
0.24021055334446015,1.0,0.5758964879852125
0.23995378097316727,1.0,0.5758964879852125
0.23982539478752085,1.0,0.5758964879852125
0.23969700860187443,1.0,0.5758964879852125
0.239568622416228,1.0,0.5758964879852125
0.23944023623058158,1.0,0.5758964879852125
0.23931185004493516,1.0,0.5758964879852125
0.23918346385928874,1.0,0.5758964879852125
0.2390550776736423,1.0,0.5758964879852125
0.2389266914879959,1.0,0.5758964879852125
0.23879830530234947,1.0,0.5758964879852125
0.23866991911670304,1.0,0.5758964879852125
0.23854153293105662,1.0,0.5758964879852125
0.2384131467454102,1.0,0.5758964879852125
0.23828476055976378,1.0,0.5758964879852125
0.23815637437411735,1.0,0.5758964879852125
0.23802798818847093,1.0,0.5758964879852125
0.2378996020028245,1.0,0.5758964879852125
0.23777121581717808,1.0,0.5758964879852125
0.23764282963153166,1.0,0.5758964879852125
0.2375144434458852,1.0,0.5758964879852125
0.2373860572602388,1.0,0.5758964879852125
0.23725767107459236,1.0,0.5758964879852125
0.23712928488894594,1.0,0.5758964879852125
0.23700089870329952,1.0,0.5758964879852125
0.2368725125176531,1.0,0.5758964879852125
0.23674412633200667,1.0,0.5758964879852125
0.23648735396071383,1.0,0.5758964879852125
0.2363589677750674,1.0,0.5758964879852125
0.23623058158942098,1.0,0.5758964879852125
0.23610219540377456,1.0,0.5758964879852125
0.23597380921812813,1.0,0.5758964879852125
0.2358454230324817,1.0,0.5758964879852125
0.2357170368468353,1.0,0.5758964879852125
0.23558865066118886,1.0,0.5758964879852125
0.23546026447554244,1.0,0.5758964879852125
0.2352034921042496,1.0,0.5758964879852125
0.23507510591860317,1.0,0.5758964879852125
0.23494671973295672,1.0,0.5758964879852125
0.2348183335473103,1.0,0.5758964879852125
0.23468994736166388,1.0,0.5758964879852125
0.23456156117601745,1.0,0.5758964879852125
0.23443317499037103,1.0,0.5758964879852125
0.2343047888047246,1.0,0.5758964879852125
0.23417640261907818,1.0,0.5758964879852125
0.23404801643343176,1.0,0.5758964879852125
0.23391963024778534,1.0,0.5758964879852125
0.23379124406213891,1.0,0.5758964879852125
0.2336628578764925,1.0,0.5758964879852125
0.23353447169084607,1.0,0.5758964879852125
0.23340608550519965,1.0,0.5758964879852125
0.23327769931955322,1.0,0.5758964879852125
0.2331493131339068,1.0,0.5758964879852125
0.23302092694826038,1.0,0.5758964879852125
0.23289254076261395,1.0,0.5758964879852125
0.23276415457696753,1.0,0.5758964879852125
0.2326357683913211,1.0,0.5758964879852125
0.23250738220567466,1.0,0.5758964879852125
0.23237899602002823,1.0,0.5758964879852125
0.2322506098343818,1.0,0.5758964879852125
0.23199383746308896,1.0,0.5758964879852125
0.23186545127744254,1.0,0.5758964879852125
0.23173706509179612,1.0,0.5758964879852125
0.2316086789061497,1.0,0.5758964879852125
0.23148029272050327,1.0,0.5758964879852125
0.23135190653485685,1.0,0.5758964879852125
0.23122352034921043,1.0,0.5758964879852125
0.23070997560662473,1.0,0.5758964879852125
0.2305815894209783,1.0,0.5758964879852125
0.2304532032353319,1.0,0.5758964879852125
0.23032481704968547,1.0,0.5758964879852125
0.23019643086403904,1.0,0.5758964879852125
0.2300680446783926,1.0,0.5758964879852125
0.22993965849274617,1.0,0.5758964879852125
0.22981127230709975,1.0,0.5758964879852125
0.22968288612145332,1.0,0.5758964879852125
0.2295544999358069,1.0,0.5758964879852125
0.22942611375016048,1.0,0.5758964879852125
0.22929772756451405,1.0,0.5758964879852125
0.22916934137886763,1.0,0.5758964879852125
0.2290409551932212,1.0,0.5758964879852125
0.22891256900757478,1.0,0.5758964879852125
0.22865579663628194,1.0,0.5758964879852125
0.22852741045063552,1.0,0.5758964879852125
0.2283990242649891,1.0,0.5758964879852125
0.22827063807934267,1.0,0.5758964879852125
0.22814225189369625,1.0,0.5758964879852125
0.22801386570804982,1.0,0.5758964879852125
0.22762870715111055,1.0,0.5758964879852125
0.2275003209654641,1.0,0.5758964879852125
0.22737193477981768,1.0,0.5758964879852125
0.22724354859417126,1.0,0.5758964879852125
0.22711516240852483,1.0,0.5758964879852125
0.2269867762228784,1.0,0.5758964879852125
0.226858390037232,1.0,0.5758964879852125
0.22673000385158557,1.0,0.5758964879852125
0.22660161766593914,1.0,0.5758964879852125
0.2263448452946463,1.0,0.5758964879852125
0.22621645910899987,1.0,0.5758964879852125
0.22608807292335345,1.0,0.5758964879852125
0.2258313005520606,1.0,0.5758964879852125
0.22570291436641418,1.0,0.5758964879852125
0.22557452818076776,1.0,0.5758964879852125
0.22544614199512134,1.0,0.5758964879852125
0.2253177558094749,1.0,0.5758964879852125
0.2251893696238285,1.0,0.5758964879852125
0.22493259725253562,1.0,0.5758964879852125
0.2248042110668892,1.0,0.5758964879852125
0.22467582488124277,1.0,0.5758964879852125
0.22454743869559635,1.0,0.5758964879852125
0.22441905250994992,1.0,0.5758964879852125
0.2242906663243035,1.0,0.5758964879852125
0.22416228013865708,1.0,0.5758964879852125
0.22403389395301065,1.0,0.5758964879852125
0.22390550776736423,1.0,0.5758964879852125
0.2237771215817178,1.0,0.5758964879852125
0.22364873539607139,1.0,0.5758964879852125
0.22352034921042496,1.0,0.5758964879852125
0.22339196302477854,1.0,0.5758964879852125
0.2231351906534857,1.0,0.5758964879852125
0.22300680446783927,1.0,0.5758964879852125
0.22287841828219285,1.0,0.5758964879852125
0.22275003209654642,1.0,0.5758964879852125
0.22262164591089997,1.0,0.5758964879852125
0.22249325972525355,1.0,0.5758964879852125
0.22236487353960713,1.0,0.5758964879852125
0.2222364873539607,1.0,0.5758964879852125
0.22210810116831428,1.0,0.5758964879852125
0.22185132879702144,1.0,0.5758964879852125
0.221722942611375,1.0,0.5758964879852125
0.2215945564257286,1.0,0.5758964879852125
0.22146617024008217,1.0,0.5758964879852125
0.22133778405443574,1.0,0.5758964879852125
0.22120939786878932,1.0,0.5758964879852125
0.2210810116831429,1.0,0.5758964879852125
0.22095262549749647,1.0,0.5758964879852125
0.22082423931185005,1.0,0.5758964879852125
0.22069585312620363,1.0,0.5758964879852125
0.2205674669405572,1.0,0.5758964879852125
0.22043908075491078,1.0,0.5758964879852125
0.22031069456926436,1.0,0.5758964879852125
0.22018230838361794,1.0,0.5758964879852125
0.22005392219797149,1.0,0.5758964879852125
0.21992553601232506,1.0,0.5758964879852125
0.21979714982667864,1.0,0.5758964879852125
0.21966876364103222,1.0,0.5758964879852125
0.2195403774553858,1.0,0.5758964879852125
0.21941199126973937,1.0,0.5758964879852125
0.21928360508409295,1.0,0.5758964879852125
0.21915521889844652,1.0,0.5758964879852125
0.2190268327128001,1.0,0.5758964879852125
0.21889844652715368,1.0,0.5758964879852125
0.21877006034150726,1.0,0.5758964879852125
0.21864167415586083,1.0,0.5758964879852125
0.2185132879702144,1.0,0.5758964879852125
0.218384901784568,1.0,0.5758964879852125
0.21825651559892156,1.0,0.5758964879852125
0.21812812941327514,1.0,0.5758964879852125
0.21799974322762872,1.0,0.5758964879852125
0.2178713570419823,1.0,0.5758964879852125
0.21774297085633587,1.0,0.5758964879852125
0.21761458467068942,1.0,0.5758964879852125
0.217486198485043,1.0,0.5758964879852125
0.21735781229939657,1.0,0.5758964879852125
0.21722942611375015,1.0,0.5758964879852125
0.21710103992810373,1.0,0.5758964879852125
0.2169726537424573,1.0,0.5758964879852125
0.21684426755681088,1.0,0.5758964879852125
0.21671588137116446,1.0,0.5758964879852125
0.21658749518551804,1.0,0.5758964879852125
0.2164591089998716,1.0,0.5758964879852125
0.2163307228142252,1.0,0.5758964879852125
0.21620233662857877,1.0,0.5758964879852125
0.21607395044293234,1.0,0.5758964879852125
0.21594556425728592,1.0,0.5758964879852125
0.2158171780716395,1.0,0.5758964879852125
0.21568879188599308,1.0,0.5758964879852125
0.21556040570034665,1.0,0.5758964879852125
0.21543201951470023,1.0,0.5758964879852125
0.2153036333290538,1.0,0.5758964879852125
0.21517524714340738,1.0,0.5758964879852125
0.21504686095776093,1.0,0.5758964879852125
0.2149184747721145,1.0,0.5758964879852125
0.2147900885864681,1.0,0.5758964879852125
0.21466170240082166,1.0,0.5758964879852125
0.2142765438438824,1.0,0.5758964879852125
0.21389138528694313,1.0,0.5758964879852125
0.2137629991012967,1.0,0.5758964879852125
0.21363461291565028,1.0,0.5758964879852125
0.21350622673000386,1.0,0.5758964879852125
0.21337784054435743,1.0,0.5758964879852125
0.213249454358711,1.0,0.5758964879852125
0.2131210681730646,1.0,0.5758964879852125
0.21299268198741816,1.0,0.5758964879852125
0.21286429580177174,1.0,0.5758964879852125
0.21273590961612532,1.0,0.5758964879852125
0.21260752343047887,1.0,0.5758964879852125
0.21247913724483244,1.0,0.5758964879852125
0.21235075105918602,1.0,0.5758964879852125
0.2122223648735396,1.0,0.5758964879852125
0.21209397868789318,1.0,0.5758964879852125
0.21196559250224675,1.0,0.5758964879852125
0.21183720631660033,1.0,0.5758964879852125
0.2117088201309539,1.0,0.5758964879852125
0.21158043394530748,1.0,0.5758964879852125
0.21145204775966106,1.0,0.5758964879852125
0.21132366157401464,1.0,0.5758964879852125
0.21119527538836821,1.0,0.5758964879852125
0.2110668892027218,1.0,0.5758964879852125
0.21093850301707537,1.0,0.5758964879852125
0.21081011683142895,1.0,0.5758964879852125
0.21068173064578252,1.0,0.5758964879852125
0.2105533444601361,1.0,0.5758964879852125
0.21042495827448968,1.0,0.5758964879852125
0.21029657208884325,1.0,0.5758964879852125
0.2101681859031968,1.0,0.5758964879852125
0.21003979971755038,1.0,0.5758964879852125
0.20991141353190396,1.0,0.5758964879852125
0.20978302734625753,1.0,0.5758964879852125
0.2096546411606111,1.0,0.5758964879852125
0.2095262549749647,1.0,0.5758964879852125
0.20939786878931826,1.0,0.5758964879852125
0.20926948260367184,1.0,0.5758964879852125
0.20914109641802542,1.0,0.5758964879852125
0.209012710232379,1.0,0.5758964879852125
0.20888432404673257,1.0,0.5758964879852125
0.20875593786108615,1.0,0.5758964879852125
0.20862755167543973,1.0,0.5758964879852125
0.2084991654897933,1.0,0.5758964879852125
0.20837077930414688,1.0,0.5758964879852125
0.20824239311850046,1.0,0.5758964879852125
0.20811400693285403,1.0,0.5758964879852125
0.2079856207472076,1.0,0.5758964879852125
0.20760046219026831,1.0,0.5758964879852125
0.2074720760046219,1.0,0.5758964879852125
0.20734368981897547,1.0,0.5758964879852125
0.20721530363332905,1.0,0.5758964879852125
0.20708691744768262,1.0,0.5758964879852125
0.2069585312620362,1.0,0.5758964879852125
0.20683014507638978,1.0,0.5758964879852125
0.20670175889074335,1.0,0.5758964879852125
0.20657337270509693,1.0,0.5758964879852125
0.20618821414815766,1.0,0.5758964879852125
0.20605982796251124,1.0,0.5758964879852125
0.20593144177686482,1.0,0.5758964879852125
0.2058030555912184,1.0,0.5758964879852125
0.20567466940557197,1.0,0.5758964879852125
0.20554628321992555,1.0,0.5758964879852125
0.20541789703427912,1.0,0.5758964879852125
0.2052895108486327,1.0,0.5758964879852125
0.20516112466298625,1.0,0.5758964879852125
0.2049043522916934,1.0,0.5758964879852125
0.20477596610604698,1.0,0.5758964879852125
0.20464757992040056,1.0,0.5758964879852125
0.20451919373475413,1.0,0.5758964879852125
0.2043908075491077,1.0,0.5758964879852125
0.2042624213634613,1.0,0.5758964879852125
0.20413403517781487,1.0,0.5758964879852125
0.20400564899216844,1.0,0.5758964879852125
0.20387726280652202,1.0,0.5758964879852125
0.2037488766208756,1.0,0.5758964879852125
0.20362049043522917,1.0,0.5758964879852125
0.20349210424958275,1.0,0.5758964879852125
0.20336371806393633,1.0,0.5758964879852125
0.2032353318782899,1.0,0.5758964879852125
0.20310694569264348,1.0,0.5758964879852125
0.20297855950699706,1.0,0.5758964879852125
0.20285017332135064,1.0,0.5758964879852125
0.20272178713570418,1.0,0.5758964879852125
0.20259340095005776,1.0,0.5758964879852125
0.20246501476441134,1.0,0.5758964879852125
0.20233662857876492,1.0,0.5758964879852125
0.2022082423931185,1.0,0.5758964879852125
0.20207985620747207,1.0,0.5758964879852125
0.20195147002182565,1.0,0.5758964879852125
0.20182308383617922,1.0,0.5758964879852125
0.2016946976505328,1.0,0.5758964879852125
0.20156631146488638,1.0,0.5758964879852125
0.20143792527923995,1.0,0.5758964879852125
0.20130953909359353,1.0,0.5758964879852125
0.2011811529079471,1.0,0.5758964879852125
0.20105276672230069,1.0,0.5758964879852125
0.20092438053665426,1.0,0.5758964879852125
0.20079599435100784,1.0,0.5758964879852125
0.20066760816536142,1.0,0.5758964879852125
0.200539221979715,1.0,0.5758964879852125
0.20028244960842215,1.0,0.5758964879852125
0.2001540634227757,1.0,0.5758964879852125
0.20002567723712927,1.0,0.5758964879852125
0.19989729105148285,1.0,0.5758964879852125
0.19976890486583643,1.0,0.5758964879852125
0.19964051868019,1.0,0.5758964879852125
0.19951213249454358,1.0,0.5758964879852125
0.19938374630889716,1.0,0.5758964879852125
0.1991269739376043,1.0,0.5758964879852125
0.1989985877519579,1.0,0.5758964879852125
0.19887020156631147,1.0,0.5758964879852125
0.19874181538066504,1.0,0.5758964879852125
0.19861342919501862,1.0,0.5758964879852125
0.1984850430093722,1.0,0.5758964879852125
0.19835665682372577,1.0,0.5758964879852125
0.19822827063807935,1.0,0.5758964879852125
0.19809988445243293,1.0,0.5758964879852125
0.1979714982667865,1.0,0.5758964879852125
0.19784311208114008,1.0,0.5758964879852125
0.19771472589549363,1.0,0.5758964879852125
0.1975863397098472,1.0,0.5758964879852125
0.19745795352420079,1.0,0.5758964879852125
0.19720118115290794,1.0,0.5758964879852125
0.19707279496726152,1.0,0.5758964879852125
0.1969444087816151,1.0,0.5758964879852125
0.19681602259596867,1.0,0.5758964879852125
0.19668763641032225,1.0,0.5758964879852125
0.19655925022467582,1.0,0.5758964879852125
0.1964308640390294,1.0,0.5758964879852125
0.19630247785338298,1.0,0.5758964879852125
0.19617409166773656,1.0,0.5758964879852125
0.19604570548209013,1.0,0.5758964879852125
0.1959173192964437,1.0,0.5758964879852125
0.1957889331107973,1.0,0.5758964879852125
0.19566054692515086,1.0,0.5758964879852125
0.19553216073950444,1.0,0.5758964879852125
0.19540377455385802,1.0,0.5758964879852125
0.1952753883682116,1.0,0.5758964879852125
0.19514700218256514,1.0,0.5758964879852125
0.19501861599691872,1.0,0.5758964879852125
0.1948902298112723,1.0,0.5758964879852125
0.19476184362562587,1.0,0.5758964879852125
0.19463345743997945,1.0,0.5758964879852125
0.19450507125433303,1.0,0.5758964879852125
0.1943766850686866,1.0,0.5758964879852125
0.19424829888304018,1.0,0.5758964879852125
0.19411991269739376,1.0,0.5758964879852125
0.19399152651174734,1.0,0.5758964879852125
0.1938631403261009,1.0,0.5758964879852125
0.1937347541404545,1.0,0.5758964879852125
0.19360636795480807,1.0,0.5758964879852125
0.19347798176916164,1.0,0.5758964879852125
0.19334959558351522,1.0,0.5758964879852125
0.19309282321222238,1.0,0.5758964879852125
0.19296443702657595,1.0,0.5758964879852125
0.19283605084092953,1.0,0.5758964879852125
0.19270766465528308,1.0,0.5758964879852125
0.19257927846963666,1.0,0.5758964879852125
0.19245089228399023,1.0,0.5758964879852125
0.1923225060983438,1.0,0.5758964879852125
0.1921941199126974,1.0,0.5758964879852125
0.19206573372705096,1.0,0.5758964879852125
0.19180896135575812,1.0,0.5758964879852125
0.1916805751701117,1.0,0.5758964879852125
0.19142380279881885,1.0,0.5758964879852125
0.19129541661317243,1.0,0.5758964879852125
0.191167030427526,1.0,0.5758964879852125
0.19103864424187958,1.0,0.5758964879852125
0.1906534856849403,1.0,0.5758964879852125
0.1905250994992939,1.0,0.5758964879852125
0.19039671331364746,1.0,0.5758964879852125
0.190268327128001,1.0,0.5758964879852125
0.1901399409423546,1.0,0.5758964879852125
0.19001155475670817,1.0,0.5758964879852125
0.18988316857106174,1.0,0.5758964879852125
0.18975478238541532,1.0,0.5758964879852125
0.1896263961997689,1.0,0.5758964879852125
0.18949801001412248,1.0,0.5758964879852125
0.18936962382847605,1.0,0.5758964879852125
0.1891128514571832,1.0,0.5758964879852125
0.18898446527153678,1.0,0.5758964879852125
0.18885607908589036,1.0,0.5758964879852125
0.18872769290024394,1.0,0.5758964879852125
0.18859930671459751,1.0,0.5758964879852125
0.1884709205289511,1.0,0.5758964879852125
0.18834253434330467,1.0,0.5758964879852125
0.18821414815765825,1.0,0.5758964879852125
0.18808576197201182,1.0,0.5758964879852125
0.18782898960071898,1.0,0.5758964879852125
0.18770060341507253,1.0,0.5758964879852125
0.1875722172294261,1.0,0.5758964879852125
0.18731544485813326,1.0,0.5758964879852125
0.18718705867248683,1.0,0.5758964879852125
0.18680190011554756,1.0,0.5758964879852125
0.18667351392990114,1.0,0.5758964879852125
0.18654512774425472,1.0,0.5758964879852125
0.1864167415586083,1.0,0.5758964879852125
0.18615996918731545,1.0,0.5758964879852125
0.18603158300166903,1.0,0.5758964879852125
0.1859031968160226,1.0,0.5758964879852125
0.18577481063037618,1.0,0.5758964879852125
0.18564642444472976,1.0,0.5758964879852125
0.18551803825908333,1.0,0.5758964879852125
0.1853896520734369,1.0,0.5758964879852125
0.18526126588779046,1.0,0.5758964879852125
0.18513287970214404,1.0,0.5758964879852125
0.18500449351649761,1.0,0.5758964879852125
0.1848761073308512,1.0,0.5758964879852125
0.18474772114520477,1.0,0.5758964879852125
0.18461933495955835,1.0,0.5758964879852125
0.18449094877391192,1.0,0.5758964879852125
0.1843625625882655,1.0,0.5758964879852125
0.18423417640261908,1.0,0.5758964879852125
0.18410579021697265,1.0,0.5758964879852125
0.18397740403132623,1.0,0.5758964879852125
0.1838490178456798,1.0,0.5758964879852125
0.18372063166003338,1.0,0.5758964879852125
0.18359224547438696,1.0,0.5758964879852125
0.18346385928874054,1.0,0.5758964879852125
0.18333547310309412,1.0,0.5758964879852125
0.1832070869174477,1.0,0.5758964879852125
0.18295031454615485,1.0,0.5758964879852125
0.1828219283605084,1.0,0.5758964879852125
0.18269354217486197,1.0,0.5758964879852125
0.18256515598921555,1.0,0.5758964879852125
0.18243676980356913,1.0,0.5758964879852125
0.1823083836179227,1.0,0.5758964879852125
0.18217999743227628,1.0,0.5758964879852125
0.18205161124662986,1.0,0.5758964879852125
0.18192322506098343,1.0,0.5758964879852125
0.181794838875337,1.0,0.5758964879852125
0.1816664526896906,1.0,0.5758964879852125
0.18153806650404417,1.0,0.5758964879852125
0.18140968031839774,1.0,0.5758964879852125
0.1811529079471049,1.0,0.5758964879852125
0.18102452176145847,1.0,0.5758964879852125
0.18089613557581205,1.0,0.5758964879852125
0.18076774939016563,1.0,0.5758964879852125
0.1806393632045192,1.0,0.5758964879852125
0.18051097701887278,1.0,0.5758964879852125
0.1802542046475799,1.0,0.5758964879852125
0.18012581846193348,1.0,0.5758964879852125
0.17999743227628706,1.0,0.5758964879852125
0.17986904609064064,1.0,0.5758964879852125
0.17974065990499422,1.0,0.5758964879852125
0.1796122737193478,1.0,0.5758964879852125
0.17948388753370137,1.0,0.5758964879852125
0.17935550134805495,1.0,0.5758964879852125
0.17922711516240852,1.0,0.5758964879852125
0.1790987289767621,1.0,0.5758964879852125
0.17897034279111568,1.0,0.5758964879852125
0.17884195660546925,1.0,0.5758964879852125
0.17871357041982283,1.0,0.5758964879852125
0.1785851842341764,1.0,0.5758964879852125
0.17820002567723714,1.0,0.5758964879852125
0.17807163949159072,1.0,0.5758964879852125
0.1779432533059443,1.0,0.5758964879852125
0.17781486712029784,1.0,0.5758964879852125
0.17768648093465142,1.0,0.5758964879852125
0.177558094749005,1.0,0.5758964879852125
0.17742970856335857,1.0,0.5758964879852125
0.17730132237771215,1.0,0.5758964879852125
0.17717293619206573,1.0,0.5758964879852125
0.1770445500064193,1.0,0.5758964879852125
0.17678777763512646,1.0,0.5758964879852125
0.17665939144948004,1.0,0.5758964879852125
0.1765310052638336,1.0,0.5758964879852125
0.1764026190781872,1.0,0.5758964879852125
0.17614584670689434,1.0,0.5758964879852125
0.17601746052124792,1.0,0.5758964879852125
0.1758890743356015,1.0,0.5758964879852125
0.17576068814995507,1.0,0.5758964879852125
0.17563230196430865,1.0,0.5758964879852125
0.17550391577866223,1.0,0.5758964879852125
0.1753755295930158,1.0,0.5758964879852125
0.17524714340736935,1.0,0.5758964879852125
0.17511875722172293,1.0,0.5758964879852125
0.1749903710360765,1.0,0.5758964879852125
0.17486198485043009,1.0,0.5758964879852125
0.17473359866478366,1.0,0.5758964879852125
0.17460521247913724,1.0,0.5758964879852125
0.17447682629349082,1.0,0.5758964879852125
0.1743484401078444,1.0,0.5758964879852125
0.17422005392219797,1.0,0.5758964879852125
0.17409166773655155,1.0,0.5758964879852125
0.17396328155090512,1.0,0.5758964879852125
0.1738348953652587,1.0,0.5758964879852125
0.17370650917961228,1.0,0.5758964879852125
0.17357812299396586,1.0,0.5758964879852125
0.17344973680831943,1.0,0.5758964879852125
0.173321350622673,1.0,0.5758964879852125
0.1731929644370266,1.0,0.5758964879852125
0.17306457825138016,1.0,0.5758964879852125
0.17293619206573374,1.0,0.5758964879852125
0.1728078058800873,1.0,0.5758964879852125
0.17267941969444087,1.0,0.5758964879852125
0.17255103350879444,1.0,0.5758964879852125
0.17242264732314802,1.0,0.5758964879852125
0.17216587495185517,1.0,0.5758964879852125
0.17203748876620875,1.0,0.5758964879852125
0.17190910258056233,1.0,0.5758964879852125
0.1717807163949159,1.0,0.5758964879852125
0.17165233020926948,1.0,0.5758964879852125
0.17152394402362306,1.0,0.5758964879852125
0.17139555783797664,1.0,0.5758964879852125
0.1712671716523302,1.0,0.5758964879852125
0.1711387854666838,1.0,0.5758964879852125
0.17101039928103737,1.0,0.5758964879852125
0.17088201309539094,1.0,0.5758964879852125
0.1706252407240981,1.0,0.5758964879852125
0.17049685453845168,1.0,0.5758964879852125
0.17036846835280522,1.0,0.5758964879852125
0.1702400821671588,1.0,0.5758964879852125
0.17011169598151238,1.0,0.5758964879852125
0.16998330979586596,1.0,0.5758964879852125
0.16985492361021953,1.0,0.5758964879852125
0.1697265374245731,1.0,0.5758964879852125
0.16934137886763384,1.0,0.5758964879852125
0.16921299268198742,1.0,0.5758964879852125
0.169084606496341,1.0,0.5758964879852125
0.16895622031069457,1.0,0.5758964879852125
0.16882783412504815,1.0,0.5758964879852125
0.16869944793940173,1.0,0.5758964879852125
0.1685710617537553,1.0,0.5758964879852125
0.16844267556810888,1.0,0.5758964879852125
0.16831428938246246,1.0,0.5758964879852125
0.16818590319681603,1.0,0.5758964879852125
0.1680575170111696,1.0,0.5758964879852125
0.1679291308255232,1.0,0.5758964879852125
0.16780074463987674,1.0,0.5758964879852125
0.1676723584542303,1.0,0.5758964879852125
0.1675439722685839,1.0,0.5758964879852125
0.16741558608293747,1.0,0.5758964879852125
0.16728719989729104,1.0,0.5758964879852125
0.16715881371164462,1.0,0.5758964879852125
0.1670304275259982,1.0,0.5758964879852125
0.16690204134035178,1.0,0.5758964879852125
0.16677365515470535,1.0,0.5758964879852125
0.16664526896905893,1.0,0.5758964879852125
0.1665168827834125,1.0,0.5758964879852125
0.16638849659776608,1.0,0.5758964879852125
0.16626011041211966,1.0,0.5758964879852125
0.16613172422647324,1.0,0.5758964879852125
0.16600333804082681,1.0,0.5758964879852125
0.1658749518551804,1.0,0.5758964879852125
0.16574656566953397,1.0,0.5758964879852125
0.16561817948388755,1.0,0.5758964879852125
0.16536140711259467,1.0,0.5758964879852125
0.16523302092694825,1.0,0.5758964879852125
0.16510463474130183,1.0,0.5758964879852125
0.1649762485556554,1.0,0.5758964879852125
0.16484786237000898,1.0,0.5758964879852125
0.16471947618436256,1.0,0.5758964879852125
0.16459108999871613,1.0,0.5758964879852125
0.1644627038130697,1.0,0.5758964879852125
0.1643343176274233,1.0,0.5758964879852125
0.16420593144177686,1.0,0.5758964879852125
0.16407754525613044,1.0,0.5758964879852125
0.16369238669919117,1.0,0.5758964879852125
0.16356400051354475,1.0,0.5758964879852125
0.16343561432789833,1.0,0.5758964879852125
0.1633072281422519,1.0,0.5758964879852125
0.16317884195660548,1.0,0.5758964879852125
0.16305045577095906,1.0,0.5758964879852125
0.1629220695853126,1.0,0.5758964879852125
0.16279368339966618,1.0,0.5758964879852125
0.16266529721401976,1.0,0.5758964879852125
0.16253691102837334,1.0,0.5758964879852125
0.16240852484272691,1.0,0.5758964879852125
0.1622801386570805,1.0,0.5758964879852125
0.16215175247143407,1.0,0.5758964879852125
0.16202336628578765,1.0,0.5758964879852125
0.16189498010014122,1.0,0.5758964879852125
0.1617665939144948,1.0,0.5758964879852125
0.16163820772884838,1.0,0.5758964879852125
0.16150982154320195,1.0,0.5758964879852125
0.16138143535755553,1.0,0.5758964879852125
0.1612530491719091,1.0,0.5758964879852125
0.16112466298626268,1.0,0.5758964879852125
0.16099627680061626,1.0,0.5758964879852125
0.16086789061496984,1.0,0.5758964879852125
0.16073950442932342,1.0,0.5758964879852125
0.16048273205803057,1.0,0.5758964879852125
0.16035434587238412,1.0,0.5758964879852125
0.1602259596867377,1.0,0.5758964879852125
0.16009757350109127,1.0,0.5758964879852125
0.15996918731544485,1.0,0.5758964879852125
0.15984080112979843,1.0,0.5758964879852125
0.159712414944152,1.0,0.5758964879852125
0.15958402875850558,1.0,0.5758964879852125
0.15945564257285916,1.0,0.5758964879852125
0.15932725638721273,1.0,0.5758964879852125
0.1591988702015663,1.0,0.5758964879852125
0.1590704840159199,1.0,0.5758964879852125
0.15894209783027347,1.0,0.5758964879852125
0.15881371164462704,1.0,0.5758964879852125
0.15868532545898062,1.0,0.5758964879852125
0.1585569392733342,1.0,0.5758964879852125
0.15842855308768777,1.0,0.5758964879852125
0.15830016690204135,1.0,0.5758964879852125
0.15817178071639493,1.0,0.5758964879852125
0.1580433945307485,1.0,0.5758964879852125
0.15791500834510205,1.0,0.5758964879852125
0.1576582359738092,1.0,0.5758964879852125
0.15752984978816278,1.0,0.5758964879852125
0.15740146360251636,1.0,0.5758964879852125
0.15727307741686994,1.0,0.5758964879852125
0.15714469123122352,1.0,0.5758964879852125
0.1570163050455771,1.0,0.5758964879852125
0.15688791885993067,1.0,0.5758964879852125
0.15675953267428425,1.0,0.5758964879852125
0.15663114648863782,1.0,0.5758964879852125
0.1565027603029914,1.0,0.5758964879852125
0.15637437411734498,1.0,0.5758964879852125
0.15624598793169855,1.0,0.5758964879852125
0.15611760174605213,1.0,0.5758964879852125
0.1559892155604057,1.0,0.5758964879852125
0.15586082937475929,1.0,0.5758964879852125
0.15573244318911286,1.0,0.5758964879852125
0.15560405700346644,1.0,0.5758964879852125
0.15547567081782002,1.0,0.5758964879852125
0.15534728463217357,1.0,0.5758964879852125
0.15521889844652714,1.0,0.5758964879852125
0.15509051226088072,1.0,0.5758964879852125
0.1549621260752343,1.0,0.5758964879852125
0.15483373988958787,1.0,0.5758964879852125
0.15470535370394145,1.0,0.5758964879852125
0.1544485813326486,1.0,0.5758964879852125
0.15432019514700218,1.0,0.5758964879852125
0.15419180896135576,1.0,0.5758964879852125
0.15406342277570934,1.0,0.5758964879852125
0.1539350365900629,1.0,0.5758964879852125
0.1538066504044165,1.0,0.5758964879852125
0.15367826421877007,1.0,0.5758964879852125
0.15354987803312364,1.0,0.5758964879852125
0.15342149184747722,1.0,0.5758964879852125
0.1532931056618308,1.0,0.5758964879852125
0.15316471947618437,1.0,0.5758964879852125
0.15303633329053795,1.0,0.5758964879852125
0.1529079471048915,1.0,0.5758964879852125
0.15277956091924508,1.0,0.5758964879852125
0.15265117473359865,1.0,0.5758964879852125
0.15252278854795223,1.0,0.5758964879852125
0.1523944023623058,1.0,0.5758964879852125
0.15226601617665939,1.0,0.5758964879852125
0.15213762999101296,1.0,0.5758964879852125
0.15200924380536654,1.0,0.5758964879852125
0.15188085761972012,1.0,0.5758964879852125
0.1517524714340737,1.0,0.5758964879852125
0.15162408524842727,1.0,0.5758964879852125
0.15149569906278085,1.0,0.5758964879852125
0.15136731287713442,1.0,0.5758964879852125
0.151238926691488,1.0,0.5758964879852125
0.15111054050584158,1.0,0.5758964879852125
0.15098215432019516,1.0,0.5758964879852125
0.15085376813454873,1.0,0.5758964879852125
0.1507253819489023,1.0,0.5758964879852125
0.1505969957632559,1.0,0.5758964879852125
0.15046860957760944,1.0,0.5758964879852125
0.150340223391963,1.0,0.5758964879852125
0.1502118372063166,1.0,0.5758964879852125
0.15008345102067017,1.0,0.5758964879852125
0.14995506483502374,1.0,0.5758964879852125
0.14982667864937732,1.0,0.5758964879852125
0.1496982924637309,1.0,0.5758964879852125
0.14956990627808447,1.0,0.5758964879852125
0.14944152009243805,1.0,0.5758964879852125
0.1491847477211452,1.0,0.5758964879852125
0.14905636153549878,1.0,0.5758964879852125
0.14892797534985236,1.0,0.5758964879852125
0.14879958916420594,1.0,0.5758964879852125
0.14841443060726667,1.0,0.5758964879852125
0.14828604442162024,1.0,0.5758964879852125
0.1480292720503274,1.0,0.5758964879852125
0.14790088586468095,1.0,0.5758964879852125
0.14777249967903452,1.0,0.5758964879852125
0.1476441134933881,1.0,0.5758964879852125
0.14751572730774168,1.0,0.5758964879852125
0.14738734112209526,1.0,0.5758964879852125
0.14725895493644883,1.0,0.5758964879852125
0.147002182565156,1.0,0.5758964879852125
0.14687379637950956,1.0,0.5758964879852125
0.14674541019386314,1.0,0.5758964879852125
0.14661702400821672,1.0,0.5758964879852125
0.1464886378225703,1.0,0.5758964879852125
0.14636025163692387,1.0,0.5758964879852125
0.14623186545127745,1.0,0.5758964879852125
0.14610347926563103,1.0,0.5758964879852125
0.1459750930799846,1.0,0.5758964879852125
0.14584670689433818,1.0,0.5758964879852125
0.14558993452304533,1.0,0.5758964879852125
0.14546154833739888,1.0,0.5758964879852125
0.14533316215175246,1.0,0.5758964879852125
0.14520477596610604,1.0,0.5758964879852125
0.1450763897804596,1.0,0.5758964879852125
0.14469123122352034,1.0,0.5758964879852125
0.14456284503787392,1.0,0.5758964879852125
0.1444344588522275,1.0,0.5758964879852125
0.14430607266658108,1.0,0.5758964879852125
0.1439209141096418,1.0,0.5758964879852125
0.14379252792399538,1.0,0.5758964879852125
0.14366414173834896,1.0,0.5758964879852125
0.14353575555270254,1.0,0.5758964879852125
0.14340736936705611,1.0,0.5758964879852125
0.14315059699576327,1.0,0.5758964879852125
0.14302221081011682,1.0,0.5758964879852125
0.1428938246244704,1.0,0.5758964879852125
0.14276543843882397,1.0,0.5758964879852125
0.14263705225317755,1.0,0.5758964879852125
0.14250866606753113,1.0,0.5758964879852125
0.1423802798818847,1.0,0.5758964879852125
0.14225189369623828,1.0,0.5758964879852125
0.14212350751059186,1.0,0.5758964879852125
0.14199512132494543,1.0,0.5758964879852125
0.141866735139299,1.0,0.5758964879852125
0.1417383489536526,1.0,0.5758964879852125
0.14148157658235974,1.0,0.5758964879852125
0.14135319039671332,1.0,0.5758964879852125
0.14109641802542047,1.0,0.5758964879852125
0.1407112594684812,1.0,0.5758964879852125
0.14058287328283478,1.0,0.5758964879852125
0.14045448709718833,1.0,0.5758964879852125
0.1403261009115419,1.0,0.5758964879852125
0.14019771472589548,1.0,0.5758964879852125
0.14006932854024906,1.0,0.5758964879852125
0.13994094235460264,1.0,0.5758964879852125
0.13981255616895621,1.0,0.5758964879852125
0.13942739761201695,1.0,0.5758964879852125
0.1391706252407241,1.0,0.5758964879852125
0.13904223905507768,1.0,0.5758964879852125
0.13891385286943125,1.0,0.5758964879852125
0.13878546668378483,1.0,0.5758964879852125
0.1386570804981384,1.0,0.5758964879852125
0.13852869431249198,1.0,0.5758964879852125
0.13840030812684556,1.0,0.5758964879852125
0.13827192194119914,1.0,0.5758964879852125
0.13814353575555272,1.0,0.5758964879852125
0.13801514956990626,1.0,0.5758964879852125
0.13788676338425984,1.0,0.5758964879852125
0.13775837719861342,1.0,0.5758964879852125
0.137629991012967,1.0,0.5758964879852125
0.13737321864167415,1.0,0.5758964879852125
0.13724483245602773,1.0,0.5758964879852125
0.13698806008473488,1.0,0.5758964879852125
0.13685967389908846,1.0,0.5758964879852125
0.13673128771344203,1.0,0.5758964879852125
0.1366029015277956,1.0,0.5758964879852125
0.1364745153421492,1.0,0.5758964879852125
0.13634612915650277,1.0,0.5758964879852125
0.13621774297085634,1.0,0.5758964879852125
0.13608935678520992,1.0,0.5758964879852125
0.1359609705995635,1.0,0.5758964879852125
0.13583258441391707,1.0,0.5758964879852125
0.13570419822827065,1.0,0.5758964879852125
0.13557581204262423,1.0,0.5758964879852125
0.13544742585697778,1.0,0.5758964879852125
0.13531903967133135,1.0,0.5758964879852125
0.1350622673000385,1.0,0.5758964879852125
0.13493388111439208,1.0,0.5758964879852125
0.13480549492874566,1.0,0.5758964879852125
0.13467710874309924,1.0,0.5758964879852125
0.13454872255745282,1.0,0.5758964879852125
0.1344203363718064,1.0,0.5758964879852125
0.13429195018615997,1.0,0.5758964879852125
0.13403517781486712,1.0,0.5758964879852125
0.1339067916292207,1.0,0.5758964879852125
0.13377840544357428,1.0,0.5758964879852125
0.13365001925792785,1.0,0.5758964879852125
0.13352163307228143,1.0,0.5758964879852125
0.133393246886635,1.0,0.5758964879852125
0.13326486070098859,1.0,0.5758964879852125
0.13313647451534216,1.0,0.5758964879852125
0.1330080883296957,1.0,0.5758964879852125
0.1328797021440493,1.0,0.5758964879852125
0.13275131595840287,1.0,0.5758964879852125
0.13262292977275644,1.0,0.5758964879852125
0.13249454358711002,1.0,0.5758964879852125
0.1323661574014636,1.0,0.5758964879852125
0.13223777121581717,1.0,0.5758964879852125
0.13210938503017075,1.0,0.5758964879852125
0.13198099884452433,1.0,0.5758964879852125
0.1318526126588779,1.0,0.5758964879852125
0.13172422647323148,1.0,0.5758964879852125
0.13159584028758506,1.0,0.5758964879852125
0.13146745410193864,1.0,0.5758964879852125
0.1313390679162922,1.0,0.5758964879852125
0.1312106817306458,1.0,0.5758964879852125
0.13108229554499937,1.0,0.5758964879852125
0.13095390935935294,1.0,0.5758964879852125
0.13082552317370652,1.0,0.5758964879852125
0.1306971369880601,1.0,0.5758964879852125
0.13056875080241365,1.0,0.5758964879852125
0.13044036461676722,1.0,0.5758964879852125
0.1303119784311208,1.0,0.5758964879852125
0.13018359224547438,1.0,0.5758964879852125
0.13005520605982795,1.0,0.5758964879852125
0.12992681987418153,1.0,0.5758964879852125
0.1297984336885351,1.0,0.5758964879852125
0.12967004750288869,1.0,0.5758964879852125
0.12954166131724226,1.0,0.5758964879852125
0.12941327513159584,1.0,0.5758964879852125
0.12928488894594942,1.0,0.5758964879852125
0.129156502760303,1.0,0.5758964879852125
0.12902811657465657,1.0,0.5758964879852125
0.12889973038901015,1.0,0.5758964879852125
0.12877134420336372,1.0,0.5758964879852125
0.1286429580177173,1.0,0.5758964879852125
0.12851457183207088,1.0,0.5758964879852125
0.12838618564642446,1.0,0.5758964879852125
0.12825779946077803,1.0,0.5758964879852125
0.1281294132751316,1.0,0.5758964879852125
0.12787264090383874,1.0,0.5758964879852125
0.1277442547181923,1.0,0.5758964879852125
0.1276158685325459,1.0,0.5758964879852125
0.12748748234689947,1.0,0.5758964879852125
0.12735909616125304,1.0,0.5758964879852125
0.12723070997560662,1.0,0.5758964879852125
0.1271023237899602,1.0,0.5758964879852125
0.12697393760431377,1.0,0.5758964879852125
0.12684555141866735,1.0,0.5758964879852125
0.12671716523302093,1.0,0.5758964879852125
0.1265887790473745,1.0,0.5758964879852125
0.12646039286172808,1.0,0.5758964879852125
0.12633200667608166,1.0,0.5758964879852125
0.12620362049043524,1.0,0.5758964879852125
0.1260752343047888,1.0,0.5758964879852125
0.1259468481191424,1.0,0.5758964879852125
0.12581846193349597,1.0,0.5758964879852125
0.12569007574784954,1.0,0.5758964879852125
0.1255616895622031,1.0,0.5758964879852125
0.12543330337655667,1.0,0.5758964879852125
0.12530491719091025,1.0,0.5758964879852125
0.12491975863397098,1.0,0.5758964879852125
0.12479137244832456,1.0,0.5758964879852125
0.12466298626267813,1.0,0.5758964879852125
0.12453460007703171,1.0,0.5758964879852125
0.12440621389138529,1.0,0.5758964879852125
0.12427782770573886,1.0,0.5758964879852125
0.12414944152009244,1.0,0.5758964879852125
0.12402105533444602,1.0,0.5758964879852125
0.1238926691487996,1.0,0.5758964879852125
0.12376428296315317,1.0,0.5758964879852125
0.12363589677750673,1.0,0.5758964879852125
0.12350751059186031,1.0,0.5758964879852125
0.12337912440621389,1.0,0.5758964879852125
0.12325073822056747,1.0,0.5758964879852125
0.12299396584927462,1.0,0.5758964879852125
0.1228655796636282,1.0,0.5758964879852125
0.12273719347798177,1.0,0.5758964879852125
0.12260880729233535,1.0,0.5758964879852125
0.12235203492104249,1.0,0.5758964879852125
0.12222364873539607,1.0,0.5758964879852125
0.12209526254974964,1.0,0.5758964879852125
0.1218384901784568,1.0,0.5758964879852125
0.12171010399281038,1.0,0.5758964879852125
0.12158171780716395,1.0,0.5758964879852125
0.12145333162151753,1.0,0.5758964879852125
0.1213249454358711,1.0,0.5758964879852125
0.12119655925022467,1.0,0.5758964879852125
0.12106817306457825,1.0,0.5758964879852125
0.12093978687893182,1.0,0.5758964879852125
0.1208114006932854,1.0,0.5758964879852125
0.12068301450763898,1.0,0.5758964879852125
0.12055462832199255,1.0,0.5758964879852125
0.12042624213634613,1.0,0.5758964879852125
0.12029785595069971,1.0,0.5758964879852125
0.12004108357940686,1.0,0.5758964879852125
0.11991269739376043,1.0,0.5758964879852125
0.119784311208114,1.0,0.5758964879852125
0.11965592502246758,1.0,0.5758964879852125
0.11952753883682116,1.0,0.5758964879852125
0.11939915265117473,1.0,0.5758964879852125
0.11927076646552831,1.0,0.5758964879852125
0.11914238027988189,1.0,0.5758964879852125
0.11901399409423546,1.0,0.5758964879852125
0.11888560790858904,1.0,0.5758964879852125
0.11862883553729618,1.0,0.5758964879852125
0.11850044935164976,1.0,0.5758964879852125
0.11837206316600334,1.0,0.5758964879852125
0.11824367698035691,1.0,0.5758964879852125
0.11811529079471049,1.0,0.5758964879852125
0.11798690460906407,1.0,0.5758964879852125
0.11785851842341764,1.0,0.5758964879852125
0.11773013223777122,1.0,0.5758964879852125
0.1176017460521248,1.0,0.5758964879852125
0.11747335986647836,1.0,0.5758964879852125
0.11734497368083194,1.0,0.5758964879852125
0.11721658749518551,1.0,0.5758964879852125
0.11708820130953909,1.0,0.5758964879852125
0.11695981512389267,1.0,0.5758964879852125
0.11670304275259982,1.0,0.5758964879852125
0.1165746565669534,1.0,0.5758964879852125
0.11644627038130698,1.0,0.5758964879852125
0.11631788419566055,1.0,0.5758964879852125
0.11618949801001412,1.0,0.5758964879852125
0.1160611118243677,1.0,0.5758964879852125
0.11593272563872127,1.0,0.5758964879852125
0.11580433945307485,1.0,0.5758964879852125
0.11567595326742842,1.0,0.5758964879852125
0.115547567081782,1.0,0.5758964879852125
0.11541918089613558,1.0,0.5758964879852125
0.11529079471048916,1.0,0.5758964879852125
0.11516240852484273,1.0,0.5758964879852125
0.1150340223391963,1.0,0.5758964879852125
0.11490563615354987,1.0,0.5758964879852125
0.11477724996790345,1.0,0.5758964879852125
0.11464886378225703,1.0,0.5758964879852125
0.1145204775966106,1.0,0.5758964879852125
0.11439209141096418,1.0,0.5758964879852125
0.11426370522531776,1.0,0.5758964879852125
0.11413531903967133,1.0,0.5758964879852125
0.11400693285402491,1.0,0.5758964879852125
0.11387854666837849,1.0,0.5758964879852125
0.11375016048273205,1.0,0.5758964879852125
0.11362177429708563,1.0,0.5758964879852125
0.1134933881114392,1.0,0.5758964879852125
0.11336500192579278,1.0,0.5758964879852125
0.11323661574014636,1.0,0.5758964879852125
0.11310822955449994,1.0,0.5758964879852125
0.11297984336885351,1.0,0.5758964879852125
0.11285145718320709,1.0,0.5758964879852125
0.11272307099756067,1.0,0.5758964879852125
0.11259468481191424,1.0,0.5758964879852125
0.11246629862626781,1.0,0.5758964879852125
0.11233791244062138,1.0,0.5758964879852125
0.11220952625497496,1.0,0.5758964879852125
0.11208114006932854,1.0,0.5758964879852125
0.11195275388368212,1.0,0.5758964879852125
0.11182436769803569,1.0,0.5758964879852125
0.11169598151238927,1.0,0.5758964879852125
0.11156759532674285,1.0,0.5758964879852125
0.11143920914109642,1.0,0.5758964879852125
0.11131082295544999,1.0,0.5758964879852125
0.11118243676980356,1.0,0.5758964879852125
0.11105405058415714,1.0,0.5758964879852125
0.11092566439851072,1.0,0.5758964879852125
0.11066889202721787,1.0,0.5758964879852125
0.11054050584157145,1.0,0.5758964879852125
0.11041211965592503,1.0,0.5758964879852125
0.1102837334702786,1.0,0.5758964879852125
0.11015534728463218,1.0,0.5758964879852125
0.11002696109898574,1.0,0.5758964879852125
0.10964180254204647,1.0,0.5758964879852125
0.10951341635640005,1.0,0.5758964879852125
0.10938503017075363,1.0,0.5758964879852125
0.1092566439851072,1.0,0.5758964879852125
0.10912825779946078,1.0,0.5758964879852125
0.10899987161381436,1.0,0.5758964879852125
0.10887148542816794,1.0,0.5758964879852125
0.1087430992425215,1.0,0.5758964879852125
0.10861471305687508,1.0,0.5758964879852125
0.10848632687122865,1.0,0.5758964879852125
0.10835794068558223,1.0,0.5758964879852125
0.1082295544999358,1.0,0.5758964879852125
0.10810116831428938,1.0,0.5758964879852125
0.10784439594299654,1.0,0.5758964879852125
0.10758762357170369,1.0,0.5758964879852125
0.10745923738605725,1.0,0.5758964879852125
0.10733085120041083,1.0,0.5758964879852125
0.10720246501476441,1.0,0.5758964879852125
0.10707407882911799,1.0,0.5758964879852125
0.10694569264347156,1.0,0.5758964879852125
0.10681730645782514,1.0,0.5758964879852125
0.10668892027217872,1.0,0.5758964879852125
0.1065605340865323,1.0,0.5758964879852125
0.10643214790088587,1.0,0.5758964879852125
0.10630376171523943,1.0,0.5758964879852125
0.10604698934394659,1.0,0.5758964879852125
0.10566183078700732,1.0,0.5758964879852125
0.10540505841571447,1.0,0.5758964879852125
0.10514828604442163,1.0,0.5758964879852125
0.10501989985877519,1.0,0.5758964879852125
0.10489151367312877,1.0,0.5758964879852125
0.10476312748748234,1.0,0.5758964879852125
0.10463474130183592,1.0,0.5758964879852125
0.1045063551161895,1.0,0.5758964879852125
0.10437796893054307,1.0,0.5758964879852125
0.10424958274489665,1.0,0.5758964879852125
0.10412119655925023,1.0,0.5758964879852125
0.1039928103736038,1.0,0.5758964879852125
0.10386442418795738,1.0,0.5758964879852125
0.10373603800231095,1.0,0.5758964879852125
0.10360765181666452,1.0,0.5758964879852125
0.1034792656310181,1.0,0.5758964879852125
0.10309410707407883,1.0,0.5758964879852125
0.10296572088843241,1.0,0.5758964879852125
0.10283733470278598,1.0,0.5758964879852125
0.10270894851713956,1.0,0.5758964879852125
0.10258056233149312,1.0,0.5758964879852125
0.1024521761458467,1.0,0.5758964879852125
0.10219540377455386,1.0,0.5758964879852125
0.10206701758890743,1.0,0.5758964879852125
0.10193863140326101,1.0,0.5758964879852125
0.10181024521761459,1.0,0.5758964879852125
0.10168185903196816,1.0,0.5758964879852125
0.10155347284632174,1.0,0.5758964879852125
0.10142508666067532,1.0,0.5758964879852125
0.10129670047502888,1.0,0.5758964879852125
0.10116831428938246,1.0,0.5758964879852125
0.10103992810373603,1.0,0.5758964879852125
0.10091154191808961,1.0,0.5758964879852125
0.10078315573244319,1.0,0.5758964879852125
0.10065476954679677,1.0,0.5758964879852125
0.10052638336115034,1.0,0.5758964879852125
0.10039799717550392,1.0,0.5758964879852125
0.1002696109898575,1.0,0.5758964879852125
0.10014122480421107,1.0,0.5758964879852125
0.10001283861856464,1.0,0.5758964879852125
0.09988445243291821,1.0,0.5758964879852125
0.09962768006162537,1.0,0.5758964879852125
0.09949929387597894,1.0,0.5758964879852125
0.09937090769033252,1.0,0.5758964879852125
0.0992425215046861,1.0,0.5758964879852125
0.09911413531903968,1.0,0.5758964879852125
0.09885736294774682,1.0,0.5758964879852125
0.09872897676210039,1.0,0.5758964879852125
0.09860059057645397,1.0,0.5758964879852125
0.09847220439080755,1.0,0.5758964879852125
0.09834381820516112,1.0,0.5758964879852125
0.09795865964822185,1.0,0.5758964879852125
0.09783027346257543,1.0,0.5758964879852125
0.09770188727692901,1.0,0.5758964879852125
0.09757350109128257,1.0,0.5758964879852125
0.09731672871998973,1.0,0.5758964879852125
0.0971883425343433,1.0,0.5758964879852125
0.09705995634869688,1.0,0.5758964879852125
0.09693157016305046,1.0,0.5758964879852125
0.09667479779175761,1.0,0.5758964879852125
0.09654641160611119,1.0,0.5758964879852125
0.09641802542046476,1.0,0.5758964879852125
0.09628963923481833,1.0,0.5758964879852125
0.0961612530491719,1.0,0.5758964879852125
0.09603286686352548,1.0,0.5758964879852125
0.09590448067787906,1.0,0.5758964879852125
0.09577609449223264,1.0,0.5758964879852125
0.09564770830658621,1.0,0.5758964879852125
0.09551932212093979,1.0,0.5758964879852125
0.09539093593529337,1.0,0.5758964879852125
0.09526254974964694,1.0,0.5758964879852125
0.0951341635640005,1.0,0.5758964879852125
0.09500577737835408,1.0,0.5758964879852125
0.09487739119270766,1.0,0.5758964879852125
0.09474900500706124,1.0,0.5758964879852125
0.09462061882141481,1.0,0.5758964879852125
0.09449223263576839,1.0,0.5758964879852125
0.09436384645012197,1.0,0.5758964879852125
0.09410707407882912,1.0,0.5758964879852125
0.0939786878931827,1.0,0.5758964879852125
0.09385030170753626,1.0,0.5758964879852125
0.09372191552188984,1.0,0.5758964879852125
0.09359352933624342,1.0,0.5758964879852125
0.093465143150597,1.0,0.5758964879852125
0.09333675696495057,1.0,0.5758964879852125
0.09320837077930415,1.0,0.5758964879852125
0.09307998459365772,1.0,0.5758964879852125
0.0929515984080113,1.0,0.5758964879852125
0.09282321222236488,1.0,0.5758964879852125
0.09269482603671846,1.0,0.5758964879852125
0.09256643985107202,1.0,0.5758964879852125
0.0924380536654256,1.0,0.5758964879852125
0.09230966747977917,1.0,0.5758964879852125
0.09218128129413275,1.0,0.5758964879852125
0.09205289510848633,1.0,0.5758964879852125
0.09179612273719348,1.0,0.5758964879852125
0.09166773655154706,1.0,0.5758964879852125
0.09153935036590063,1.0,0.5758964879852125
0.0914109641802542,1.0,0.5758964879852125
0.09128257799460777,1.0,0.5758964879852125
0.09115419180896135,1.0,0.5758964879852125
0.09102580562331493,1.0,0.5758964879852125
0.0908974194376685,1.0,0.5758964879852125
0.09076903325202208,1.0,0.5758964879852125
0.09064064706637566,1.0,0.5758964879852125
0.09051226088072924,1.0,0.5758964879852125
0.09038387469508281,1.0,0.5758964879852125
0.09025548850943639,1.0,0.5758964879852125
0.09012710232378995,1.0,0.5758964879852125
0.08999871613814353,1.0,0.5758964879852125
0.08987032995249711,1.0,0.5758964879852125
0.08974194376685068,1.0,0.5758964879852125
0.08961355758120426,1.0,0.5758964879852125
0.08948517139555784,1.0,0.5758964879852125
0.08935678520991142,1.0,0.5758964879852125
0.08922839902426499,1.0,0.5758964879852125
0.08910001283861857,1.0,0.5758964879852125
0.08897162665297215,1.0,0.5758964879852125
0.08884324046732571,1.0,0.5758964879852125
0.08871485428167929,1.0,0.5758964879852125
0.08858646809603286,1.0,0.5758964879852125
0.08845808191038644,1.0,0.5758964879852125
0.08832969572474002,1.0,0.5758964879852125
0.0882013095390936,1.0,0.5758964879852125
0.08807292335344717,1.0,0.5758964879852125
0.08794453716780075,1.0,0.5758964879852125
0.08781615098215433,1.0,0.5758964879852125
0.0876877647965079,1.0,0.5758964879852125
0.08755937861086147,1.0,0.5758964879852125
0.08743099242521504,1.0,0.5758964879852125
0.08730260623956862,1.0,0.5758964879852125
0.0871742200539222,1.0,0.5758964879852125
0.08704583386827577,1.0,0.5758964879852125
0.08678906149698293,1.0,0.5758964879852125
0.0866606753113365,1.0,0.5758964879852125
0.08653228912569008,1.0,0.5758964879852125
0.08640390294004364,1.0,0.5758964879852125
0.08627551675439722,1.0,0.5758964879852125
0.0861471305687508,1.0,0.5758964879852125
0.08601874438310438,1.0,0.5758964879852125
0.08589035819745795,1.0,0.5758964879852125
0.08576197201181153,1.0,0.5758964879852125
0.0856335858261651,1.0,0.5758964879852125
0.08550519964051868,1.0,0.5758964879852125
0.08524842726922584,1.0,0.5758964879852125
0.08499165489793298,1.0,0.5758964879852125
0.08486326871228655,1.0,0.5758964879852125
0.08473488252664013,1.0,0.5758964879852125
0.08460649634099371,1.0,0.5758964879852125
0.08447811015534729,1.0,0.5758964879852125
0.08422133778405444,1.0,0.5758964879852125
0.08409295159840802,1.0,0.5758964879852125
0.08383617922711516,1.0,0.5758964879852125
0.08370779304146873,1.0,0.5758964879852125
0.08357940685582231,1.0,0.5758964879852125
0.08345102067017589,1.0,0.5758964879852125
0.08332263448452946,1.0,0.5758964879852125
0.08319424829888304,1.0,0.5758964879852125
0.08306586211323662,1.0,0.5758964879852125
0.0829374759275902,1.0,0.5758964879852125
0.08280908974194377,1.0,0.5758964879852125
0.08268070355629734,1.0,0.5758964879852125
0.08255231737065091,1.0,0.5758964879852125
0.08242393118500449,1.0,0.5758964879852125
0.08229554499935807,1.0,0.5758964879852125
0.08216715881371164,1.0,0.5758964879852125
0.08203877262806522,1.0,0.5758964879852125
0.0819103864424188,1.0,0.5758964879852125
0.08178200025677237,1.0,0.5758964879852125
0.08165361407112595,1.0,0.5758964879852125
0.08152522788547953,1.0,0.5758964879852125
0.08126845551418667,1.0,0.5758964879852125
0.08114006932854025,1.0,0.5758964879852125
0.08101168314289382,1.0,0.5758964879852125
0.0808832969572474,1.0,0.5758964879852125
0.08075491077160098,1.0,0.5758964879852125
0.08062652458595455,1.0,0.5758964879852125
0.08049813840030813,1.0,0.5758964879852125
0.08036975221466171,1.0,0.5758964879852125
0.08024136602901528,1.0,0.5758964879852125
0.08011297984336885,1.0,0.5758964879852125
0.079856207472076,1.0,0.5758964879852125
0.07972782128642958,1.0,0.5758964879852125
0.07959943510078316,1.0,0.5758964879852125
0.07947104891513673,1.0,0.5758964879852125
0.07934266272949031,1.0,0.5758964879852125
0.07921427654384389,1.0,0.5758964879852125
0.07908589035819746,1.0,0.5758964879852125
0.07895750417255103,1.0,0.5758964879852125
0.0788291179869046,1.0,0.5758964879852125
0.07870073180125818,1.0,0.5758964879852125
0.07844395942996533,1.0,0.5758964879852125
0.07805880087302607,1.0,0.5758964879852125
0.07793041468737964,1.0,0.5758964879852125
0.07780202850173322,1.0,0.5758964879852125
0.07767364231608678,1.0,0.5758964879852125
0.07754525613044036,1.0,0.5758964879852125
0.07741686994479394,1.0,0.5758964879852125
0.07728848375914751,1.0,0.5758964879852125
0.07716009757350109,1.0,0.5758964879852125
0.07703171138785467,1.0,0.5758964879852125
0.07677493901656182,1.0,0.5758964879852125
0.0766465528309154,1.0,0.5758964879852125
0.07638978045962254,1.0,0.5758964879852125
0.07626139427397612,1.0,0.5758964879852125
0.07613300808832969,1.0,0.5758964879852125
0.07600462190268327,1.0,0.5758964879852125
0.075619463345744,1.0,0.5758964879852125
0.07549107716009758,1.0,0.5758964879852125
0.07536269097445115,1.0,0.5758964879852125
0.07523430478880472,1.0,0.5758964879852125
0.07497753241751187,1.0,0.5758964879852125
0.07484914623186545,1.0,0.5758964879852125
0.07472076004621903,1.0,0.5758964879852125
0.0745923738605726,1.0,0.5758964879852125
0.07446398767492618,1.0,0.5758964879852125
0.07433560148927976,1.0,0.5758964879852125
0.07420721530363333,1.0,0.5758964879852125
0.07407882911798691,1.0,0.5758964879852125
0.07395044293234047,1.0,0.5758964879852125
0.07382205674669405,1.0,0.5758964879852125
0.07369367056104763,1.0,0.5758964879852125
0.0735652843754012,1.0,0.5758964879852125
0.07330851200410836,1.0,0.5758964879852125
0.07318012581846194,1.0,0.5758964879852125
0.07305173963281551,1.0,0.5758964879852125
0.07292335344716909,1.0,0.5758964879852125
0.07279496726152267,1.0,0.5758964879852125
0.07266658107587623,1.0,0.5758964879852125
0.0725381948902298,1.0,0.5758964879852125
0.07240980870458338,1.0,0.5758964879852125
0.07228142251893696,1.0,0.5758964879852125
0.07215303633329054,1.0,0.5758964879852125
0.07202465014764411,1.0,0.5758964879852125
0.07189626396199769,1.0,0.5758964879852125
0.07176787777635127,1.0,0.5758964879852125
0.07163949159070485,1.0,0.5758964879852125
0.07151110540505841,1.0,0.5758964879852125
0.07138271921941199,1.0,0.5758964879852125
0.07125433303376556,1.0,0.5758964879852125
0.07112594684811914,1.0,0.5758964879852125
0.07099756066247272,1.0,0.5758964879852125
0.0708691744768263,1.0,0.5758964879852125
0.07074078829117987,1.0,0.5758964879852125
0.07061240210553345,1.0,0.5758964879852125
0.0703556297342406,1.0,0.5758964879852125
0.07022724354859416,1.0,0.5758964879852125
0.07009885736294774,1.0,0.5758964879852125
0.06997047117730132,1.0,0.5758964879852125
0.0698420849916549,1.0,0.5758964879852125
0.06971369880600847,1.0,0.5758964879852125
0.06958531262036205,1.0,0.5758964879852125
0.06945692643471563,1.0,0.5758964879852125
0.0693285402490692,1.0,0.5758964879852125
0.06920015406342278,1.0,0.5758964879852125
0.06907176787777636,1.0,0.5758964879852125
0.06894338169212992,1.0,0.5758964879852125
0.0688149955064835,1.0,0.5758964879852125
0.06868660932083707,1.0,0.5758964879852125
0.06855822313519065,1.0,0.5758964879852125
0.06842983694954423,1.0,0.5758964879852125
0.0683014507638978,1.0,0.5758964879852125
0.06817306457825138,1.0,0.5758964879852125
0.06804467839260496,1.0,0.5758964879852125
0.06791629220695854,1.0,0.5758964879852125
0.06778790602131211,1.0,0.5758964879852125
0.06765951983566568,1.0,0.5758964879852125
0.06753113365001925,1.0,0.5758964879852125
0.06740274746437283,1.0,0.5758964879852125
0.06727436127872641,1.0,0.5758964879852125
0.06714597509307998,1.0,0.5758964879852125
0.06701758890743356,1.0,0.5758964879852125
0.06676081653614072,1.0,0.5758964879852125
0.06663243035049429,1.0,0.5758964879852125
0.06650404416484786,1.0,0.5758964879852125
0.06637565797920143,1.0,0.5758964879852125
0.06624727179355501,1.0,0.5758964879852125
0.06611888560790859,1.0,0.5758964879852125
0.06599049942226216,1.0,0.5758964879852125
0.06586211323661574,1.0,0.5758964879852125
0.06573372705096932,1.0,0.5758964879852125
0.0656053408653229,1.0,0.5758964879852125
0.06547695467967647,1.0,0.5758964879852125
0.06534856849403005,1.0,0.5758964879852125
0.06522018230838361,1.0,0.5758964879852125
0.06509179612273719,1.0,0.5758964879852125
0.06496340993709077,1.0,0.5758964879852125
0.06483502375144434,1.0,0.5758964879852125
0.06470663756579792,1.0,0.5758964879852125
0.0645782513801515,1.0,0.5758964879852125
0.06444986519450507,1.0,0.5758964879852125
0.06432147900885865,1.0,0.5758964879852125
0.0640647066375658,1.0,0.5758964879852125
0.06393632045191937,1.0,0.5758964879852125
0.06380793426627294,1.0,0.5758964879852125
0.06367954808062652,1.0,0.5758964879852125
0.0635511618949801,1.0,0.5758964879852125
0.06342277570933368,1.0,0.5758964879852125
0.06329438952368725,1.0,0.5758964879852125
0.06316600333804083,1.0,0.5758964879852125
0.06290923096674798,1.0,0.5758964879852125
0.06278084478110155,1.0,0.5758964879852125
0.06265245859545512,1.0,0.5758964879852125
0.0625240724098087,1.0,0.5758964879852125
0.062267300038515855,1.0,0.5758964879852125
0.06213891385286943,1.0,0.5758964879852125
0.06201052766722301,1.0,0.5758964879852125
0.061882141481576586,1.0,0.5758964879852125
0.061753755295930156,1.0,0.5758964879852125
0.06162536911028373,1.0,0.5758964879852125
0.06149698292463731,1.0,0.5758964879852125
0.06136859673899089,1.0,0.5758964879852125
0.06124021055334446,1.0,0.5758964879852125
0.061111824367698034,1.0,0.5758964879852125
0.06098343818205161,1.0,0.5758964879852125
0.060726665810758765,1.0,0.5758964879852125
0.06046989343946591,1.0,0.5758964879852125
0.06034150725381949,1.0,0.5758964879852125
0.06008473488252664,1.0,0.5758964879852125
0.05995634869688021,1.0,0.5758964879852125
0.05982796251123379,1.0,0.5758964879852125
0.05969957632558737,1.0,0.5758964879852125
0.05944280395429452,1.0,0.5758964879852125
0.05931441776864809,1.0,0.5758964879852125
0.059057645397355245,1.0,0.5758964879852125
0.05892925921170882,1.0,0.5758964879852125
0.0588008730260624,1.0,0.5758964879852125
0.05867248684041597,1.0,0.5758964879852125
0.058544100654769546,1.0,0.5758964879852125
0.05841571446912312,1.0,0.5758964879852125
0.0582873282834767,1.0,0.5758964879852125
0.05815894209783028,1.0,0.5758964879852125
0.05803055591218385,1.0,0.5758964879852125
0.057902169726537424,1.0,0.5758964879852125
0.057773783540891,1.0,0.5758964879852125
0.05764539735524458,1.0,0.5758964879852125
0.05751701116959815,1.0,0.5758964879852125
0.057388624983951725,1.0,0.5758964879852125
0.05713185261265888,1.0,0.5758964879852125
0.057003466427012456,1.0,0.5758964879852125
0.056875080241366026,1.0,0.5758964879852125
0.0567466940557196,1.0,0.5758964879852125
0.05661830787007318,1.0,0.5758964879852125
0.05648992168442676,1.0,0.5758964879852125
0.056361535498780334,1.0,0.5758964879852125
0.056233149313133904,1.0,0.5758964879852125
0.05610476312748748,1.0,0.5758964879852125
0.05597637694184106,1.0,0.5758964879852125
0.055847990756194635,1.0,0.5758964879852125
0.05559121838490178,1.0,0.5758964879852125
0.05546283219925536,1.0,0.5758964879852125
0.055334446013608936,1.0,0.5758964879852125
0.05507767364231609,1.0,0.5758964879852125
0.05494928745666966,1.0,0.5758964879852125
0.05482090127102324,1.0,0.5758964879852125
0.054692515085376814,1.0,0.5758964879852125
0.05456412889973039,1.0,0.5758964879852125
0.05443574271408397,1.0,0.5758964879852125
0.05430735652843754,1.0,0.5758964879852125
0.054178970342791115,1.0,0.5758964879852125
0.05405058415714469,1.0,0.5758964879852125
0.05392219797149827,1.0,0.5758964879852125
0.053793811785851846,1.0,0.5758964879852125
0.053665425600205416,1.0,0.5758964879852125
0.05353703941455899,1.0,0.5758964879852125
0.05340865322891257,1.0,0.5758964879852125
0.05328026704326615,1.0,0.5758964879852125
0.05315188085761972,1.0,0.5758964879852125
0.053023494671973294,1.0,0.5758964879852125
0.05289510848632687,1.0,0.5758964879852125
0.05276672230068045,1.0,0.5758964879852125
0.052638336115034025,1.0,0.5758964879852125
0.052509949929387595,1.0,0.5758964879852125
0.05238156374374117,1.0,0.5758964879852125
0.052124791372448326,1.0,0.5758964879852125
0.0519964051868019,1.0,0.5758964879852125
0.05186801900115547,1.0,0.5758964879852125
0.05173963281550905,1.0,0.5758964879852125
0.05161124662986263,1.0,0.5758964879852125
0.051482860444216204,1.0,0.5758964879852125
0.05135447425856978,1.0,0.5758964879852125
0.05122608807292335,1.0,0.5758964879852125
0.05109770188727693,1.0,0.5758964879852125
0.050969315701630505,1.0,0.5758964879852125
0.05084092951598408,1.0,0.5758964879852125
0.05071254333033766,1.0,0.5758964879852125
0.05058415714469123,1.0,0.5758964879852125
0.050455770959044806,1.0,0.5758964879852125
0.05032738477339838,1.0,0.5758964879852125
0.05019899858775196,1.0,0.5758964879852125
0.05007061240210554,1.0,0.5758964879852125
0.04994222621645911,1.0,0.5758964879852125
0.049813840030812684,1.0,0.5758964879852125
0.04955706765951984,1.0,0.5758964879852125
0.04942868147387341,1.0,0.5758964879852125
0.049300295288226985,1.0,0.5758964879852125
0.04917190910258056,1.0,0.5758964879852125
0.04904352291693414,1.0,0.5758964879852125
0.048915136731287716,1.0,0.5758964879852125
0.04865836435999486,1.0,0.5758964879852125
0.04852997817434844,1.0,0.5758964879852125
0.04840159198870202,1.0,0.5758964879852125
0.048273205803055594,1.0,0.5758964879852125
0.048144819617409164,1.0,0.5758964879852125
0.04801643343176274,1.0,0.5758964879852125
0.04788804724611632,1.0,0.5758964879852125
0.047759661060469895,1.0,0.5758964879852125
0.04763127487482347,1.0,0.5758964879852125
0.04750288868917704,1.0,0.5758964879852125
0.04737450250353062,1.0,0.5758964879852125
0.047246116317884196,1.0,0.5758964879852125
0.04698934394659135,1.0,0.5758964879852125
0.04686095776094492,1.0,0.5758964879852125
0.0467325715752985,1.0,0.5758964879852125
0.046604185389652074,1.0,0.5758964879852125
0.04647579920400565,1.0,0.5758964879852125
0.04634741301835923,1.0,0.5758964879852125
0.0462190268327128,1.0,0.5758964879852125
0.04596225446141995,1.0,0.5758964879852125
0.04583386827577353,1.0,0.5758964879852125
0.0457054820901271,1.0,0.5758964879852125
0.04544870971883425,1.0,0.5758964879852125
0.04532032353318783,1.0,0.5758964879852125
0.04519193734754141,1.0,0.5758964879852125
0.04506355116189498,1.0,0.5758964879852125
0.04467839260495571,1.0,0.5758964879852125
0.044421620233662855,1.0,0.5758964879852125
0.04416484786237001,1.0,0.5758964879852125
0.04377968930543073,1.0,0.5758964879852125
0.04365130311978431,1.0,0.5758964879852125
0.04352291693413789,1.0,0.5758964879852125
0.043394530748491464,1.0,0.5758964879852125
0.04313775837719861,1.0,0.5758964879852125
0.04300937219155219,1.0,0.5758964879852125
0.042880986005905765,1.0,0.5758964879852125
0.04275259982025934,1.0,0.5758964879852125
0.04262421363461292,1.0,0.5758964879852125
0.04249582744896649,1.0,0.5758964879852125
0.042367441263320066,1.0,0.5758964879852125
0.04223905507767364,1.0,0.5758964879852125
0.04211066889202722,1.0,0.5758964879852125
0.0419822827063808,1.0,0.5758964879852125
0.04185389652073437,1.0,0.5758964879852125
0.041725510335087944,1.0,0.5758964879852125
0.04159712414944152,1.0,0.5758964879852125
0.0414687379637951,1.0,0.5758964879852125
0.04134035177814867,1.0,0.5758964879852125
0.041211965592502245,1.0,0.5758964879852125
0.04108357940685582,1.0,0.5758964879852125
0.0409551932212094,1.0,0.5758964879852125
0.040826807035562976,1.0,0.5758964879852125
0.040698420849916546,1.0,0.5758964879852125
0.04057003466427012,1.0,0.5758964879852125
0.0404416484786237,1.0,0.5758964879852125
0.04031326229297728,1.0,0.5758964879852125
0.040184876107330854,1.0,0.5758964879852125
0.039928103736038,1.0,0.5758964879852125
0.03979971755039158,1.0,0.5758964879852125
0.039671331364745155,1.0,0.5758964879852125
0.03954294517909873,1.0,0.5758964879852125
0.0394145589934523,1.0,0.5758964879852125
0.03928617280780588,1.0,0.5758964879852125
0.039157786622159456,1.0,0.5758964879852125
0.03902940043651303,1.0,0.5758964879852125
0.03877262806522018,1.0,0.5758964879852125
0.03864424187957376,1.0,0.5758964879852125
0.038515855693927334,1.0,0.5758964879852125
0.03838746950828091,1.0,0.5758964879852125
0.03813069713698806,1.0,0.5758964879852125
0.038002310951341635,1.0,0.5758964879852125
0.03787392476569521,1.0,0.5758964879852125
0.03774553858004879,1.0,0.5758964879852125
0.03761715239440236,1.0,0.5758964879852125
0.037488766208755936,1.0,0.5758964879852125
0.03736038002310951,1.0,0.5758964879852125
0.03723199383746309,1.0,0.5758964879852125
0.03710360765181667,1.0,0.5758964879852125
0.03697522146617024,1.0,0.5758964879852125
0.036846835280523814,1.0,0.5758964879852125
0.03671844909487739,1.0,0.5758964879852125
0.03659006290923097,1.0,0.5758964879852125
0.036461676723584545,1.0,0.5758964879852125
0.036333290537938115,1.0,0.5758964879852125
0.035948131980998846,1.0,0.5758964879852125
0.03581974579535242,1.0,0.5758964879852125
0.03569135960970599,1.0,0.5758964879852125
0.03556297342405957,1.0,0.5758964879852125
0.03543458723841315,1.0,0.5758964879852125
0.0351778148671203,1.0,0.5758964879852125
0.03504942868147387,1.0,0.5758964879852125
0.034792656310181025,1.0,0.5758964879852125
0.0346642701245346,1.0,0.5758964879852125
0.03453588393888818,1.0,0.5758964879852125
0.03440749775324175,1.0,0.5758964879852125
0.034279111567595326,1.0,0.5758964879852125
0.0341507253819489,1.0,0.5758964879852125
0.03402233919630248,1.0,0.5758964879852125
0.03389395301065606,1.0,0.5758964879852125
0.03376556682500963,1.0,0.5758964879852125
0.033637180639363204,1.0,0.5758964879852125
0.03350879445371678,1.0,0.5758964879852125
0.03325202208242393,1.0,0.5758964879852125
0.03299524971113108,1.0,0.5758964879852125
0.03286686352548466,1.0,0.5758964879852125
0.032738477339838236,1.0,0.5758964879852125
0.032610091154191806,1.0,0.5758964879852125
0.03248170496854538,1.0,0.5758964879852125
0.03235331878289896,1.0,0.5758964879852125
0.03222493259725254,1.0,0.5758964879852125
0.032096546411606114,1.0,0.5758964879852125
0.031968160225959684,1.0,0.5758964879852125
0.03183977404031326,1.0,0.5758964879852125
0.03171138785466684,1.0,0.5758964879852125
0.031583001669020415,1.0,0.5758964879852125
0.03145461548337399,1.0,0.5758964879852125
0.03132622929772756,1.0,0.5758964879852125
0.031069456926434716,1.0,0.5758964879852125
0.030684298369495443,1.0,0.5758964879852125
0.030555912183849017,1.0,0.5758964879852125
0.030427525998202594,1.0,0.5758964879852125
0.030299139812556167,1.0,0.5758964879852125
0.029913981255616895,1.0,0.5758964879852125
0.029785595069970472,1.0,0.5758964879852125
0.0294004365130312,1.0,0.5758964879852125
0.029015277956091923,1.0,0.5758964879852125
0.0288868917704455,1.0,0.5758964879852125
0.028501733213506228,1.0,0.5758964879852125
0.02824496084221338,1.0,0.5758964879852125
0.028116574656566952,1.0,0.5758964879852125
0.02798818847092053,1.0,0.5758964879852125
0.027859802285274106,1.0,0.5758964879852125
0.027603029913981256,1.0,0.5758964879852125
0.02747464372833483,1.0,0.5758964879852125
0.027217871357041984,1.0,0.5758964879852125
0.027089485171395557,1.0,0.5758964879852125
0.026961098985749134,1.0,0.5758964879852125
0.026832712800102708,1.0,0.5758964879852125
0.026704326614456285,1.0,0.5758964879852125
0.02657594042880986,1.0,0.5758964879852125
0.026447554243163435,1.0,0.5758964879852125
0.026319168057517012,1.0,0.5758964879852125
0.026190781871870586,1.0,0.5758964879852125
0.026062395686224163,1.0,0.5758964879852125
0.025934009500577736,1.0,0.5758964879852125
0.025805623314931313,1.0,0.5758964879852125
0.02567723712928489,1.0,0.5758964879852125
0.025548850943638464,1.0,0.5758964879852125
0.02542046475799204,1.0,0.5758964879852125
0.025292078572345614,1.0,0.5758964879852125
0.02516369238669919,1.0,0.5758964879852125
0.02503530620105277,1.0,0.5758964879852125
0.024906920015406342,1.0,0.5758964879852125
0.02477853382975992,1.0,0.5758964879852125
0.024650147644113492,1.0,0.5758964879852125
0.02452176145846707,1.0,0.5758964879852125
0.02426498908717422,1.0,0.5758964879852125
0.024136602901527797,1.0,0.5758964879852125
0.02400821671588137,1.0,0.5758964879852125
0.023879830530234947,1.0,0.5758964879852125
0.02375144434458852,1.0,0.5758964879852125
0.023623058158942098,1.0,0.5758964879852125
0.023494671973295675,1.0,0.5758964879852125
0.02336628578764925,1.0,0.5758964879852125
0.023237899602002825,1.0,0.5758964879852125
0.0231095134163564,1.0,0.5758964879852125
0.022981127230709976,1.0,0.5758964879852125
0.02285274104506355,1.0,0.5758964879852125
0.022724354859417126,1.0,0.5758964879852125
0.022595968673770703,1.0,0.5758964879852125
0.022467582488124277,1.0,0.5758964879852125
0.022339196302477854,1.0,0.5758964879852125
0.022082423931185004,1.0,0.5758964879852125
0.02195403774553858,1.0,0.5758964879852125
0.021825651559892155,1.0,0.5758964879852125
0.021697265374245732,1.0,0.5758964879852125
0.021568879188599305,1.0,0.5758964879852125
0.021440493002952882,1.0,0.5758964879852125
0.021183720631660033,1.0,0.5758964879852125
0.02105533444601361,1.0,0.5758964879852125
0.020926948260367183,1.0,0.5758964879852125
0.02079856207472076,1.0,0.5758964879852125
0.020670175889074334,1.0,0.5758964879852125
0.02054178970342791,1.0,0.5758964879852125
0.02028501733213506,1.0,0.5758964879852125
0.02015663114648864,1.0,0.5758964879852125
0.020028244960842212,1.0,0.5758964879852125
0.01989985877519579,1.0,0.5758964879852125
0.019771472589549366,1.0,0.5758964879852125
0.01964308640390294,1.0,0.5758964879852125
0.019514700218256516,1.0,0.5758964879852125
0.01938631403261009,1.0,0.5758964879852125
0.019257927846963667,1.0,0.5758964879852125
0.019129541661317244,1.0,0.5758964879852125
0.019001155475670817,1.0,0.5758964879852125
0.018872769290024394,1.0,0.5758964879852125
0.018744383104377968,1.0,0.5758964879852125
0.018615996918731545,1.0,0.5758964879852125
0.01848761073308512,1.0,0.5758964879852125
0.018359224547438695,1.0,0.5758964879852125
0.018230838361792272,1.0,0.5758964879852125
0.018102452176145846,1.0,0.5758964879852125
0.017974065990499423,1.0,0.5758964879852125
0.017845679804852996,1.0,0.5758964879852125
0.017717293619206573,1.0,0.5758964879852125
0.01758890743356015,1.0,0.5758964879852125
0.017460521247913724,1.0,0.5758964879852125
0.0173321350622673,1.0,0.5758964879852125
0.017203748876620874,1.0,0.5758964879852125
0.01707536269097445,1.0,0.5758964879852125
0.016818590319681602,1.0,0.5758964879852125
0.01669020413403518,1.0,0.5758964879852125
0.016561817948388752,1.0,0.5758964879852125
0.01643343176274233,1.0,0.5758964879852125
0.016305045577095903,1.0,0.5758964879852125
0.01617665939144948,1.0,0.5758964879852125
0.016048273205803057,1.0,0.5758964879852125
0.01591988702015663,1.0,0.5758964879852125
0.015791500834510207,1.0,0.5758964879852125
0.01566311464886378,1.0,0.5758964879852125
0.015534728463217358,1.0,0.5758964879852125
0.015406342277570933,1.0,0.5758964879852125
0.015277956091924508,1.0,0.5758964879852125
0.015149569906278084,1.0,0.5758964879852125
0.01502118372063166,1.0,0.5758964879852125
0.014892797534985236,1.0,0.5758964879852125
0.014764411349338811,1.0,0.5758964879852125
0.014636025163692386,1.0,0.5758964879852125
0.014507638978045962,1.0,0.5758964879852125
0.014379252792399537,1.0,0.5758964879852125
0.014250866606753114,1.0,0.5758964879852125
0.01412248042110669,1.0,0.5758964879852125
0.013994094235460264,1.0,0.5758964879852125
0.01386570804981384,1.0,0.5758964879852125
0.013737321864167415,1.0,0.5758964879852125
0.013608935678520992,1.0,0.5758964879852125
0.013480549492874567,1.0,0.5758964879852125
0.013352163307228142,1.0,0.5758964879852125
0.013223777121581718,1.0,0.5758964879852125
0.013095390935935293,1.0,0.5758964879852125
0.012967004750288868,1.0,0.5758964879852125
0.012838618564642445,1.0,0.5758964879852125
0.012581846193349596,1.0,0.5758964879852125
0.012453460007703171,1.0,0.5758964879852125
0.012325073822056746,1.0,0.5758964879852125
0.012196687636410321,1.0,0.5758964879852125
0.012068301450763898,1.0,0.5758964879852125
0.011939915265117474,1.0,0.5758964879852125
0.011683142893824624,1.0,0.5758964879852125
0.0115547567081782,1.0,0.5758964879852125
0.011426370522531775,1.0,0.5758964879852125
0.011297984336885352,1.0,0.5758964879852125
0.011169598151238927,1.0,0.5758964879852125
0.011041211965592502,1.0,0.5758964879852125
0.010912825779946077,1.0,0.5758964879852125
0.010784439594299653,1.0,0.5758964879852125
0.01065605340865323,1.0,0.5758964879852125
0.010527667223006805,1.0,0.5758964879852125
0.01039928103736038,1.0,0.5758964879852125
0.010270894851713955,1.0,0.5758964879852125
0.01014250866606753,1.0,0.5758964879852125
0.010014122480421106,1.0,0.5758964879852125
0.009885736294774683,1.0,0.5758964879852125
0.009757350109128258,1.0,0.5758964879852125
0.009628963923481833,1.0,0.5758964879852125
0.009500577737835409,1.0,0.5758964879852125
0.009372191552188984,1.0,0.5758964879852125
0.00924380536654256,1.0,0.5758964879852125
0.009115419180896136,1.0,0.5758964879852125
0.008987032995249711,1.0,0.5758964879852125
0.008858646809603287,1.0,0.5758964879852125
0.008730260623956862,1.0,0.5758964879852125
0.008601874438310437,1.0,0.5758964879852125
0.008473488252664014,1.0,0.5758964879852125
0.00834510206701759,1.0,0.5758964879852125
0.008216715881371165,1.0,0.5758964879852125
0.00808832969572474,1.0,0.5758964879852125
0.007959943510078315,1.0,0.5758964879852125
0.00783155732443189,1.0,0.5758964879852125
0.007703171138785467,1.0,0.5758964879852125
0.007574784953139042,1.0,0.5758964879852125
0.007446398767492618,1.0,0.5758964879852125
0.0071896263961997685,1.0,0.5758964879852125
0.00693285402490692,1.0,0.5758964879852125
0.006804467839260496,1.0,0.5758964879852125
0.006676081653614071,1.0,0.5758964879852125
0.0065476954679676465,1.0,0.5758964879852125
0.006419309282321223,1.0,0.5758964879852125
0.006290923096674798,1.0,0.5758964879852125
0.006162536911028373,1.0,0.5758964879852125
0.006034150725381949,1.0,0.5758964879852125
0.0059057645397355245,1.0,0.5758964879852125
0.0057773783540891,1.0,0.5758964879852125
0.005648992168442676,1.0,0.5758964879852125
0.005520605982796251,1.0,0.5758964879852125
0.005392219797149826,1.0,0.5758964879852125
0.0052638336115034025,1.0,0.5758964879852125
0.005135447425856978,1.0,0.5758964879852125
0.005007061240210553,1.0,0.5758964879852125
0.004750288868917704,1.0,0.5758964879852125
0.00462190268327128,1.0,0.5758964879852125
0.004493516497624856,1.0,0.5758964879852125
0.004365130311978431,1.0,0.5758964879852125
0.004236744126332007,1.0,0.5758964879852125
0.004108357940685582,1.0,0.5758964879852125
0.003979971755039158,1.0,0.5758964879852125
0.0038515855693927333,1.0,0.5758964879852125
0.003723199383746309,1.0,0.5758964879852125
0.0035948131980998842,1.0,0.5758964879852125
0.00346642701245346,1.0,0.5758964879852125
0.0033380408268070356,1.0,0.5758964879852125
0.0032096546411606113,1.0,0.5758964879852125
0.0030812684555141866,1.0,0.5758964879852125
0.0029528822698677622,1.0,0.5758964879852125
0.002824496084221338,1.0,0.5758964879852125
0.002696109898574913,1.0,0.5758964879852125
0.002567723712928489,1.0,0.5758964879852125
0.0024393375272820646,1.0,0.5758964879852125
0.0021825651559892155,1.0,0.5758964879852125
0.002054178970342791,1.0,0.5758964879852125
0.0019257927846963667,1.0,0.5758964879852125
0.0015406342277570933,1.0,0.5758964879852125
0.001412248042110669,1.0,0.5758964879852125
0.0012838618564642444,1.0,0.5758964879852125
0.00115547567081782,1.0,0.5758964879852125
0.0008987032995249711,1.0,0.5758964879852125
0.0007703171138785466,1.0,0.5758964879852125
0.0006419309282321222,1.0,0.5758964879852125
0.0005135447425856978,1.0,0.5758964879852125
0.0003851585569392733,1.0,0.5758964879852125
0.00012838618564642445,1.0,0.5758964879852125
0.0,1.0,0.5758964879852125
